Sentence #,chittagong_word,bio_tag
Sentence: 1,কেন,O
,আচো,O
Sentence: 2,আযিয়া,O
,আর,O
,মন,O
,বালা,O
,নাই,O
Sentence: 3,তুঁই,O
,কি,O
,গরো,O
Sentence: 4,এই,O
,গরমত,O
,আত্তুন,O
,কিচু,O
,বালা,O
,ন,O
,লাগের,O
Sentence: 5,ফোয়াইবা,O
,সাদা,B-COL
,রংওর,I-COL
,উজ্ঞা,O
,শার্ট,B-OBJ
,ফরি,O
,আইস্যিল,O
Sentence: 6,মাইফোয়াইবা,O
,লাল,B-COL
,রংওর,I-COL
,শারি,B-OBJ
,ফরি,O
,আঁর,O
,লই,O
,দেহা,O
,গইর্,O
,তো,O
,আইস্যে,O
Sentence: 7,ফোয়াইবা,O
,সিলেটত্তুন,B-LOC
,ঢাহা,B-LOC
,আইস্যে,O
Sentence: 8,মাইফোয়া,O
,ইবা,O
,সিলেটত্তুন,B-LOC
,আইস্যেদে,O
,ফোয়া,O
,ইবারে,O
,বঊত,O
,বালবাসে,O
Sentence: 9,ফোয়াইবা,O
,মাইফোয়া,O
,ইবারে,O
,আইযো,O
,বালবাসার,O
,চোকে,O
,ন,O
,দেহে,O
Sentence: 10,মাইফোয়া,O
,ইবা,O
,তার,O
,বেজ্ঞিন,O
,সফ্নর,O
,মইদ্দে,O
,ফোয়াইবারে,O
,কল্ফনা,O
,গরে,O
Sentence: 11,আঁর,O
,বউতদিন,O
,আগে,O
,এব্বার,O
,বিয়া,O
,অইল,O
Sentence: 12,আঁর,O
,মা,B-REL
,আঁরে,O
,হইল,O
,বিয়া,O
,অইলে,O
,জিবন,O
,ফাল্টি,O
,যা,O
,গই,O
Sentence: 13,আম্মু,B-REL
,অইদিন,O
,টিক,O
,হতাই,O
,হইল,O
Sentence: 14,আম্মু,B-REL
,এগাযা,O
,আঁর,O
,মনোর,O
,হতা,O
,বুজে,O
Sentence: 15,আঁর,O
,বাসার,O
,হাজর,B-ROLE
,মাইফোয়া,I-ROLE
,ইবা,O
,ইয়া,O
,গম,O
,গরি,O
,হাজ,O
,গরিত,O
,ন,O
,ফারে,O
Sentence: 16,আঁর,O
,বাসার,O
,হাজর,B-ROLE
,মাইফোয়া,I-ROLE
,ইবা,O
,দুইদিন,O
,অর,O
,দাই,O
,গিয়্যুয়,O
Sentence: 17,আঁর,O
,বাসার,B-LOC
,দারোয়ান,B-ROLE
,এহন,O
,ইতার,O
,গেরামত,B-LOC
,বেরাইত,O
,গেয়্যে,O
Sentence: 18,তোঁয়ারে,O
,আঁই,O
,কল,O
,ন,O
,দিয়ুম,O
Sentence: 19,এই,O
,জিনিসসান,O
,কুব,O
,বিরক্তিকর,O
,আচিল,O
Sentence: 20,ইতে,O
,সিলেটত্তুন,B-LOC
,আঁর,O
,ফোয়ারে,O
,দেহা,O
,গইরতো,O
,আইস্যে,O
Sentence: 21,ইতে,O
,এহন,O
,রাজশাহী,B-LOC
,গেইয়্যুই,O
Sentence: 22,ইতে,O
,এহন,O
,তার,O
,বন্দুওক্কলর,B-REL
,ফোয়ারে,O
,সিগেট,B-OBJ
,হায়,O
Sentence: 23,এতে,O
,এব্বেরেও,O
,ন,O
,আসে,O
Sentence: 24,এতে,O
,আঁরে,O
,অফমান,O
,গইরগে,O
Sentence: 25,ইতাত্তুন,O
,বই,B-OBJ
,ফইরতো,O
,এফফোডাও,O
,গম,O
,ন,O
,লাগে,O
Sentence: 26,অনর,O
,কি,O
,বই,B-OBJ
,ফরার,O
,অব্বাস,O
,আচে,O
,নে,O
Sentence: 27,তুঁই,O
,কি,O
,আঁরে,O
,চিনো,O
,নে,O
Sentence: 28,আঁই,O
,তোয়াঁরে,O
,চিনিত,O
,ন,O
,ফাইরলাম,O
Sentence: 29,আঁই,O
,তোয়াঁরে,O
,আগে,O
,হনো,O
,অত্তে,O
,ন,O
,দেহি,O
Sentence: 30,আঁত্তুন,O
,ফরালেহা,O
,গইরতো,O
,এফফোডাও,O
,গম,O
,ন,O
,লাগে,O
Sentence: 31,অনর,O
,ফরালেহা,O
,গরা,O
,উচিত,O
Sentence: 32,অনোত্তুন,O
,ফরালেহা,O
,গরা,O
,ফরিবো,O
Sentence: 33,অনর,O
,কি,O
,ফরালেহা,O
,গইরতো,O
,এব্বেরেও,O
,গম,O
,ন,O
,লাগে,O
Sentence: 34,তোত্তুন,O
,ফরালেহা,O
,গরা,O
,ফরিবো,O
Sentence: 35,তুই,O
,কি,O
,আর,O
,ফরালেহা,O
,ন,O
,গরিবি,O
Sentence: 36,তুই,O
,কি,O
,ফরালেহা,O
,চারি,O
,দিতো,O
,চস,O
,নিকি,O
Sentence: 37,তোর,O
,কি,O
,ফরালেহা,O
,গইরতো,O
,এব্বেরেও,O
,গম,O
,ন,O
,লাগে,O
Sentence: 38,তুঁই,O
,কি,O
,এহন,O
,হাইতো,O
,বইবা,O
,নে,O
Sentence: 39,আযিয়া,O
,আঁর,O
,হাইতো,O
,মনো,O
,ন,O
,হর,O
Sentence: 40,আঁর,O
,বিদ্যালয়ে,B-ORG
,বউত,O
,বন্দু,B-REL
,আচে,O
Sentence: 41,আঁর,O
,চোড,B-REL
,বইন,I-REL
,বিদ্যালয়অত,B-ORG
,যাইত,O
,ন,O
,চাই,O
Sentence: 42,আত্তুন,O
,বিদ্যালয়অত,B-ORG
,যাইত,O
,বউত,O
,বালা,O
,লাগে,O
Sentence: 43,ইবা,O
,তার,O
,গেরামর,B-LOC
,এক্কান,O
,বিদ্যালয়,B-ORG
,অত,O
,ফরালেহা,O
,গরে,O
Sentence: 44,ইবা,O
,বিদ্যালয়অত,B-ORG
,যাইত,O
,ন,O
,চায়,O
Sentence: 45,ইতাত্তুন,O
,বিদ্যালয়,B-ORG
,অত,O
,যাই,O
,ফরালেহা,O
,গইরতো,O
,গম,O
,ন,O
,লাগে,O
Sentence: 46,ইতে,O
,বিদ্যালয়,B-ORG
,অত,O
,যাই,O
,বন্দু,B-REL
,অক্কলর,O
,ফোয়ারে,O
,গল্ফ,O
,গরে,O
Sentence: 47,ইতে,O
,বিদ্যালয়,B-LOC
,অর,O
,মাডঅত,I-LOC
,ফত্তিন,O
,ক্রিকেট,O
,কেলে,O
Sentence: 48,ইবা,O
,বিদ্যালয়,B-LOC
,অর,O
,মাডঅত,I-LOC
,মায়া,O
,গুরি,O
,ফরি,O
,গেইয়্যুই,O
Sentence: 49,ইতে,O
,বউত,O
,দিন,O
,আগে,O
,তার,O
,বিদ্যালয়,B-ORG
,অর,O
,ওজ্ঞা,O
,মাইফোয়ারে,O
,বালবাসিতো,O
Sentence: 50,ফোয়াইবা,O
,তার,O
,গেরামর,B-LOC
,গুরা,O
,এক্কান,O
,বিদ্যালয়,B-ORG
,অত্তুন,O
,ফরালেহা,O
,গরি,O
,এসএসসি,O
,ফাশ,O
,গইরগে,O
Sentence: 51,তোঁয়ারার,O
,বাসা,O
,হডে,O
Sentence: 52,ডাহা,B-LOC
,বাংলাদেশঅর,B-LOC
,রাযদানি,O
Sentence: 53,তুঁই,O
,কি,O
,আঁর,O
,ফোয়ারে,O
,ফেম,O
,গরিবা,O
,নে,O
Sentence: 54,আঁই,O
,আযিয়া,O
,বেইন্না,O
,ফুটবল,B-OBJ
,কেলা,O
,হাইয়্যি,O
Sentence: 55,আঁই,O
,তোয়াঁর,O
,মন,O
,অর,O
,হতা,O
,বুজি,O
Sentence: 56,তোঁয়ার,O
,লাই,O
,আঁর,O
,কুব,O
,হস্ট,O
,অই,O
Sentence: 57,আঁরার,O
,সফ্ন,O
,বউত,O
,ডঅর,O
Sentence: 58,আল্ফবয়স্যা,O
,ফোয়া,O
,অজ্ঞা,O
,বাইরে,O
,ফুটফাতত,B-LOC
,দুরের,O
Sentence: 59,ওজ্ঞা,O
,গুরা,O
,ফোয়া,O
,বিচানাতা,B-OBJ
,ফালমারি,O
,উডের,O
Sentence: 60,ওজ্ঞা,O
,ফোয়া,O
,বিচানাত,B-OBJ
,ফালার,O
Sentence: 61,ওজ্ঞা,O
,ফোয়া,O
,এক,O
,বিচানাত্তুন,B-OBJ
,আরেক,O
,বিচানাত,B-OBJ
,ফাল,O
,মারে,O
Sentence: 62,ওজ্ঞা,O
,গুরা,O
,ফোয়া,O
,ফুটফাতোত,B-LOC
,আডের,O
Sentence: 63,আঁই,O
,ওজ্ঞা,O
,ফোয়া,O
Sentence: 64,আঁই,O
,ওজ্ঞা,O
,মাইফোয়া,O
Sentence: 65,আঁর,O
,জামাই,B-REL
,আঁরে,O
,কুব,O
,বালবাসে,O
Sentence: 66,স্কুল,B-ORG
,যিবন,O
,অইতে,O
,তারার,O
,ফ্রেম,O
,আচিল,O
Sentence: 67,আঁই,O
,বিয়া,O
,গইরগি,O
,দশ,O
,বচর,O
,অর,O
Sentence: 68,এব্বারে,O
,গম,O
,চবি,O
Sentence: 69,বউদ্দিন,O
,ফর,O
,এক্কান,O
,বালা,O
,চবি,O
,দেইলাম,O
Sentence: 70,বেশি,O
,গম,O
,লিকখো,O
Sentence: 71,বউদ্দিন,O
,বাদে,O
,এক্কান,O
,বালা,O
,লেহা,O
,ফইরলাম,O
Sentence: 72,মাতা,O
,হঁরাইলদি,O
,এএন,O
,ন,O
Sentence: 73,কিচুই,O
,ন,O
,বুযিলাম,O
Sentence: 74,ইবা,O
,ইয়ান,O
,দেহি,O
,বিয়ুশ,O
,অই,O
,গেইয়্যুয়,O
Sentence: 75,এক,O
,হতায়,O
,বউত,O
,সুন্দর,O
,লাগের,O
,অনেরে,O
Sentence: 76,অনর,O
,চবিরতুন,B-OBJ
,বেরা,O
,অনে,O
,বাস্তবে,O
,বেশি,O
,সুন্দর,O
Sentence: 77,অনর,O
,আশির,O
,হাচে,O
,বেজ্ঞিন,O
,আর,O
,মানি,O
,যাইগই,O
Sentence: 78,অনর,O
,চোক,O
,বউত,O
,সুন্দর,O
Sentence: 79,অনর,O
,লাই,O
,ফরিচয়,O
,অই,O
,বউত,O
,বালা,O
,লাইজ্ঞে,O
Sentence: 80,বউত,O
,দিন,O
,ফর,O
,অন,O
,অরে,O
,দেহির,O
Sentence: 81,দু,O
,বাই,B-REL
,অর,O
,মাযে,O
,জাগা,O
,জমি,O
,লই,O
,হইয্যা,O
,অই,O
Sentence: 82,ফরে,O
,এক,O
,বাই,B-REL
,কয়েত,B-LOC
,গেইয়্যুই,O
,আরেক,O
,বাই,B-REL
,সুদান,B-LOC
,গেইয়্যুই,O
Sentence: 83,হদ্দিন,O
,বাদে,O
,সুদান,B-LOC
,অত্তুন,O
,আইস্যেদে,O
,মানুষ,O
,ইবা,O
,বিয়া,O
,গইরগে,O
Sentence: 84,মুবাইল,B-OBJ
,চারা,O
,বাতরুম,O
,অত,O
,যাইলে,O
,মনো,O
,অই,O
,যরুরি,O
,ফাইল,B-OBJ
,চারা,O
,আফিস,B-ORG
,অত,O
,আইস্যি,O
Sentence: 85,যারারে,O
,গাইল,O
,দেয়া,O
,অই,O
,গেইয়্যুয়,O
,তারা,O
,দয়া,O
,গরি,O
,লাইন,O
,অত্তুন,O
,সরি,O
,যন,O
Sentence: 86,ফিচনে,O
,আইযো,O
,বিউত,O
,মানুষ,O
,লাইন,O
,অত,O
,তিয়ায়,O
,তাইক্কে,O
Sentence: 87,তারারে,O
,গালি,O
,দিবর,O
,সুযোগ,O
,গরি,O
,দন,O
Sentence: 88,বর,O
,বেশি,O
,কিচু,O
,ন,O
,হইয়্যুম,O
,হারন,O
,আবেগে,O
,চোক,O
,অত,O
,ফানি,O
,আ,O
,গেইয়্যুয়,O
Sentence: 89,তুঁই,O
,হদ্দে,O
,নে,O
,যে,O
,তাইবার,O
,ইতে,O
,এনেই,O
,তাকিবো,O
Sentence: 90,ফাস্টে,O
,অনত্তুন,O
,এক্কান,O
,দোয়ান,O
,অত,O
,যা,O
,ফরিবো,O
Sentence: 91,নিযর,O
,ফচন্দর,O
,বিয়াত,O
,বাপ,B-REL
,মারে,B-REL
,রায,O
,গরানো,O
,অয়্যে,O
Sentence: 92,মাইফোয়া,O
,ইবা,O
,লাল,B-COL
,শারি,I-OBJ
,ফিন্দি,O
,তিয়ায়,O
,তাইক্কে,O
Sentence: 93,বউওর,B-REL
,লাই,O
,বলি,O
,বন্দুওক্কলর,B-REL
,মাযে,O
,আর,O
,মুক,O
,দেহাইবর,O
,উফায়,O
,নাই,O
Sentence: 94,আঁরে,O
,বেজ্ঞুনর,O
,সাম্মে,O
,মারি,O
,মারি,O
,বারিত,O
,লই,O
,আইস্যে,O
Sentence: 95,আঁই,O
,যানি,O
,এডে,O
,বউত,O
,মাইফোয়া,O
,কমেন্ট,O
,ফরিবার,O
,লাই,O
,আইবো,O
Sentence: 96,মাযে,O
,মাযে,O
,মনো,O
,অই,O
,বারি,O
,গর,O
,বেজ্ঞিন,O
,মশার,B-ANI
,নামঅত,O
,লেহি,O
,দি,O
,যঁঅল,B-LOC
,অত,O
,যাইগই,O
Sentence: 97,তোঁয়ার,O
,অই,O
,আচি,O
,আঁই,O
,তোঁয়ার,O
,অই,O
,তাইক্কম,O
Sentence: 98,আযিবন,O
,তোঁয়ারে,O
,আঁই,O
,বালবাসি,O
,যাইয়্যুম,O
Sentence: 99,ফাশে,O
,তাইক্কো,O
,সারাযিবন,O
,দুরে,O
,ন,O
,যাইয়্যু,O
Sentence: 100,তোঁয়ারে,O
,চারা,O
,আঁর,O
,এক্কানাও,O
,গম,O
,ন,O
,লাগে,O
Sentence: 101,হনিকারে,O
,আবেগের,O
,বালবাসা,O
,ন,O
,দিও,O
,মনোর,O
,বালবাসা,O
,দিও,O
Sentence: 102,হারন,O
,আবেগর,O
,বালবাসা,O
,একদিন,O
,বিবেকর,O
,হাচে,O
,আরি,O
,যাইবই,O
Sentence: 103,কেন,O
,গরি,O
,বুজাই,O
,তারে,O
,আঁই,O
,হত,O
,বালবাসি,O
Sentence: 104,বউতদিন,O
,ফর,O
,তোঁয়ারে,O
,দেইলাম,O
Sentence: 105,তোঁয়ারে,O
,দেহি,O
,দর,O
,অই,O
,তিয়ায়,O
,আচিলাম,O
Sentence: 106,আঁই,O
,বড়,O
,হস্টে,O
,নিযেরে,O
,চঅঁলাই,O
,লইয়্যি,O
Sentence: 107,যেত্তে,O
,তুঁই,O
,আঁরে,O
,দেহিয়েরেও,O
,না,O
,দেহার,O
,বান,O
,গইরগো,O
,এত্তে,O
,আত্তুন,O
,এন,O
,গম,O
,লাইজ্ঞে,O
Sentence: 108,তোঁয়ারে,O
,অনুবুতি,O
,ইয়ান,O
,হইয়েরে,O
,বুজাইত,O
,ন,O
,ফাইরগম,O
Sentence: 109,তোঁয়ারে,O
,কুব,O
,মনোত,O
,ফরের,O
,দিয়্যুম,O
,তোঁয়ারে,O
,লাল,B-COL
,গোলাপ,B-OBJ
Sentence: 110,আঁর,O
,জিবনত,O
,হনিক্কাই,O
,নাই,O
,তুঁই,O
,চারা,O
Sentence: 111,আঁর,O
,জিবনত,O
,হনো,O
,সফ্ন,O
,নাই,O
,তুঁই,O
,চারা,O
Sentence: 112,আঁর,O
,দুচোক,O
,কিচু,O
,ন,O
,তুয়াই,O
,তোয়াঁরে,O
,চারা,O
Sentence: 113,যেত্তে,O
,মাইয়্যা,O
,বুযে,O
,এত্তে,O
,ফোয়া,O
,ন,O
,বুযে,O
Sentence: 114,তুঁই,O
,শুদু,O
,মনে,O
,রাইক্কো,O
,আঁরে,O
,সারা,O
,বেলা,O
Sentence: 115,চোকর,O
,ফানি,O
,মুচি,O
,দিয়্যুম,O
,তোঁয়ারে,O
,আসি,O
Sentence: 116,এতেল্লাই,O
,ত,O
,বন্দু,B-REL
,তোঁয়ারে,O
,এত,O
,বালবাসি,O
Sentence: 117,হত,O
,সুন্দর,O
,তুঁই,O
,ফ্রেম,O
,অত,O
,ফইরগি,O
,আঁই,O
Sentence: 118,ফোয়াওক্কল,O
,বালবাসার,O
,অবিনয়,O
,গইরতে,O
,গইরতে,O
,হত্তে,O
,যে,O
,আঁচা,O
,আঁচা,O
,বালবাসি,O
,ফেলাই,O
,ইতারা,O
,নিজেরাও,O
,হইত,O
,ন,O
,ফারে,O
Sentence: 119,মাইফোয়াওক্কল,O
,বালবাইসতে,O
,বাইস্তে,O
,হত্তে,O
,যে,O
,অবিনয়,O
,শুরু,O
,গরে,O
,ইতারা,O
,নিজেরাও,O
,হইত,O
,ন,O
,ফারে,O
Sentence: 120,এই,O
,ফিতিবিত,B-LOC
,ফ্রিয়,O
,মানুষওন,O
,চারা,O
,বাচি,O
,তাহা,O
,হস্টগর,O
,কিন্তু,O
,অসম্বব,O
,নয়,O
Sentence: 121,হনিকার,O
,লাই,O
,হনিকার,O
,জিবন,O
,তিয়াই,O
,ন,O
,তাকে,O
Sentence: 122,হনিকারে,O
,প্রচন্ডভাবে,O
,বালবাসার,O
,মাযে,O
,এক,O
,দরনঅর,O
,দুর্বলতা,O
,আচে,O
Sentence: 123,ফোয়া,O
,আর,O
,মাইফোয়া,O
,বন্দু,B-REL
,অইত,O
,ফারে,O
,কিন্তু,O
,ইতারা,O
,এক,O
,সময়,O
,অবশ্যই,O
,একজন,O
,আরেকজন,O
,অর,O
,ফ্রেমঅত,O
,ফরিবো,O
Sentence: 124,ফোয়াওক্কল,O
,অর,O
,লাই,O
,ফিতিবিত,B-LOC
,বেজ্ঞুনরতুন,O
,বেরা,O
,মুল্যবান,O
,অইলদি,O
,মাইফোয়াঅক্কলর,O
,আসি,O
Sentence: 125,তোঁয়ারে,O
,দুইচোক,O
,বরি,O
,দেহা,O
,আইযো,O
,বাকি,O
Sentence: 126,তোঁয়ারে,O
,হাঁচে,O
,আই,O
,বেরাই,O
,দরা,O
,আইযো,O
,বাকি,O
Sentence: 127,আঁর,O
,বউত,O
,টান্ডা,O
,লাগের,O
Sentence: 128,আঁর,O
,মন,O
,হারাফ,O
Sentence: 129,অনর,O
,কি,O
,মন,O
,হারাফ,O
,নে,O
Sentence: 130,তোঁয়ার,O
,কি,O
,মন,O
,হারাফ,O
,নে,O
Sentence: 131,আব্বু,B-REL
,আঁর,O
,লাই,O
,লাল,B-COL
,হঅর,B-OBJ
,কিনি,O
,আইন্নে,O
Sentence: 132,আঁর,O
,বন্দু,B-REL
,আঁরে,O
,এক্কান,O
,লাল,B-COL
,শারি,B-OBJ
,কিনি,O
,দিয়্যে,O
Sentence: 133,আঁর,O
,বন্দু,B-REL
,আঁরে,O
,ওজ্ঞা,O
,লাল,B-COL
,গোলাপ,B-OBJ
,কিনি,O
,দিয়্যে,O
Sentence: 134,আঁর,O
,আম্মু,B-REL
,আঁরে,O
,লই,O
,ফার্ক,B-LOC
,অত,O
,বেরাইতো,O
,যাইবো,O
Sentence: 135,বালবাসা,O
,যিয়ান,O
,যত,O
,গোফন,O
,অই,O
,বালাবাসা,O
,ইয়ান,O
,তত,O
,গবীর,O
Sentence: 136,বালবাসা,O
,ফাইবারতুন,O
,বরা,O
,বালবাসা,O
,দিয়ায়,O
,বেশি,O
,আনন্দ,O
Sentence: 137,তুঁই,O
,যদি,O
,হনিকারে,O
,বালবাসো,O
,তইলে,O
,ইতারে,O
,চারি,O
,দ,O
Sentence: 138,যদি,O
,ইতে,O
,তোঁয়ার,O
,হাচে,O
,ফিরি,O
,আয়্যিয়ে,O
,তইলে,O
,ইতে,O
,তোঁয়ারই,O
,আচিল,O
Sentence: 139,আর,O
,যদি,O
,ফিরি,O
,ন,O
,আইয়্যে,O
,তইলে,O
,ইতে,O
,হন,O
,অত্তে,O
,তোঁয়ার,O
,ন,O
,আচিল,O
Sentence: 140,যেত্তে,O
,হনো,O
,ফুরুষ,O
,হনো,O
,নারিরে,O
,বালবাসে,O
,এত্তে,O
,ইতে,O
,ইবার,O
,লাই,O
,বেজ্ঞিন,O
,গরিত,O
,ফারে,O
Sentence: 141,মুকে,O
,মুকে,O
,এগাযা,O
,বালবাসি,O
,বালবাসি,O
,হওয়ারতুন,O
,বেরা,O
,আঁর,O
,মনো,O
,অয়,O
,বালবাসার,O
,মানুষ্যারে,O
,বুজিত,O
,ফারা,O
,আন,O
,বউত,O
,বর,O
,বেফার,O
Sentence: 142,বালবাসা,O
,মানে,O
,একজন,O
,আরেকজন,O
,অরে,O
,বুজিত,O
,ফারা,O
Sentence: 143,আঁই,O
,যে,O
,মানুষ্যারে,O
,বালবাইসসম,O
,ইতারে,O
,যদি,O
,বুজিত,O
,ন,O
,ফারি,O
,তইলে,O
,এই,O
,ফ্রেমর,O
,হনো,O
,অর্ত,O
,আচে,O
,বলি,O
,মনে,O
,ন,O
,অয়,O
Sentence: 144,নিজে,O
,অসুকি,O
,অয়,O
,অন্যরে,O
,বালবাসি,O
,সুকি,O
,গরা,O
,ন,O
,যায়,O
Sentence: 145,হনিকাই,O
,অনর,O
,জিবন,O
,অত,O
,সুক,O
,আনি,O
,দিবো,O
,বাবি,O
,হনিকার,O
,লই,O
,ফ্রেমত,O
,ন,O
,জরাইবান,O
Sentence: 146,অনে,O
,হনিজার,O
,জিবন,O
,অত,O
,সুক,O
,আনি,O
,দিবান,O
,বাবি,O
,ফ্রেম,O
,গরন,O
Sentence: 147,সত্যিকারওর,O
,বালবাসা,O
,শুদু,O
,বালবাসার,O
,মানুষ্যারে,O
,সুকি,O
,গইরতো,O
,চায়,O
,তাত্তুন,O
,হনো,O
,ফ্রতিফান,O
,আশা,O
,ন,O
,গরে,O
Sentence: 148,বালবাসা,O
,মানি,O
,হনিকারে,O
,জয়,O
,গরা,O
,নয়,O
,বরং,O
,নিজেই,O
,হনিকার,O
,লাই,O
,আরি,O
,জন,O
Sentence: 149,অনে,O
,হনোঅত্তে,O
,ন,O
,ফারিবান,O
,অন্য,O
,হনিকার,O
,বালবাসারে,O
,চিনায়,O
,লইত,O
,কিনবা,O
,জোর,O
,গরি,O
,অন্যর,O
,বাল,O
,লাগার,O
,মানুষ,O
,অইত,O
Sentence: 150,চোকর,O
,চাম্মে,O
,যারারে,O
,দেহন,O
,তারারে,O
,আগামি,O
,হালিয়া,O
,দেহিবান,O
,কিনা,O
,তারও,O
,হনো,O
,নিচ্চয়তা,O
,নেই,O
Sentence: 151,গম,O
,লাগে,O
,তোঁয়ার,O
,অই,O
,হাজল,B-OBJ
,হালো,B-COL
,চোক,O
Sentence: 152,তোঁয়ার,O
,মনোর,O
,হতা,O
,আযিয়া,O
,আঁরে,O
,কুল,O
,হ,O
Sentence: 153,আঁর,O
,আত্তান,O
,দরি,O
,সাম্ম্র,O
,ফতঅত,O
,আগায়,O
,চলো,O
,ফিচন,O
,ফিরি,O
,আর,O
,আঁরা,O
,ন,O
,চাইয়্যুম,O
Sentence: 154,গোলাপ,B-OBJ
,ফুল,I-OBJ
,দিয়্যুম,O
,আঁই,O
,তোয়াঁর,O
,আতত,O
Sentence: 155,এই,O
,মন,O
,আজিয়া,O
,আঁই,O
,তোয়াঁরে,O
,দিলাম,O
Sentence: 156,তোঁয়ার,O
,অই,O
,মন,O
,আঁই,O
,লই,O
,লইলাম,O
Sentence: 157,আযার,O
,হতার,O
,মাযে,O
,এক্কান,O
,মন,O
,অর,O
,হতা,O
,লুকায়,O
,তাকে,O
Sentence: 158,বেজ্ঞিন,O
,হতা,O
,মুকে,O
,হওয়া,O
,ন,O
,যাই,O
Sentence: 159,আযার,O
,হতার,O
,মাযে,O
,অই,O
,এক্কান,O
,হতা,O
,বুযি,O
,ল,O
,ফরে,O
Sentence: 160,যতদিন,O
,বাচি,O
,তাইক্কম,O
,তোঁয়ারে,O
,মনত,O
,রাইক্কম,O
Sentence: 161,যত,O
,হস্ট,O
,ওক,O
,মানি,O
,লইয়্যুম,O
,তারফরও,O
,আযিবন,O
,তোঁয়ারেই,O
,বালবাইসসম,O
Sentence: 162,চ,O
,কি,O
,সুন্দর,O
,মিস্টি,O
,চাঁদর,O
,মিস্টি,O
,আলো,O
Sentence: 163,ফুলে,B-OBJ
,ফুলে,B-OBJ
,সাযাই,O
,রাইক্কি,O
,আঁর,O
,এ,O
,মন,O
,তুঁতুঁই,O
,আইলে,O
,দুইযন,O
,মিলি,O
,সাজাইয়্যুম,O
,এ,O
,জিবন,O
Sentence: 164,ফরাশোনা,O
,গরি,O
,কি,O
,অইব্যদি,O
,তোঁয়ারেই,O
,ফা,O
,ন,O
,যাই,O
Sentence: 165,মাইফোয়া,O
,অক্কলর,O
,ফোস্ট,O
,অইলদি,O
,মাচর,B-LOC
,বাযারর,I-LOC
,নান,O
,বেজ্ঞুন,O
,আই,O
,বির,O
,যমায়,O
Sentence: 166,ফোয়া,O
,অক্কলর,O
,ফোস্ট,O
,অইলদি,O
,সোমার,O
,দোয়ান,O
,ওর,O
,নান,O
,বর,O
,হম,O
,মানুষই,O
,আইয়্যে,O
Sentence: 167,ফত্তিন,O
,গুম,O
,যাইবর,O
,আগে,O
,চিন্তা,O
,গরি,O
,যাইওক,O
,বিয়া,O
,গরিবার,O
,আরেক্কান,O
,দিন,O
,আগাইয়্যে,O
Sentence: 168,বিয়াত,O
,মাযে,O
,ফোয়ার,B-REL
,ফক্কত্তুন,I-REL
,দাবি,O
,গইরগে,O
,দুইয়্যান,O
,সোনার,B-OBJ
,জিনিস,I-OBJ
,চাই,O
,মাইফোয়া,B-REL
,ফক্ক,I-REL
,ইয়ানতই,O
,রাজি,O
,অ,O
,গেয়্যুই,O
Sentence: 169,বর্তমান,O
,অত,O
,ফ্রেমহীন,O
,মানুষ,O
,তোয়াই,O
,ফঅন,O
,হস্টগর,O
Sentence: 170,মিডা,O
,আসি,O
,হতা,O
,হয়,O
,ফঅল,O
,গরি,O
,দিয়্যে,O
Sentence: 171,তোঁয়ারে,O
,লই,O
,আঁযি,O
,যায়্যুম,O
,আসসান,O
,অর,O
,নিল,O
,অত,O
Sentence: 172,আডো,O
,না,O
,কিচু,O
,ন,O
,মানি,O
,বালবাসি,O
Sentence: 173,আডো,O
,দুইযনে,O
,মিলি,O
,সুকর,O
,ফিতিবি,B-LOC
,সাযাই,O
Sentence: 174,তোঁয়ারে,O
,লই,O
,আঁর,O
,বেজ্ঞিন,O
,কল্ফনা,O
Sentence: 175,তোঁয়ারে,O
,রিদয়,O
,অত,O
,রাইক্কম,O
,সারাক্ষণ,O
Sentence: 176,তুঁই,O
,যদি,O
,চ,O
,যর,O
,ফরিবো,O
,আযিয়া,O
Sentence: 177,আডো,O
,দুইজনে,O
,আত,O
,দরি,O
,আঁযি,O
,যাই,O
Sentence: 178,তোঁয়ারে,O
,চুইবর,O
,লাই,O
,চাই,O
,অনুমতি,O
Sentence: 179,এই,O
,চবির,O
,বেজ্ঞিন,O
,গান,O
,আঁর,O
,ফ্রিয়,O
,আচিল,O
,এবং,O
,আইযো,O
,আচে,O
Sentence: 180,আচা,O
,বালবাসা,O
,ন,O
,আরে,O
,মিচা,O
,বালবাসা,O
,আরি,O
,যা,O
,গই,O
Sentence: 181,এই,O
,সেই,O
,সোনালি,O
,যুগ,O
,অর,O
,সেই,O
,ফ্রাচিন,O
,গান,O
,যে,O
,গান,O
,ফুইনলে,O
,বুক্কান,O
,বরি,O
,যা,O
,গই,O
Sentence: 182,যতবার,O
,দেহি,O
,ততবার,O
,গম,O
,লাগে,O
,মৌসুমিরে,B-PER
,গান্নানঅত,O
,অসম্বব,O
,সুন্দর,O
,লাগের,O
Sentence: 183,আইযো,O
,গম,O
,লাগে,O
,গানইবা,O
Sentence: 184,হালা,B-COL
,আর,O
,লাল,B-COL
,শারিত,B-OBJ
,মৌসুমি,B-PER
,আফারে,O
,অসম্বব,O
,সুন্দরি,O
,লাগে,O
Sentence: 185,মনঅত,O
,ফরি,O
,যা,O
,গই,O
,আঁর,O
,বালবাসার,O
,মানুষসার,O
,হতা,O
Sentence: 186,গানইবা,O
,ফুনিলেই,O
,ফুরান,O
,ইতিহাস,O
,মনঅত,O
,ফরে,O
Sentence: 187,এই,O
,চবির,O
,বেজ্ঞুন,O
,গান,O
,বউত,O
,সুন্দর,O
Sentence: 188,এগাযা,O
,গানওন,O
,বর,O
,সুন্দর,O
,ফুইন্তো,O
,গম,O
,লাগে,O
Sentence: 189,মৌসুমি,B-PER
,আফারে,O
,হয়্যি,O
,এন্ডিল্লা,O
,এক্কান,O
,চবি,O
,আঁরারে,O
,আবার,O
,উফার,O
,দঅন,O
Sentence: 190,মৌসুমি,B-PER
,আসলেই,O
,বর,O
,সুন্দরি,O
,আঁই,O
,হাচ,O
,অত্তুন,O
,চাই,O
,দেইক্কি,O
Sentence: 191,একদিন,O
,ফিতিবার,B-LOC
,মায়া,O
,হাডাই,O
,যাইয়্যুম,O
,বই,O
,ফরফারঅত,O
Sentence: 192,চোক,O
,মেলিলেই,O
,দেহি,O
,তোঁয়ারে,O
,চোক,O
,বান্দিলে,O
,ফাই,O
,আরো,O
,হাঁচে,O
Sentence: 193,আরোও,O
,বালভাসা,O
,আঁই,O
,দিতা,O
,চাই,O
Sentence: 194,এই,O
,গান,O
,আঁর,O
,এত,O
,ফ্রিয়,O
,আইযো,O
,ফুনি,O
,বউত,O
,সুন্দর,O
,এক্কান,O
,অনূবুতি,O
,হাজ,O
,গরে,O
Sentence: 195,যৌবন,O
,আইবর,O
,আগে,O
,তারে,O
,বলবাইসসিলাম,O
,আবার,O
,যৌবন,O
,শেষ,O
,অইবর,O
,ফরও,O
,তারেই,O
,বালবাইসসম,O
Sentence: 196,সাত,O
,বচর,O
,ফর,O
,তোয়াই,O
,পায়্যি,O
,আঁর,O
,ফ্রিয়,O
,গানইবা,O
Sentence: 197,জিবন,O
,অত,O
,বউত,O
,গান,O
,ফুইন্নি,O
,তারফরো,O
,কেন,O
,যানি,O
,গান,O
,এগুনর,O
,নান,O
,এত,O
,গম,O
,ন,O
,লাগে,O
Sentence: 198,যেত্তে,O
,গানইবা,O
,নতুন,O
,বাইর,O
,অয়্যিল,O
,এত্তে,O
,বউত,O
,ফুইন্নি,O
Sentence: 199,এই,O
,গানইবাযে,O
,হতবার,O
,ফুইন্নি,O
,তার,O
,ইসাব,O
,নেই,O
Sentence: 200,গুরাহাল,O
,অর,O
,সৃতি,O
,মনোত,O
,ফরি,O
,যা,O
,গই,O
Sentence: 201,মাত্র,O
,এক,O
,বচর,O
,ফর,O
,গানইবার,O
,বয়স,O
,এক,O
,যুগ,O
,অয়,O
,যাইবই,O
Sentence: 202,ববিষ্যতঅত,O
,আঁর,O
,ফোয়া,B-REL
,মাইয়্যা,B-REL
,যেত্তে,O
,গান,O
,এগুন,O
,দেইবো,O
,তার,O
,বাফ,B-REL
,হতো,O
,রোমান্টিক,O
,আচিল,O
Sentence: 203,এই,O
,গানইবা,O
,হতোবার,O
,ফুইন্নি,O
,আঁই,O
,নিজেই,O
,ন,O
,যানি,O
Sentence: 204,এনগরি,O
,সময়,O
,যাইবই,O
,কিন্তু,O
,তাকি,O
,যাইবই,O
,এসব,O
,কিচু,O
,গান,O
Sentence: 205,তারারে,O
,বউত,O
,দইন্যবাদ,O
,যারা,O
,গান্নুন,O
,উফার,O
,দি,O
,গেয়্যে,O
Sentence: 206,রুমি,B-PER
,বাইয়্যা,B-REL
,আবার,O
,ফিরি,O
,আয়্যু,O
,বেজ্ঞুনর,O
,মাযে,O
,নতুন,O
,গান,O
,লয়,O
Sentence: 207,ফুরান,O
,দিন,O
,অর,O
,হতা,O
,মনোত,O
,ফরি,O
,গেয়্যুই,O
Sentence: 208,আঁযি,O
,গেইয়্যুই,O
,হতকিচু,O
,হতো,O
,আফনজনন,O
Sentence: 209,শুদু,O
,গান্নুন,O
,যেন,O
,আচিল,O
,এনই,O
,রয়,O
,গেয়্যুই,O
Sentence: 210,এই,O
,গান্নুন,O
,লয়,O
,বউত,O
,আবেগ,O
,আচে,O
Sentence: 211,এই,O
,গানইবা,O
,ফুনি,O
,চোকঅত,O
,ফানি,O
,আ,O
,গেয়্যুই,O
Sentence: 212,এইসব,O
,গান,O
,গুরাহাল,O
,অত্তুন,O
,ফনি,O
,ডর,O
,অয়্যি,O
Sentence: 213,এই,O
,গানইবা,O
,ফুনি,O
,মনো,O
,অইল,O
,আঁই,O
,বাংলাদেশ,B-LOC
,অত্তুন,O
,গুরি,O
,আইস্যি,O
Sentence: 214,এই,O
,চবিয়ান,B-OBJ
,দেইলে,O
,বোযা,O
,যায়,O
,আঁরার,O
,দেশর,B-LOC
,লাই,O
,হতো,O
,হস্ট,O
,গইরগে,O
,মুক্তিযুদ্দা,B-ROLE
,বাইওক্কল,I-ROLE
Sentence: 215,আঁরা,O
,জিবন,O
,অত,O
,ন,O
,বুইল্লম,O
Sentence: 216,যতদিন,O
,ফিতিবির,B-LOC
,বুক,O
,অত,O
,বাংলাদেশ,B-LOC
,অর,O
,নাম,O
,আন,O
,তাইবো,O
,ততদিন,O
,এই,O
,গানইবা,O
,চলাত,O
,তাইবো,O
Sentence: 217,মুক্তিযুদ্ধর,B-ROLE
,বাইওক্কল,I-ROLE
,আঁরার,O
,লাই,O
,হতো,O
,হস্ট,O
,গইরগে,O
Sentence: 218,গানইবা,O
,ফুনি,O
,আঁর,O
,বউত,O
,বালা,O
,লাইজ্ঞে,O
Sentence: 219,গানইবা,O
,ফুনি,O
,চোকঅত,O
,ফানি,O
,আ,O
,গেয়্যুই,O
,সত্যি,O
,কুব,O
,গম,O
,লাইজ্ঞে,O
Sentence: 220,বারতিয়,B-ROLE
,অইয়েরেও,O
,হডে,O
,যানি,O
,আঁই,O
,বাংলাদেশি,B-ROLE
,অনুবব,O
,গরির,O
Sentence: 221,আযিয়ার,O
,এই,O
,দিন,O
,অত,O
,বাংলাদেশঅরে,B-LOC
,কুব,O
,মনোত,O
,ফরের,O
Sentence: 222,সেই,O
,গুরাহাল,O
,অর,O
,হতা,O
,মনোত,O
,ফরি,O
,যা,O
,গই,O
,যতবার,O
,ফুনি,O
,অতিত,O
,অত,O
,ফিরি,O
,যাই,O
,গই,O
Sentence: 223,এই,O
,গুরা,O
,ফোয়াওয়া,O
,ওজ্ঞা,O
,বল,B-OBJ
,লই,O
,কেলা,O
,হার,O
Sentence: 224,মানুষইবা,O
,ফোন,B-OBJ
,অত,O
,হতা,O
,হর,O
Sentence: 225,বাআরে,O
,বেশ,O
,কিচু,O
,মানুষ,O
,গুরি,O
,বেরার,O
Sentence: 226,রাতিয়া,O
,একদল,O
,মানুষ,O
,এক্কোফোয়ারে,O
,বাইরে,O
,বই,O
,তাকে,O
Sentence: 227,তুঁই,O
,হিন,O
,সময়্যান,O
,নিজরার,O
,মতো,O
,গরি,O
,গুচাই,O
,লইবর,O
,চেস্টা,O
,গরির,O
Sentence: 228,আযিয়া,O
,তোঁয়ার,O
,মাইয়্যারে,B-REL
,লই,O
,আরা,O
,বইমেলা,B-LOC
,গুইরগি,O
,কিন্তু,O
,হনো,O
,আনন্দ,O
,ন,O
,ফাই,O
Sentence: 229,তোঁয়ার,O
,ফচন্দর,O
,বেশ,O
,কিচু,O
,বই,B-OBJ
,কিন্নি,O
Sentence: 230,বেজ্ঞিন,O
,কেন,O
,নিযাম,O
,আর,O
,ফাকা,O
,লাহের,O
Sentence: 231,আঁই,O
,যানি,O
,আঁরার,O
,হনোদিন,O
,এফারে,O
,এক্কোফোয়ারে,O
,বই,B-OBJ
,ফরা,O
,ন,O
,অইবো,O
Sentence: 232,তুঁই,O
,নেই,O
,এই,O
,কটিন,O
,সইত্যইয়ান,O
,আঁই,O
,আইযো,O
,বিশ্বাস,O
,গরিত,O
,ন,O
,ফারির,O
Sentence: 233,কেন,O
,যানি,O
,মনো,O
,অয়্যে,O
,বেলা,O
,শেষে,O
,তুঁই,O
,গর,O
,অত,O
,ফিরিবা,O
Sentence: 234,আঁই,O
,এক,O
,আযিন্না,O
,আফিসত্তুন,B-ORG
,বাসাত,O
,ফিরি,O
,দেইক্কম,O
,তুঁই,O
,আচো,O
,সত্যিই,O
,তুঁই,O
,আচো,O
Sentence: 235,তুঁই,O
,তোঁয়ার,O
,যের,O
,ফোয়ারে,B-REL
,লই,O
,বেস্তো,O
,সময়,O
,হাডোর,O
Sentence: 236,আঁই,O
,হনোদিনও,O
,চিন্তা,O
,ন,O
,গরি,O
,আঁর,O
,মাইয়্যা,B-REL
,তার,O
,মার,B-REL
,আদর,O
,বালবাসা,O
,চারা,O
,ডঅর,O
,অইব,O
,হাজর,B-ROLE
,মানুষর,I-ROLE
,হাচে,O
Sentence: 237,নিয়াস,O
,বন্দ,O
,অই,O
,আয়্যে,O
,গুযোরি,O
,হাইন্তো,O
,মনে,O
,হয়,O
Sentence: 238,তুঁই,O
,যানো,O
,সত্যিই,O
,কুব,O
,কটিন,O
,হাম,O
,বাফ,B-REL
,অই,O
,মার,B-REL
,দ্যিত্ত,O
,ফালন,O
,গরা,O
Sentence: 239,ফোয়াওক্কলেরে,O
,একমাত্র,O
,তার,O
,মার,B-REL
,কোলঅতই,O
,মানায়,O
Sentence: 240,তোঁয়ার,O
,মাইয়্যা,B-REL
,আঁর,O
,কোল,O
,অত,O
,আই,O
,শুদু,O
,তোঁয়ারে,O
,তোয়াই,O
,ফঁল্লাই,O
Sentence: 241,তুঁই,O
,যাইবর,O
,ফর,O
,তোঁয়ার,O
,মাইয়্যা,B-REL
,কেন,O
,যানি,O
,আন্ত,O
,অয়,O
,গেইয়্যুয়,O
Sentence: 242,ইয়ান,O
,আঁই,O
,চারা,O
,হনিকাই,O
,ন,O
,বুযের,O
,ফঁল্লাই,O
Sentence: 243,আঁই,O
,ত,O
,বাফ,B-REL
,আঁই,O
,আঁর,O
,মাইয়্যার,B-REL
,মুকর,O
,ইক্কা,O
,চায়,O
,বউত,O
,কিচু,O
,বুজিত,O
,ফারি,O
Sentence: 244,এন্ডিল্লা,O
,মানুষ,O
,হন,O
,অত্তে,O
,টিক,O
,ন,O
,মই,O
Sentence: 245,তারার,O
,দুইজন,O
,অর,O
,বিয়া,O
,অইবর,O
,হতা,O
,আচিল,O
Sentence: 246,কিন্তু,O
,ফোয়া,O
,অটাথ,O
,গরি,O
,মাইফোয়ারে,O
,ন,O
,জানাই,O
,বিদেশ,B-LOC
,গেয়্যুয়,O
Sentence: 247,ইন,O
,অর,O
,মাযোদ্দি,O
,মাইয়্যা,O
,ইবা,O
,তার,O
,ফরিবারর,O
,ফচন্দে,O
,বিয়া,O
,গরে,O
Sentence: 248,ইতে,O
,মাইফোয়াইবার,O
,ফোয়ারে,O
,যোগাযোগ,O
,গরে,O
Sentence: 249,মাইফোইবা,O
,হনিকারে,O
,বিয়া,O
,গইরতো,O
,রাযি,O
,ন,O
,মই,O
Sentence: 250,অই,O
,ফোয়া,O
,হনো,O
,কিচু,O
,ফুইন্তো,O
,ন,O
,চায়,O
,তার,O
,ফোয়ারে,O
,দেহা,O
,গইরতো,O
,চাই,O
Sentence: 251,মাইয়্যা,O
,মামলা,O
,ন,O
,চায়,O
,হারন,O
,ইবা,O
,বিয়াইত্যা,O
,মামলার,O
,বিষয়্যান,O
,জানাজানি,O
,অইলে,O
,সংসার,O
,ন,O
,টিকিবো,O
Sentence: 252,আঁর,O
,জামাই,B-REL
,বিবিন্ন,O
,মাইফোয়ার,O
,ফোয়ারে,O
,আরা,O
,রাইত,O
,জাগি,O
,হতা,O
,হয়,O
Sentence: 253,এহন,O
,হতা,O
,অইলদি,O
,আঁই,O
,হাবিনর,B-OBJ
,টিয়া,I-OBJ
,দি,O
,দিয়্যুম,O
,ফতি,O
,মাসে,O
,মাসে,O
Sentence: 254,আঁই,O
,সাত,O
,মাস,O
,ফ্রেম,O
,গরি,O
,একজনঅরে,O
,বিয়া,O
,গইরগি,O
Sentence: 255,আঁই,O
,বিয়ার,O
,ফর,O
,জানিত,O
,ফারি,O
,আঁর,O
,জামাইর,B-REL
,আগে,O
,দুয়্যা,O
,বিয়া,O
,গইরগিল,O
Sentence: 256,আঁই,O
,মানুসিক,O
,বাবে,O
,কুব,O
,সমস্যাত,O
,আচি,O
Sentence: 257,আঁর,O
,এক্কানই,O
,হতা,O
,ফোয়াওক্কলর,O
,হাচে,O
,কি,O
,অর,O
,ফ্রয়োজন,O
,তাকিত,O
,ফারে,O
Sentence: 258,ক্লাস,O
,অর,O
,বেজ্ঞুন,O
,মাইফোয়ার,O
,লই,O
,মিশিতাম,O
Sentence: 259,আঁই,O
,দরি,O
,লইলাম,O
,আঁর,O
,বউত,O
,দুষ,O
,বউত,O
,বুল,O
Sentence: 260,কিন্তু,O
,আঁরার,O
,তিন,O
,বচরর,O
,বাইচ্চা,B-REL
,ইতার,O
,দুষ,O
,আন,O
,হডে,O
Sentence: 261,আঁরা,O
,এক্কা,O
,সময়,O
,লইতো,O
,হয়্যি,O
,আর,O
,ইবার,O
,বউওরে,B-REL
,লয়,O
,আইত,O
Sentence: 262,তোঁয়ারে,O
,যেদিন,O
,বিয়া,O
,গরি,O
,ফেলাইতো,O
,হইলাম,O
Sentence: 263,এদিন,O
,হতায়ান,O
,হইলাম,O
,তোঁয়ার,O
,বালার,O
,লাই,O
Sentence: 264,কিন্তু,O
,তুঁই,O
,এহন,O
,এতোই,O
,বালা,O
,আচো,O
,ইয়ান,O
,আঁই,O
,মানি,O
,লইত,O
,ন,O
,ফারির,O
Sentence: 265,তুতুঁই,O
,আর,O
,আঁর,O
,নাই,O
,ইয়ান,O
,মানি,O
,লত,O
,ন,O
,ফারির,O
Sentence: 266,ফচন্দ,O
,গরিই,O
,ফরবারর,O
,মাদ্যমে,O
,বিয়া,O
,গরি,O
,আইন্নে,O
Sentence: 267,আঁর,O
,বালবাসার,O
,মানুষঅর,O
,ফোয়ারে,O
,আঁর,O
,বিয়া,O
,অইয়্যে,O
Sentence: 268,তারে,O
,চারা,O
,আএ,O
,বাচিত,O
,ন,O
,ফাইরগম,O
,ফঁল্লাই,O
Sentence: 269,এহন,O
,আর,O
,মানুষর,O
,মইদ্ধে,O
,মায়া,O
,হদে,O
,জিনিসসান,O
,কুব,O
,এক্কান,O
,নাই,O
Sentence: 270,আঁই,O
,আঁর,O
,গুরা,B-REL
,ফোয়াওয়ারে,I-REL
,লই,O
,বাফর,B-LOC
,বারিত,I-LOC
,যাইর,O
Sentence: 271,অনে,O
,নিযর,O
,ফরিবার,O
,লই,O
,বয়্যুন,O
Sentence: 272,ফরিবারত,O
,চোড,O
,হাডো,O
,যামিলা,O
,তাকে,O
Sentence: 273,আঁরে,O
,এক্কানা,O
,সাহায্য,O
,গরিবান,O
Sentence: 274,দয়া,O
,গরি,O
,নাম,O
,ফরিচয়,O
,গোফন,O
,রাকিবান,O
Sentence: 275,আঁই,O
,এক্কান,O
,কটিন,O
,সমস্যা,O
,লই,O
,আযির,O
,অয়্যি,O
Sentence: 276,একসময়,O
,ফোয়াইবারতুন,O
,মাইফোয়া,O
,ইবারে,O
,গম,O
,লাগিতো,O
Sentence: 277,তারার,O
,চাইর,O
,বচরর,O
,ওজ্ঞা,O
,যের,B-REL
,ফোয়া,I-REL
,আচে,O
Sentence: 278,গত,O
,এম্মাস,O
,আগে,O
,বউঅর,B-REL
,ফোয়ারে,O
,হইয্যা,O
,গরি,O
,জামাই,B-REL
,দেশ,B-LOC
,অত,O
,আ,O
,গেইয়্যুয়,O
Sentence: 279,ফোয়া,O
,মাইয়্যা,O
,একজন,O
,আরেকজন,O
,অরে,O
,ফ্রচন্ড,O
,বালবাসে,O
Sentence: 280,ইতে,O
,বিয়া,O
,গরি,O
,সুকি,O
,অইত,O
,চায়,O
Sentence: 281,ফোয়াইবা,O
,ইঊরোফ,B-LOC
,ফরাশোনা,O
,গইরতো,O
,চাই,O
Sentence: 282,কিন্তু,O
,মাইয়্যার,O
,ফরিবার,O
,রাযি,O
,নই,O
Sentence: 283,মাইয়্যারে,O
,অইন্য,O
,ফোয়ার,O
,লই,O
,বিয়া,O
,দিবর,O
,আয়োজন,O
,গরে,O
Sentence: 284,বাইদ্য,O
,অয়,O
,ফোয়া,O
,মাইয়্যা,O
,নিজরার,O
,ইচ্চাত,O
,বিয়া,O
,গরি,O
,ফেলাই,O
Sentence: 285,আযিয়া,O
,দেয়ালত,B-OBJ
,ফিট,O
,টেকি,O
,গেয়্যুই,O
Sentence: 286,ফানি,B-FOOD
,নাই,O
,আযিয়া,O
,ফ্রায়,O
,আস্ট,O
,দিন,O
Sentence: 287,অতচ,O
,ফাশর,O
,বেজ্ঞিন,O
,বারিত,O
,ফানি,O
,দি,O
,ফিলার,O
,শুদু,O
,আঁরো,B-LOC
,বারিতই,I-LOC
,ন,O
,ফানি,B-FOOD
,ন,O
,দের,O
Sentence: 288,যারার,O
,লয়,O
,বালা,O
,মিল,O
,আইসসে,O
,এতারোরে,O
,ফানি,B-FOOD
,দিয়ে,O
,দে,O
,আর,O
,কোন্নারে,O
,নো,O
,দিবো,O
Sentence: 289,হইন্নো,O
,ফারি,O
,ফানি,B-FOOD
,ফাইয়্যুম,O
,নে,O
,ন,O
,ফাইয়্যুম,O
Sentence: 290,ফাশ,O
,গরা,O
,ডাক্তর,B-ROLE
,এহন,O
,বালা,O
,অবস্তাত,O
,নেই,O
Sentence: 291,এত,O
,টিয়া,B-OBJ
,দার,O
,গরি,O
,ডাক্তরি,B-ROLE
,কিল্লাই,O
,ফরা,O
,ফইরগে,O
,দে,O
Sentence: 292,যেহেতু,O
,বর্তি,O
,অই,O
,গেয়্যুন,O
,গই,O
,ফরাশোনা,O
,চালাই,O
,যন,O
Sentence: 293,জামাইর,B-REL
,অবিযোগ,O
,বউ,B-REL
,টিকমতো,O
,তার,O
,সংসারঅর,O
,দায়িত্ত,O
,ফালন,O
,ন,O
,গরের,O
Sentence: 294,দুজনেই,O
,দুজনরে,O
,সন্দেহ,O
,গরে,O
Sentence: 295,বউঅর,B-REL
,দারোনা,O
,জামাই,B-REL
,ফরকিয়া,O
,গরের,O
Sentence: 296,এই,O
,বিষয়্যান,O
,লই,O
,আর,O
,হতা,O
,হইতো,O
,ন,O
,চাইর,O
Sentence: 297,আইযহাল,O
,গুরাওক্কলও,O
,ফাত্তা,O
,ন,O
,দের,O
Sentence: 298,হনিকাই,O
,আর,O
,ন,O
,ডারার,O
Sentence: 299,আঁর,O
,এগিন,O
,এক্কানাও,O
,গম,O
,ন,O
,লাগের,O
Sentence: 300,যারা,O
,বাইবিল,O
,ডঅর,O
,মানুষ,O
,অই,O
,গরিবর,O
,সেবা,O
,গরিবো,O
,কিন্তু,O
,ড,O
,অর,O
,মানুষ,O
,অই,O
,চাআর,O
,ইতারাই,O
,গরিব,O
Sentence: 301,মহিলা,O
,ইবার,O
,বয়স,O
,আশি,O
,বচরর,O
,উওরে,O
,অইবো,O
Sentence: 302,ফিতিবি,B-LOC
,এক্কান,O
,কিন্তু,O
,এক,O
,এক,O
,এলাকার,B-LOC
,মানুষ,O
,অর,O
,চিন্তা,O
,এক,O
,এক,O
,ডিল্লা,O
Sentence: 303,নতুনরা,O
,বউত,O
,কিচু,O
,শিকিত,O
,ফারিবো,O
,আশা,O
,গরি,O
Sentence: 304,ওকএনা,O
,বালা,O
,কিচুর,O
,শুরু,O
,য়ান,O
,এনগরি,O
Sentence: 305,তুঁই,O
,আঁর,O
,ফোয়ারে,O
,আর,O
,হিতা,O
,ন,O
,হইবা,O
Sentence: 306,আঁরা,O
,বউত,O
,ড,O
,অর,O
,অই,O
,গেয়্যিগই,O
,ফান,O
,মনোত,O
,অর,O
Sentence: 307,রাজকুমারির,B-ROLE
,মায়া,O
,ফিতিবি,B-LOC
,আইযো,O
,ন,O
,বুলে,O
Sentence: 308,যিবনত্তুন,O
,রং,O
,আযি,O
,গেয়্যুই,O
Sentence: 309,এক্কান,O
,কালার,O
,চবি,O
,তুলা,O
,ফরিবো,O
,আঁরার,O
,বেজ্ঞুনর,O
Sentence: 310,আর,O
,হদিন,O
,চুটি,O
,হাডাইয়্যুম,O
Sentence: 311,গুডায়ান,O
,দেইবার,O
,অফেক্কার,O
,লাই,O
,বই,O
,তাইক্কি,O
Sentence: 312,অনে,O
,বাচি,O
,আচন,O
,নে,O
Sentence: 313,আশেফাশে,O
,হনিকাই,O
,তাকিলে,O
,কল,O
,দিয়ন,O
Sentence: 314,দেহা,O
,গরা,O
,যাইবো,O
Sentence: 315,কিচু,O
,ফাইতো,O
,অইলে,O
,কিচু,O
,চাইরতো,O
,অই,O
Sentence: 316,বাংলাদেশঅত,B-LOC
,আঁরে,O
,বেজ্ঞুনে,O
,আঁর,O
,ডাকনামে,O
,চিনে,O
Sentence: 317,দুই,O
,গন্টা,O
,দরি,O
,কাআরন,O
,ন,O
,যায়,O
Sentence: 318,বিদ্যুত,B-ORG
,আফিসর,I-ORG
,মানুষওয়া,O
,কি,O
,মরি,O
,গেইয়্যুই,O
,নিকি,O
Sentence: 319,অইমত্তন,O
,আঁই,O
,ফ্রায়,O
,চাইর,O
,মাস,O
,ফর,O
,বাসাত,O
,গেয়্যি,O
Sentence: 320,আব্বুর,B-REL
,মুকর,O
,ইক্কা,O
,চাই,O
,কেন,O
,যানি,O
,হালি,O
,হালি,O
,লাগের,O
Sentence: 321,হত্তে,O
,যে,O
,আঁর,O
,সফ্ন,O
,আন,O
,ফুরন,O
,অইবো,O
Sentence: 322,অনে,O
,কি,O
,অনর,O
,আত,O
,দুইতো,O
,জানন,O
,নে,O
Sentence: 323,অনে,O
,কি,O
,হামারর,B-LOC
,ফশু,B-ANI
,ফচন্দ,O
,গরন,O
,নে,O
Sentence: 324,আঁই,O
,আঁর,O
,ফরিবারর,O
,হতা,O
,হইতো,O
,চাই,O
Sentence: 325,আঁর,O
,ফরিবারে,O
,আঁই,O
,মা,B-REL
,বাবা,B-REL
,আর,O
,ওজ্ঞা,O
,গুরা,B-REL
,বইন,I-REL
Sentence: 326,আঁরার,O
,বেজ্ঞুন,O
,একসময়,O
,এক্কোফোয়ারে,O
,আচি,O
Sentence: 327,আঁরা,O
,কুব,O
,কুশি,O
Sentence: 328,আঁরার,O
,ফরিবারত,O
,আনন্দর,O
,বাইরে,O
,হনো,O
,হইয্যা,O
,নাই,O
Sentence: 329,আঁর,O
,বন্দুওক্কল,B-REL
,আঁর,O
,জিবনর,O
,বউত,O
,গুরুত্বপূর্ণ,O
,অংশ,O
Sentence: 330,আঁই,O
,এগাযা,O
,আঁর,O
,গেরামর,B-LOC
,মানুষওক্কলর,O
,ফাশে,O
,তাইক্তো,O
,চাই,O
Sentence: 331,বর,O
,সুন্দর,O
Sentence: 332,অনর,O
,লেহা,O
,অসাদারন,O
Sentence: 333,অনর,O
,চবি,B-OBJ
,দেকি,O
,কুব,O
,গম,O
,লাইজ্ঞে,O
Sentence: 334,অসাদারন,O
,গরি,O
,লেইক্কোন,O
Sentence: 335,আত্তুন,O
,গম,O
,লাইজ্ঞে,O
,অনর,O
,হতা,O
,ফরি,O
Sentence: 336,অনর,O
,এই,O
,ফোস্ট,O
,ইয়ান,O
,কুব,O
,উফকারি,O
Sentence: 337,অনর,O
,সুন্দর,O
,সুন্দর,O
,চবিগিন,B-OBJ
,দেকি,O
,আনন্দ,O
,পাইয়্যি,O
Sentence: 338,অনে,O
,কুব,O
,সুন্দর,O
,গরি,O
,সমস্যাগান,O
,সমাদান,O
,গইরগন,O
Sentence: 339,অনর,O
,ব্লগকান,O
,ফরি,O
,বউত,O
,কিচু,O
,শিকিত,O
,ফাইরগি,O
Sentence: 340,আঁই,O
,অনর,O
,হাযরে,O
,বালবাসি,O
Sentence: 341,অনর,O
,লেহার,O
,দরন,O
,কুব,O
,সুন্দর,O
Sentence: 342,অনর,O
,চবিয়ান,B-OBJ
,দেহি,O
,মন,O
,বরি,O
,গেইয়্যুই,O
Sentence: 343,কুব,O
,সুন্দর,O
,হতা,O
,হয়্যুন,O
Sentence: 344,অনর,O
,মযার,O
,মযার,O
,হতা,O
,ফুনিলে,O
,আরাদিন,O
,মন,O
,বালা,O
,তাকে,O
Sentence: 345,এদ্দিন,O
,সুন্দর,O
,এক্কান,O
,বাগানত,B-LOC
,ওজ্ঞা,O
,মাইফোয়া,O
,আডের,O
Sentence: 346,অই,O
,আস্সানর,O
,উরন্ত,O
,ফেইকঅর,B-ANI
,গান,O
,ফুনিলেই,O
,মন,O
,কুশি,O
,অই,O
,যাইতই,O
Sentence: 347,অই,O
,ফুল্লুন,B-OBJ
,অর,O
,রঙিন,O
,মেলা,O
,দেহি,O
,রিদয়,O
,বরি,O
,যা,O
,গই,O
Sentence: 348,তাঁর,O
,ডাহদ্দি,O
,তাকা,O
,ফুতুল্লুন,B-OBJ
,অই,O
,মাইফোয়ার,O
,ফোয়ারে,O
,কেলা,O
,হাইতো,O
,আইয়্যে,O
Sentence: 349,ইবা,O
,আরও,O
,ওজ্ঞা,O
,বন্দু,B-ROLE
,বানাইতো,O
,চার,O
,যার,O
,নাম,O
,রাহাত,B-PER
Sentence: 350,তোঁয়ারা,O
,বন্দুওক্কল,B-REL
,সত্যিই,O
,বালা,O
,মনোর,O
,মানুষ,O
Sentence: 351,তোঁয়ারা,O
,বান্দুবিওক্কল,B-REL
,বেজ্ঞুন,O
,বর,O
,মেদাবি,O
Sentence: 352,তোঁয়ার,O
,বন্দুওক্কলর,B-REL
,হাচে,O
,তাইক্তো,O
,কুম,O
,বালা,O
,লাগে,O
Sentence: 353,বিয়ার,O
,ফর,O
,মোটা,O
,অইব,O
,এন,O
,সফ্ন,O
,লই,O
,বাচি,O
,আচে,O
,আযারো,O
,লেডা,O
,মাইফোয়া,O
Sentence: 354,মাইফোয়াঅক্কল,O
,যে,O
,হারে,O
,বদ্র,O
,ফোয়া,O
,তুয়ার,O
,ডর,O
,লাগের,O
,হন্দিন,O
,আঁরে,O
,কিডনাফ,O
,গরি,O
,লই,O
,যা,O
,গই,O
Sentence: 355,এহন,O
,তোয়াত্তুন,O
,গাআগাই,O
,লাগিবো,O
,তুঁই,O
,চাইরোমিক্কা,O
,কিচু,O
,ন,O
,দেকিবা,O
Sentence: 356,আয,O
,সিঙ্গেল,O
,বলি,O
,হনিকার,O
,লাই,O
,আত,O
,হডিত,O
,ন,O
,ফারির,O
Sentence: 357,চিনেমাত,O
,বিয়ার,O
,ফর,O
,গল্ফ,O
,শেষ,O
,অই,O
,য,O
,গই,O
,আর,O
,বাস্তবত,O
,বিয়ার,O
,ফর,O
,চিনেমা,O
,শুরু,O
,অই,O
Sentence: 358,আয,O
,গরিব,O
,বলি,O
,পিতিবিত,B-LOC
,তাকি,O
,ডরমানুষ,O
,অইলে,O
,মঙগল,B-LOC
,গ্রহত,I-LOC
,তাকিতাম,O
Sentence: 359,একমাত্র,O
,মাইফোয়াঅক্কল,O
,ফারে,O
,সহজ,O
,সরলব,O
,ফোয়াওক্কলর,O
,মন,O
,নান,O
,এরে,O
,ফুটবল,B-OBJ
,টা,O
,আরি,O
,কেলা,O
,হাইতো,O
Sentence: 360,মাজে,O
,মাজে,O
,মন,O
,হঅয়তিয়াই,O
,তাইক্কেদে,O
,ইল্লা,O
,গারিত,B-OBJ
,তলে,O
,ফরি,O
,মরি,O
,যাইগোই,O
Sentence: 361,বউ,B-REL
,অরে,O
,বালবাইসতে,O
,শিকঅন,O
,কিন্তু,O
,হার,O
,বউ,B-REL
,ইয়ান,O
,দেহার,O
,বিষয়,O
,নয়,O
Sentence: 362,এব্বার,O
,দইরলে,O
,আত,O
,ন,O
,চারিবা,O
,হনো,O
,সময়,O
,লেডা,O
,মাইফোয়া,O
,ওক্কলেরে,O
,দেইলে,O
,মনো,O
,অয়,O
,বিটামিন,B-OBJ
,অর,O
,বতল,I-OBJ
,কিনি,O
,দি,O
Sentence: 363,সফ্নঅত,O
,দেইলাম,O
,ক্রাশর,O
,ফোয়ারে,O
,গুইরত,O
,গেয়্যি,O
,তারফর,O
,যা,O
,অয়্যে,O
,ইয়ান,O
,ইতিহাস,O
Sentence: 364,যেত্তে,O
,বাবি,O
,তুঁই,O
,চারা,O
,আঁর,O
,জিবন,O
,নান,O
,আঁন্দার,O
,টিক,O
,এ,O
,সময়,O
,অত,O
,কা,O
,আরন,O
,আ,O
,যাগই,O
Sentence: 365,বউ,B-REL
,আঁযিলে,O
,বউ,B-REL
,ফা,O
,যাই,O
,কিন্তু,O
,বন্দুরে,B-REL
,টিয়া,B-OBJ
,দিলে,O
,আর,O
,ফেরত,O
,ফা,O
,ন,O
,যাই,O
Sentence: 366,চুল,O
,ফরার,O
,সমইস্যা,O
,লই,O
,ডাক্তরর,B-ROLE
,এডে,O
,গেইলাম,O
,যাই,O
,এরে,O
,দেই,O
,ডাক্তর,B-ROLE
,নিজেই,O
,টাক,O
Sentence: 367,বালা,O
,মানুষ,O
,নাকি,O
,বেশিদিন,O
,ন,O
,বাচে,O
,ইয়ান,O
,ফুনি,O
,টেনশন,O
,অত,O
,আচি,O
Sentence: 368,তুরে,O
,বুলি,O
,যাইবর,O
,লাই,O
,আঁই,O
,বাল,O
,ন,O
,বাসি,O
Sentence: 369,নিযেরে,O
,হনিকাই,O
,বেকার,O
,ন,O
,বাইব্বন,O
,মন,O
,অত,O
,রাইবান,O
,শরিরর,O
,রক্ত,O
,দি,O
,আযারও,O
,মশার,B-ANI
,সংসার,O
,চলে,O
Sentence: 370,বাবু,O
,হায়্যুনে,O
,হঁ,O
,দে,O
,মানুষ,O
,ইবা,O
,নাই,O
,দেই,O
,আঁই,O
,আযিয়া,O
,এত,O
,লেডা,O
Sentence: 371,ফাশর,O
,বারির,O
,মাইফোয়া,O
,ইবেরে,O
,গম,O
,লাইগ্যিল,O
,ফরে,O
,জানিলাম,O
,ইবা,O
,চুটির,O
,দিনঅত,O
,ও,O
,কলেজঅত,B-ORG
,যাই,O
Sentence: 372,আয,O
,আঁই,O
,লেডা,O
,বলি,O
,মানুষ,O
,আঁরে,O
,লই,O
,উল্ডা,O
,ফাল্ডা,O
,সন্দেহ,O
,গরে,O
Sentence: 373,হনিকাই,O
,আঁর,O
,মারে,B-REL
,হইদিও,O
,আঁই,O
,বিয়া,O
,গইরগম,O
Sentence: 374,আইশত,O
,আইশত,O
,সিগারেট,B-OBJ
,হাদে,O
,ফোয়াইবা,O
,এদ্দিন,O
,হাইশতে,O
,হাইশতে,O
,মরি,O
,যাইবই,O
Sentence: 375,কুনো,O
,এক,O
,রাতিয়ার,O
,এক,O
,হনগে,O
,বইয়েরে,O
,পাশাপাশি,O
,চাঁদ,O
,দেক্কুম,O
Sentence: 376,অনরার,O
,কি,O
,শুক্কুরবার,O
,বেইন্না,O
,সময়,O
,অইবো,O
,নে,O
Sentence: 377,যদি,O
,আঁই,O
,বুল,O
,গরি,O
,তইলে,O
,দয়া,O
,গরি,O
,আঁরে,O
,শুদরাই,O
,দিয়ন,O
Sentence: 378,আঁই,O
,কি,O
,দয়া,O
,গরি,O
,শুদু,O
,এক্কান,O
,জিনিস,O
,হইত,O
,ফারি,O
Sentence: 379,অনর,O
,কি,O
,হনো,O
,ফ্রশ্ন,O
,আচে,O
,নে,O
Sentence: 380,আর,O
,এক্কান,O
,হতাও,O
,ন,O
,হইবা,O
Sentence: 381,অনরা,O
,যারা,O
,আঁরে,O
,এইযো,O
,ন,O
,চিনন,O
Sentence: 382,ইবা,O
,আঁর,O
,ফোয়ারে,O
,দেহা,O
,গইরগে,O
Sentence: 383,আঁই,O
,পাঁচ,O
,বচর,O
,চ,O
,অরি,O
,গইরগিলাম,O
Sentence: 384,আঁর,O
,কিন্তু,O
,সোবিয়েত,B-LOC
,দেশ,I-LOC
,গম,O
,লাগিতো,O
Sentence: 385,বউত,O
,রাশিয়ান,O
,শব্দ,O
,শিক্কিলাম,O
Sentence: 386,আতিক্কা,O
,আত্তুন,O
,শিত,O
,গরি,O
,উইট্টিল,O
Sentence: 387,বিচানাত,B-OBJ
,লুডি,O
,টিবি,B-OBJ
,দেইক্কিলাম,O
Sentence: 388,কিচু,O
,মনে,O
,ন,O
,গইরগন,O
,অনরে,O
,এক্কান,O
,হতা,O
,হয়্যুম,O
,নে,O
Sentence: 389,আঁরাই,O
,কিচু,O
,ন,O
,বুইজতাম,O
Sentence: 390,ইতার,O
,নান,O
,বাযে,O
,ফোয়ার,O
,ফাল্লাত,O
,ফইরলে,O
,সর্বনাশ,O
,অই,O
,যাইতো,O
Sentence: 391,গুরিচ্চাইন্না,B-LOC
,এক্কান,O
,গেরামত,I-LOC
,ওজ্ঞা,O
,মাইফোয়া,O
,আচিল,O
Sentence: 392,মাইফোয়া,O
,ইবার,O
,ওজ্ঞা,O
,বালা,B-REL
,বন্দু,O
,আচিল,O
Sentence: 393,তারার,O
,ফত্তিন,O
,এক্কোফোয়ারে,O
,কেলা,O
,হন,O
,ফচন্দ,O
,আচিল,O
Sentence: 394,আঁরা,O
,এডে,O
,বউত,O
,মজা,O
,গইরগম,O
Sentence: 395,ইতারা,O
,দুরে,O
,ওজ্ঞা,O
,ফাআরর,B-LOC
,ইক্কা,O
,যাইবার,O
,ফতত,O
,ওজ্ঞা,O
,ফইর,B-LOC
,দেইক্কে,O
Sentence: 396,ফইরত,B-LOC
,কুব,O
,সুন্দর,O
,ওজ্ঞা,O
,ফাকি,B-ANI
,দেইক্কে,O
Sentence: 397,আঁরা,O
,ত,O
,ফাকির,B-ANI
,নান,O
,উরিত,O
,ন,O
,ফারি,O
Sentence: 398,আঁর,O
,দাতে,O
,বউত,O
,বেতা,O
,গরের,O
Sentence: 399,আঁত্তুন,O
,বউত,O
,মাতা,O
,হরার,O
Sentence: 400,সোহাগ,B-PER
,নামর,O
,ওজ্ঞা,O
,ফোয়া,O
,আচিল,O
Sentence: 401,আযার,O
,সৃতি,O
,বেরাই,O
,আচে,O
,এ,O
,গানর,O
,মাযে,O
Sentence: 402,এহন,O
,আঁই,O
,হত্ত,O
,বর,O
,অই,O
,গেইয়্যি,O
,গই,O
Sentence: 403,এহম,O
,আবার,O
,ওজ্ঞা,O
,মাইফোয়ারে,O
,বউত,O
,বালোবাসি,O
Sentence: 404,হান্দানি,O
,আই,O
,যা,O
,গই,O
,গান,O
,ইবা,O
,ফুনিলে,O
Sentence: 405,যিবনতত্তুন,O
,কেন,O
,গরি,O
,এত,O
,তারাতারি,O
,দিন্নুন,O
,হাডি,O
,গেয়্যুই,O
,ইসাব,O
,মিলাইত,O
,ন,O
,ফারির,O
Sentence: 406,বালবাসা,O
,মানে,O
,ত,O
,মানুষর,O
,জিবন,O
Sentence: 407,এই,O
,বালবাসা,O
,ন,O
,তাহিলে,O
,মানুষর,O
,জিবনত,O
,সুক,O
,অর,O
,আশা,O
,গরা,O
,আন,O
,ইই,O
,বুল,O
Sentence: 408,হনোকিচুই,O
,সহজে,O
,আযি,O
,ন,O
,যাগই,O
Sentence: 409,গল্ফর,O
,হতা,O
,যেত্তে,O
,আইয়্যে,O
,এত্তেই,O
,আঁরার,O
,গুরা,O
,ফোয়াওক্কল,O
,অর,O
,হতা,O
,মনোত,O
,ফরে,O
Sentence: 410,গুরা,O
,ফোয়াওক্কল,O
,ফ্রদানত,O
,কিচ্চা,O
,ফুইন্তো,O
,বর,O
,বালবাসে,O
Sentence: 411,আঁর,O
,মনো,O
,অই,O
,আঁরার,O
,এডে,O
,শেষ,O
,গরা,O
,উচিত,O
Sentence: 412,যদি,O
,সময়,O
,তাকে,O
,আঁরা,O
,আরো,O
,দেইক্কোম,O
Sentence: 413,অনর,O
,ফোয়ারে,O
,দেহা,O
,অই,O
,আসলেই,O
,কুব,O
,গম,O
,লাইজ্ঞে,O
Sentence: 414,আঁরে,O
,এহন,O
,গুম,O
,যাইত,O
,দন,O
Sentence: 415,আঁই,O
,অনর,O
,লই,O
,ফরে,O
,দেহা,O
,গইরগম,O
Sentence: 416,চলো,O
,ফরাশোনা,O
,গরি,O
Sentence: 417,চলো,O
,এক্কান,O
,বিরতি,O
,লই,O
Sentence: 418,চলো,O
,বিশ্রাম,O
,লই,O
Sentence: 419,আঁই,O
,কি,O
,দয়া,O
,গরি,O
,এডে,O
,আইত,O
,ফাইরগম,O
,নে,O
Sentence: 420,যেহেতু,O
,বেজ্ঞুন,O
,এডে,O
,আচে,O
,আঁরার,O
,শুরু,O
,গরা,O
,উচিত,O
Sentence: 421,আঁরা,O
,এডে,O
,আচি,O
,আলোচনা,O
,গরিবর,O
,লাই,O
Sentence: 422,আঁরা,O
,এডে,O
,আযিয়া,O
,উফস্তিত,O
,আচি,O
,হতা,O
,হইবার,O
,লাই,O
Sentence: 423,অনে,O
,কি,O
,বাংলা,O
,চিনেমা,O
,চাইতো,O
,বালবাসন,O
,নে,O
Sentence: 424,আঁই,O
,অনরে,O
,দইন্যবাদ,O
,জানাতাম,O
,চাই,O
Sentence: 425,অনর,O
,জন্মদিন,O
,হত্তে,O
Sentence: 426,অনে,O
,কি,O
,এডে,O
,তাকিত,O
,ফারিবান,O
,নে,O
Sentence: 427,অনে,O
,কি,O
,ইংরেজিত,O
,হতা,O
,হইত,O
,ফারোন,O
,নে,O
Sentence: 428,অনে,O
,কি,O
,ফ্রশ্ন,O
,ইবার,O
,জবাব,O
,দিত,O
,ফারিবান,O
,নে,O
Sentence: 429,আঁই,O
,অনর,O
,লাই,O
,আফেক্কা,O
,গরির,O
Sentence: 430,অনে,O
,কি,O
,বাংলা,O
,নাটক,O
,দেইত,O
,ফার,O
,অন,O
Sentence: 431,অনে,O
,কি,O
,হনো,O
,বাংলা,O
,কবিতা,O
,লেকিত,O
,ফার,O
,অন,O
Sentence: 432,অনে,O
,কি,O
,এই,O
,বইওয়া,B-OBJ
,ফরিত,O
,ফার,O
,অন,O
Sentence: 433,অনে,O
,কি,O
,হনো,O
,গান,O
,অত,O
,নাচিত,O
,ফার,O
,অন,O
Sentence: 434,তুই,O
,কি,O
,এই,O
,বইওয়া,B-OBJ
,ফরিত,O
,ফার,O
,অস,O
,নে,O
Sentence: 435,তুই,O
,আঁর,O
,ফোয়ারে,O
,ওজ্ঞা,O
,গান,O
,গাইত,O
,ফারিবি,O
,নে,O
Sentence: 436,তুই,O
,আঁর,O
,ডাহদ্দি,O
,তাইক্তো,O
,চস,O
,নেম,O
Sentence: 437,তুই,O
,কি,O
,চিনেমাইবা,O
,চাইত,O
,চস,O
,নে,O
Sentence: 438,তুই,O
,আঁর,O
,লাই,O
,কি,O
,বালবাসিত,O
,ফারিবি,O
,নে,O
Sentence: 439,তুই,O
,কি,O
,হনো,O
,অত্তে,O
,বাংলাদেশ,B-LOC
,গুইরতো,O
,গেইলি,O
,নে,O
Sentence: 440,তুই,O
,আঁর,O
,লাই,O
,হনো,O
,সুন্দর,O
,উফার,O
,কিনিত,O
,ফারিবি,O
,নে,O
Sentence: 441,তুই,O
,কি,O
,গান,O
,ইবা,O
,ফুইন্তে,O
,বালবাসিবি,O
Sentence: 442,তুই,O
,কি,O
,হনো,O
,অত্তে,O
,কবিতা,O
,লেকিত,O
,ফার,O
,অস,O
,নে,O
Sentence: 443,তুই,O
,আঁর,O
,ফোয়ারে,O
,এক্কান,O
,চবি,O
,তুলিত,O
,ফারিবি,O
,নে,O
Sentence: 444,তুই,O
,আঁর,O
,হাচে,O
,এগিন,O
,শিক্ত,O
,চস,O
,নে,O
Sentence: 445,তুই,O
,কি,O
,আঁর,O
,লাই,O
,কিচু,O
,লেকিত,O
,ফারিবি,O
,নে,O
Sentence: 446,তুই,O
,কি,O
,আঁর,O
,ফোয়ারে,O
,বাংলাত,O
,হতা,O
,হইত,O
,ফারিবি,O
,নে,O
Sentence: 447,তুই,O
,কি,O
,স্কুল,B-ORG
,ইয়ানত,O
,ফইরতো,O
,আইতো,O
,চস,O
,নে,O
Sentence: 448,রোনালদো,B-PER
,বালাবাসার,O
,চেয়েও,O
,বউত,O
,বেশি,O
,কিচু,O
Sentence: 449,আঁরা,O
,মেসিরে,B-PER
,গৃনা,O
,ন,O
,গরি,O
Sentence: 450,আঁই,O
,ফুটবল,B-ORG
,বিশ্বকাফ,I-ORG
,চাইতো,O
,যাইর,O
Sentence: 451,ফুটবল,B-OBJ
,আঁর,O
,ফ্রিয়,O
,কেলা,O
Sentence: 452,আঁই,O
,ফুটবল,B-OBJ
,কেইলত,O
,বালবাসি,O
Sentence: 453,হলহাতার,B-LOC
,মোহনবাগানঅর,B-ORG
,ফুটবল,I-ORG
,দল,I-ORG
,বউত,O
,যনফ্রিয়,O
Sentence: 454,আঁই,O
,ফুটবল,B-OBJ
,কেইলতো,O
,আঁর,O
,বন্দুওক্কলর,B-ROLE
,ফোয়ারে,O
,যাইর,O
Sentence: 455,আঁর,O
,পচন্দর,O
,ফুটবল,B-ROLE
,কেলোয়ার,I-ROLE
,লিওনেল,B-PER
,মেসি,I-PER
Sentence: 456,আঁর,O
,বন্দুওক্কল,B-REL
,সপ্তাই,O
,দুইয়্যান,O
,ফুটবল,B-OBJ
,মেচ,O
,কেলিত,O
,ফারে,O
Sentence: 457,আঁই,O
,ফুটবল,B-OBJ
,কেলার,O
,লাই,O
,ফ্রস্তুত,O
Sentence: 458,আঁর,O
,পচন্দর,O
,ফুটবল,B-ORG
,দল,I-ORG
,আর্জেন্টিনা,B-ORG
Sentence: 459,ফুটবল,B-OBJ
,মেচঅত,O
,বিশ্বকাফ,B-OBJ
,জিয়,O
,গইরগে,O
,ফ্রান্স,B-ORG
Sentence: 460,আঁই,O
,ফুটবলত,B-OBJ
,ওজ্ঞা,O
,গোল,O
,গইরগি,O
Sentence: 461,ফুটবল,B-OBJ
,কেলা,O
,আঁর,O
,যিবনঅর,O
,অংশ,O
Sentence: 462,আঁই,O
,ফত্তিন,O
,ফুটবল,B-OBJ
,কেলা,O
,হাইতো,O
,যাই,O
Sentence: 463,বার্সেলোনা,B-ORG
,ফুটবল,I-ORG
,ক্লাব,I-ORG
,কুব,O
,যনফ্রিয়,O
Sentence: 464,আঁই,O
,ফুটবল,B-OBJ
,মেচ,O
,দেইক্তো,O
,কুব,O
,বালবাসি,O
Sentence: 465,বাংলাদেশঅর,B-LOC
,যনফ্রিয়,O
,ফুটবলার,B-ROLE
,ওক্কল,O
,বউত,O
,উচ্চমানর,O
,কেলোয়ার,B-ROLE
Sentence: 466,ফুটবল,B-OBJ
,কেলারসত,O
,আঁই,O
,আনন্দ,O
,ফাই,O
Sentence: 467,আঁই,O
,ফুটবল,B-OBJ
,মেচ্চিন,O
,দেইক্তো,O
,বালবাসি,O
Sentence: 468,আঁই,O
,ফুটবল,B-OBJ
,মেচত,O
,উফস্তিত,O
,অইত,O
,চাই,O
Sentence: 469,ব্রাজিল,B-ORG
,ফুটবল,I-ORG
,দল,I-ORG
,বিশ্ব,O
,সেরা,O
Sentence: 470,আঁই,O
,ব্রাজিল,B-ORG
,ফুটবল,I-ORG
,দলরে,I-ORG
,সমর্তন,O
,গরি,O
Sentence: 471,ব্রাজিল,B-ORG
,ফুটবলত,I-ORG
,একজ্ঞো,I-ORG
,শক্তিশালী,O
,দল,O
Sentence: 472,ব্রাজিল,B-ORG
,ফুটবল,I-ORG
,দল,I-ORG
,বিশ্বকাফ,B-ORG
,চ্যাম্পিয়ন,O
Sentence: 473,আঁই,O
,আর্জেন্টিনা,B-ORG
,ফুটবল,I-ORG
,দলরে,I-ORG
,সমর্তন,O
,গরি,O
Sentence: 474,আঁই,O
,বাংলাদেশ,B-ORG
,ক্রিকেট,I-ORG
,দলরে,I-ORG
,সমর্তন,O
,গরি,O
Sentence: 475,বাংলাদেশ,B-ORG
,ক্রিকেট,I-ORG
,দল,I-ORG
,শক্তিশালি,O
,দল্লিনঅর,B-ORG
,মদ্ধে,O
,এক্কান,O
Sentence: 476,মেগনা,B-LOC
,বাংলাদেশঅর,B-LOC
,এক্কান,O
,ফ্রদান,O
,নদি,I-LOC
Sentence: 477,নিল,B-LOC
,নদ,I-LOC
,আফ্রিকার,B-LOC
,ফ্রদান,O
,নদির,B-LOC
,এক্কান,O
Sentence: 478,নিল,B-COL
,আসসান,O
,অর,O
,নিচে,O
,তোঁয়ার,O
,আত,O
,দরি,O
,আইটত,O
,চায়,O
Sentence: 479,তোঁয়ার,O
,ফোয়ারে,O
,নিল,O
,আসসান,O
,অর,O
,নিচে,O
,বই,O
,গল্ফ,O
,গইরতো,O
,চায়,O
Sentence: 480,আমাযন,B-LOC
,নদি,I-LOC
,দুনিয়ার,B-LOC
,বেজ্ঞুনরতুন,O
,বরা,O
,ডর,O
,নদি,B-LOC
Sentence: 481,আস্সান,O
,অর,O
,নিল,B-COL
,রং,I-COL
,ইবা,O
,অসাদারন,O
Sentence: 482,আস্সান,O
,অর,O
,তারাগুন,O
,আঁরারে,O
,আশা,O
,দে,O
Sentence: 483,আসসানে,O
,মিয়ালার,O
,লাই,O
,যর,O
,ফরের,O
Sentence: 484,মাচ্চুন,B-ANI
,ফানির,O
,মাযে,O
,সুন্দর,O
Sentence: 485,তুঁই,O
,এডে,O
,তাকিলে,O
,আঁই,O
,কুশি,O
Sentence: 486,আঁই,O
,বেইন্না,O
,গুম,O
,যাই,O
,উডি,O
Sentence: 487,আঁর,O
,লাল,B-COL
,রং,I-COL
,অর,O
,গারিয়ান,B-OBJ
,গত,O
,হালিয়া,O
,চুরি,O
,অইয়্যে,O
Sentence: 488,আঁর,O
,গর,O
,অত,O
,গতহালিয়া,O
,রাইত,O
,অত,O
,চুরি,O
,অইয়্যে,O
Sentence: 489,আঁর,O
,গারির,B-OBJ
,রং,B-COL
,হালা,I-COL
Sentence: 490,সহয,O
,বাসাত,O
,হতা,O
,হওয়া,O
,উচিত,O
Sentence: 491,আঁই,O
,অনর,O
,ফোয়ারে,O
,আচু,O
Sentence: 492,আঁর,O
,আব্বু,B-ROLE
,বিদেশ,B-LOC
,তাকে,O
Sentence: 493,আঁর,O
,চোড,B-REL
,ভাই,I-REL
,দুইমাস,O
,ফর,O
,বিদেশত,B-LOC
,ফরালেহা,O
,গইরতো,O
,যাইবো,O
Sentence: 494,আঁর,O
,বরবইন,B-REL
,আঁরে,O
,বউত,O
,বালবাসে,O
Sentence: 495,আঁর,O
,বর,B-REL
,বইনকে,I-REL
,আই,O
,বউত,O
,বালবাসি,O
Sentence: 496,অনর,O
,বর,B-REL
,বইনর,I-REL
,কি,O
,বিয়া,O
,অই,O
,গেইয়্যুয়,O
,নে,O
Sentence: 497,তোর,O
,বর,B-REL
,বাইয়ের,I-REL
,নাম,O
,কি,O
Sentence: 498,তোর,O
,বর,B-REL
,বাইয়ের,I-REL
,ফোয়ারে,O
,আঁর,O
,বিয়ার,O
,হতা,O
,চলের,O
Sentence: 499,বিদেশ,B-LOC
,অত,O
,গুইরতো,O
,যাওয়া,O
,আঁর,O
,সপ্ন,O
Sentence: 500,আঁই,O
,হন,O
,অত্তে,O
,তোঁয়ারে,O
,ন,O
,বুইল্লম,O
Sentence: 501,তুঁই,O
,আঁর,O
,যিবনর,O
,আলো,O
Sentence: 502,বেইন্না,O
,ফরাশুনা,O
,গরা,O
,বালা,O
Sentence: 503,ফরিক্কার,O
,লাই,O
,বেইন্না,O
,ফরাশোনা,O
,গরা,O
,বালো,O
Sentence: 504,বেইন্না,O
,ফরাশুনা,O
,গরি,O
,ফত্তিন,O
,শুরু,O
,গরা,O
,গম,O
Sentence: 505,বেইন্না,O
,ফরাশুনা,O
,গরি,O
,আঁই,O
,আরাম,O
,গরি,O
,মনোযোগ,O
,দিত,O
,ফারি,O
Sentence: 506,বেইন্না,O
,ফ,O
,য,O
,রত,O
,ফরাশোনা,O
,শুরা,O
,গরা,O
,বালো,O
Sentence: 507,বউদ্দিন,O
,আগে,O
,এক,O
,গেরামঅত,B-LOC
,এক,O
,টুফিওয়ালা,B-ROLE
,আচিল,O
Sentence: 508,ইবা,O
,একদিন,O
,পাশর,O
,গেরাম,B-LOC
,অত,O
,যাই,O
,টুফি,B-OBJ
,বেচের,O
Sentence: 509,ইবা,O
,রাস্তা,B-LOC
,দি,O
,তার,O
,গেরাম,B-LOC
,অর,O
,ইক্কা,O
,ফিরের,O
Sentence: 510,এত্তে,O
,ডাহদ্দি,O
,ওজ্ঞা,O
,ইয়াল,B-ANI
,যার,O
Sentence: 511,আঁরে,O
,এডে,O
,লই,O
,য,O
Sentence: 512,এরফর,O
,অইতে,O
,ইতারা,O
,দুইজন,O
,সব্জি,B-LOC
,বাগানত,I-LOC
,যায়,O
,এরে,O
,ফেট,O
,বরি,O
,হানা,O
,হাইতো,O
Sentence: 513,এহন,O
,তুঁই,O
,গান,O
,গাইত,O
,ন,O
,ফারিবা,O
Sentence: 514,আঁই,O
,গান,O
,গাইতো,O
,চাই,O
Sentence: 515,এহন,O
,যদি,O
,তুঁই,O
,গান,O
,গ,O
,তইলে,O
,চাষি,B-ROLE
,ফুনিবো,O
Sentence: 516,এদ্দিন,O
,নদীর,B-LOC
,দারোত,O
,ওজ্ঞা,O
,গাচঅত,O
,দারগোয়া,B-OBJ
,হাডিবার,O
,সময়,O
,তার,O
,কুরইল্লান,B-OBJ
,নদির,B-LOC
,ফানির,I-LOC
,মাযে,O
,ফইরগই,O
Sentence: 517,আঁত্তুন,O
,নিল,B-COL
,আসসান,O
,চাইতো,O
,গম,O
,লাগে,O
Sentence: 518,তোঁয়ার,O
,কি,O
,নিল,B-COL
,আসসান,O
,চাইতো,O
,গম,O
,লাগে,O
,নে,O
Sentence: 519,আঁত্তুন,O
,ফরিক্কা,O
,দিতো,O
,এব্বেরেও,O
,গম,O
,ন,O
,লাগে,O
Sentence: 520,অনরতুন,O
,কি,O
,ফরিক্কা,O
,দিতে,O
,গম,O
,লাগে,O
,নে,O
Sentence: 521,অনে,O
,কেন,O
,আচন,O
Sentence: 522,আঁই,O
,গম,O
,আচি,O
Sentence: 523,কি,O
,গরন,O
,দে,O
,অনে,O
,এহন,O
Sentence: 524,আঁই,O
,ওজ্ঞা,O
,বই,B-OBJ
,ফরির,O
Sentence: 525,অনে,O
,কি,O
,অন্যান্য,O
,বই,B-OBJ
,ফরন,O
,নে,O
Sentence: 526,তুঁই,O
,কি,O
,সরকারি,O
,চঅরি,O
,গরর,O
,দে,O
,নে,O
Sentence: 527,আঁই,O
,একযন,O
,সরকারি,B-ROLE
,কর্মকর্তা,I-ROLE
Sentence: 528,তুঁই,O
,কি,O
,চ,O
,অরি,O
,গরর,O
,দে,O
,নে,O
Sentence: 529,আঁই,O
,একযন,O
,ফ্রফেশনাল,B-ROLE
,ব্লগার,I-ROLE
,হিসাবে,O
,হায,O
,গরির,O
Sentence: 530,তুঁই,O
,হডে,O
,চ,O
,অরি,O
,গরর,O
,দে,O
Sentence: 531,দুরে,O
,হনোমিক্কা,O
,যেডে,O
,হনকিয়াই,O
,নেই,O
Sentence: 532,আঁই,O
,কা,O
,এগাযা,O
,হস্ট,O
,ফাই,O
Sentence: 533,আঁর,O
,বালোবাসায়,O
,হম,O
,কি,O
,আচিল,O
Sentence: 534,ইতারা,O
,তিন,O
,বাই,B-REL
,আচিল,O
,কিন্তু,O
,তারার,O
,মাযে,O
,মিল,O
,ন,O
,আচিল,O
Sentence: 535,অনে,O
,আঁর,O
,লই,O
,এন,O
,গরি,O
,হতা,O
,হইত,O
,ন,O
,ফারঅন,O
Sentence: 536,অনে,O
,বউত,O
,বালা,O
,মানুষ,O
Sentence: 537,আঁরা,O
,ডাহা,B-LOC
,তাকি,O
Sentence: 538,আঁই,O
,ডাহার,B-LOC
,মিরফুর,I-LOC
,তাকি,O
Sentence: 539,আঁই,O
,ইবার,O
,চকোর,O
,মায়াত,O
,ফইরগি,O
Sentence: 540,ইবার,O
,আসি,O
,বউত,O
,সুন্দর,O
Sentence: 541,ইবা,O
,ইবার,O
,ফরিবার,O
,অরে,O
,বালবাসে,O
Sentence: 542,এবার,O
,লাই,O
,আঁই,O
,বেজ্ঞিন,O
,গরিত,O
,ফারি,O
Sentence: 543,আঁই,O
,ইবারে,O
,বালবাসি,O
Sentence: 544,ইবার,O
,চুল্লিন,O
,বউত,O
,লম্বা,O
Sentence: 545,ইবারে,O
,হাযল,B-OBJ
,দিলে,O
,বউত,O
,বালা,O
,লাগে,O
Sentence: 546,তুঁই,O
,কি,O
,আঁরে,O
,বালা,O
,ন,O
,বাসো,O
Sentence: 547,তুঁই,O
,ন,O
,কা,O
,বুযো,O
Sentence: 548,ইবা,O
,গান,O
,গাইতো,O
,ফচন্দ,O
,গরে,O
Sentence: 549,ইতে,O
,যে,O
,মাইফোয়া,O
,ওয়ারে,O
,বালাবাসে,O
,মাইফোয়া,O
,এবা,O
,ডাহা,B-LOC
,তাকে,O
Sentence: 550,অনে,O
,যে,O
,ফোয়ারে,O
,বালবাসোন,O
,ফোয়াইবা,O
,কি,O
,অনোরে,O
,বালবাসেনে,O
Sentence: 551,ইতে,O
,এক্কান,O
,গারি,B-OBJ
,চুরি,O
,গইরগে,O
Sentence: 552,আঁই,O
,তোয়াঁর,O
,ফোয়ারে,O
,পিতিবি,B-LOC
,গুরি,O
,আইতো,O
,চাই,O
Sentence: 553,কিন্তু,O
,আঁই,O
,ত,O
,তোঁয়ার,O
,ফোয়ারে,O
,ন,O
,যাইয়্যুম,O
Sentence: 554,তোঁয়ার,O
,হতা,O
,ফুনি,O
,কুব,O
,গম,O
,লাইজ্ঞে,O
Sentence: 555,তোঁয়াত্তুন,O
,গম,O
,ন,O
,লাগিলে,O
,কিচু,O
,গরার,O
,নাই,O
Sentence: 556,চবি,O
,তোলার,O
,ফর,O
,আঁরে,O
,কেন,O
,লাগে,O
Sentence: 557,আঁই,O
,আযিয়া,O
,বউদ্দিন,O
,ফর,O
,ইবার,O
,লই,O
,হতা,O
,হইয়্যি,O
Sentence: 558,ইবা,O
,দেইক্তে,O
,বউত,O
,সুন্দর,O
Sentence: 559,কিন্তু,O
,সুন্দইর্যই,O
,বেজ্ঞিন,O
,নই,O
Sentence: 560,ইবার,O
,চোক,O
,অরিনর,O
,নান,O
Sentence: 561,ওজ্ঞা,O
,মাইয়্যা,O
,আর,O
,ওজ্ঞা,O
,ফোয়া,O
,এক্কোফোয়ারে,O
,কেলা,O
,হার,O
Sentence: 562,হালা,B-COL
,কুত্তাইবা,B-ANI
,কেরঅর,O
,মাযে,O
,দুরের,O
Sentence: 563,ওজ্ঞা,O
,হালা,B-COL
,কুত্তা,B-ANI
,কের,O
,অর,O
,মাযে,O
,দুরের,O
Sentence: 564,ওজ্ঞা,O
,গুরা,O
,কালা,B-COL
,কুত্তা,B-ANI
,কের,O
,অর,O
,মযে,O
,লুডি,O
,তাইক্কে,O
Sentence: 565,একগাট্টি,O
,বেডিওক্কল,O
,রাস্তাত,B-LOC
,আডের,O
Sentence: 566,দর্জার,B-OBJ
,হাচে,O
,বই,O
,দুইজন,O
,গিটার,B-OBJ
,বাজার,O
Sentence: 567,ফুটফাতোত,B-LOC
,এক্কোফোয়ারে,O
,তিনযন,O
,বেডি,O
,আডের,O
Sentence: 568,আম্মুর,B-REL
,লাই,O
,বেশি,O
,ফেট,O
,ফূরের,O
Sentence: 569,আঁরার,O
,ফরিবারোত,O
,আম্মুর,B-REL
,আবদানই,O
,বেশি,O
,বলিবাঁই,O
,মনো,O
,গরি,O
Sentence: 570,তোঁয়ারার,O
,লাই,O
,তো,O
,কিচু,O
,গরিত্,O
,ন,O
,পারি,O
,উল্ডা,O
,ফরিবারগানেরে,O
,শেষ,O
,গইরগি,O
Sentence: 571,এগাযা,O
,ডরে,O
,ডরে,O
,তাকিতাম,O
,গলাদি,O
,হানা,O
,ন,O
,নামিতো,O
Sentence: 572,শেষ,O
,গরি,O
,দিইয়্যি,O
,বেজ্ঞিন,O
Sentence: 573,যদিও,O
,আঁই,O
,কমার,O
,যোগ্য,O
,নই,O
,ফাইরলে,O
,কমা,O
,গরি,O
,দি,O
,অন,O
Sentence: 574,অঁনোরার,O
,অযোগ্য,O
,ফোয়া,O
Sentence: 575,আল্লা,O
,রঅমোতর‍,O
,যর,O
,দ,O
Sentence: 576,যরর,O
,লাই,O
,ডাহা,B-LOC
,হনোমিক্কা,O
,নোয়ায,O
,ফরা,O
,অইবো,O
,নে,O
Sentence: 577,ফানির,B-FOOD
,কাই,O
,হাহাকার,O
,আর,O
,বালা,O
,ন,O
,লার,O
Sentence: 578,উত্তরাত,B-LOC
,আঁরার,O
,ববনত,B-LOC
,হনোবাবেই,O
,ফানি,O
,ন,O
,ফাইর,O
Sentence: 579,শুদু,O
,এগ্গারি,B-OBJ
,ফানি,B-FOOD
,অইলেও,O
,দুওয়া,O
,দিন,O
,চলা,O
,যাইত,O
Sentence: 580,হনোবাবেই,O
,ওয়াসা,B-ORG
,ফানি,O
,ন,O
,দের,O
Sentence: 581,কি,O
,গরিত,O
,ফারি,O
,হন,O
,এহন,O
Sentence: 582,কারোম,O
,চারা,O
,না,O
,অয়,O
,তাহা,O
,যায়,O
,কিন্তু,O
,ফানি,B-FOOD
,চারা,O
,কেনে,O
,তাকে,O
,মানুষ,O
Sentence: 583,আযিয়া,O
,জুমার,O
,দিন,O
Sentence: 584,আঁই,O
,শুক্কুরবার,O
,চঅরে,O
,চঅরে,O
,ঊডি,O
Sentence: 585,ইতে,O
,বউত,O
,বেলা,O
,গরি,O
,গুমযাই,O
Sentence: 586,ইতে,O
,আঁরে,O
,ওজ্ঞা,O
,উফার,O
,দিয়্যে,O
Sentence: 587,আযিয়া,O
,আঁর,O
,জন্মদিন,O
Sentence: 588,আঁর,O
,বয়স,O
,বেশি,O
,ন,O
Sentence: 589,ইবারতুন,O
,বেরা,O
,আঁই,O
,দেইকতে,O
,সুন্দর,O
Sentence: 590,এইবার,O
,কুরবানিত,O
,লাল,B-COL
,গরু,B-ANI
,কিন্নোম,O
Sentence: 591,বেজ্ঞিন,O
,এক্কোফোয়ারে,O
,গরা,O
,সম্বব,O
,নই,O
Sentence: 592,তুঁই,O
,বিয়া,O
,কা,O
,ন,O
,গরর,O
Sentence: 593,বালা,O
,মাইফোয়া,O
,ন,O
,ফাইর,O
Sentence: 594,গরিত,B-OBJ
,হটা,O
,বাযের,O
Sentence: 595,আযিয়া,O
,দুইরগা,O
,আঁরার,O
,দঅত,O
,আচে,O
Sentence: 596,বেজ্ঞুন,O
,কেন,O
,আচো,O
Sentence: 597,আযিয়া,O
,হত,O
,তারিক,O
Sentence: 598,মন,O
,বালা,O
,গরি,O
,বিল্লাই,O
,তোঁয়ারা,O
,কি,O
,গরো,O
Sentence: 599,আঁই,O
,মাযেমদ্যে,O
,গান,O
,ফুনি,O
Sentence: 600,আইযহাল,O
,ফরাশোনার,O
,চাপ,O
,বউত,O
,বেশি,O
Sentence: 601,তোঁয়ারা,O
,কি,O
,গল্ফর,B-OBJ
,বই,I-OBJ
,ফইরতো,O
,পচন্দ,O
,গরো,O
,নে,O
Sentence: 602,তোঁয়ারার,O
,ফ্রিয়,O
,লেকক,B-ROLE
,হন,O
Sentence: 603,আঁর,O
,ফ্রিয়,O
,লেকক,B-ROLE
,হুমায়ুন,B-PER
,আহমেদ,I-PER
Sentence: 604,ফুটবলত,B-ORG
,তোঁয়ারার,O
,প্রিয়,O
,দল,O
,হন্নান,O
Sentence: 605,ব্রাযিল,B-ORG
,ফূটবুলঅর,B-ORG
,সেরা,O
,দল,O
Sentence: 606,শুক্কুর,O
,আর,O
,শনিবার,O
,সাপ্তাহিক,O
,চুটির,O
,দিন,O
Sentence: 607,রইবার,O
,অত্তুন,O
,আঁরার,O
,বিশ্ববিদ্যালয়,B-ORG
,ক্লাস,O
,শুরু,O
Sentence: 608,তুঁই,O
,ডাহাত,B-LOC
,হডে,O
,তাকো,O
Sentence: 609,তোঁয়ারার,O
,গ্রামর,B-LOC
,বারি,I-LOC
,হডে,O
Sentence: 610,তুঁই,O
,কি,O
,আঁচুরিত,O
,যানোনে,O
Sentence: 611,তুঁই,O
,হন,O
,ক্লাসত,O
,ফরো,O
Sentence: 612,বাংলাদেশঅর,B-LOC
,ফ্রদানমন্ত্রির,B-ROLE
,নাম,O
,কি,O
Sentence: 613,বাংলাদেশঅর,B-LOC
,বর্তমান,O
,ফ্রদানমন্ত্রি,B-ROLE
,শেক,B-PER
,হাসিনা,I-PER
Sentence: 614,বউত,O
,ডঅরমানুষ,O
,অইত,O
,চায়,O
Sentence: 615,তুঁই,O
,হোন,O
,বিষয়ে,O
,ফন্না,O
,ফরঅর,O
Sentence: 616,বাইরে,O
,ফ্রচুর,O
,গরম,O
,ফরের,O
Sentence: 617,আযিয়া,O
,আরাদিন,O
,যর,O
,ফরের,O
Sentence: 618,ফেসবুক,B-ORG
,এক্কান,O
,যনোপ্রিয়,O
,যোগাযোগ,O
,মাধ্যম,O
Sentence: 619,যিবনঅত,O
,উন্নতি,O
,গইর,O
,ত,O
,গেইলে,O
,বউত,O
,সময়,O
,বউত,O
,বাঁদার,O
,মুঁকে,O
,ফরা,O
,ফরে,O
Sentence: 620,বেজ্ঞিন,O
,বাঁদা,O
,ফারঅই,O
,যিবনত,O
,সফল,O
,অওয়া,O
,ফরিব,O
Sentence: 621,আঁই,O
,চা,B-FOOD
,হাইতো,O
,পচন্দ,O
,গরি,O
Sentence: 622,তাহের,O
,বইওয়া,B-OBJ
,কি,O
,আঁরে,O
,দিত,O
,ফারিবি,O
,নি,O
Sentence: 623,তাহেররে,O
,দন্যবাদ,O
,এন,O
,বালা,O
,ওজ্ঞা,O
,বইওর,B-OBJ
,কোয,O
,দিবার,O
,লাই,O
Sentence: 624,অসাদারন,O
,অজ্ঞা,O
,বই,B-OBJ
,ফইরগি,O
Sentence: 625,এবারর,O
,চুটিত,O
,হাস্যবাজার,B-LOC
,যাইয়্যুম,O
Sentence: 626,আঁই,O
,আঁর,O
,গ্রামর,B-LOC
,বারিত,I-LOC
,যাইয়্যুম,O
,টিক,O
,গইরগি,O
Sentence: 627,গ্রামর,B-LOC
,ফ্রকিতি,O
,বউত,O
,সুন্দর,O
Sentence: 628,নদির,B-LOC
,দুই,O
,ফারর,O
,মনোরম,O
,দৃশ্যে,O
,চোক,O
,যুরায়,O
,যায়,O
Sentence: 629,তোঁয়ার,O
,মূল্যবান,O
,বক্তব্যর,O
,লাই,O
,তোঁআরে,O
,দন্যবাদ,O
Sentence: 630,তোঁয়ারার,O
,বেজ্ঞুনর,O
,দোয়া,O
,চাই,O
Sentence: 631,সময়,O
,যেন,O
,আযিয়া,O
,ন,O
,অদ্দো,O
,হাডের,O
Sentence: 632,গুরা,O
,তাইক্তে,O
,লতি,O
,আঁর,O
,সাইরকল,B-OBJ
,চালানোর,O
,অব্যাস,O
Sentence: 633,স্কুলত,B-ORG
,ও,O
,সাইরকল,B-OBJ
,চালাই,O
,যাইতাম,O
,মাযে,O
,মাযে,O
Sentence: 634,ক্লাসত,O
,আযিয়া,O
,কিচুতেই,O
,মন,O
,ন,O
,বইয়্যের,O
Sentence: 635,চ,O
,রিতুর,O
,দেশ,B-LOC
,বাংলাদেশ,B-LOC
Sentence: 636,কাআরন,O
,চারা,O
,গর,O
,অত,O
,মোম্বাত্তি,B-OBJ
,যালাই,O
,বই,O
,আচি,O
Sentence: 637,তোঁয়ার,O
,গর,B-LOC
,অত,O
,কাআরন,O
,তাকিত,O
,ফারে,O
,এতেল্লাই,O
,ইক্কা,O
,আ,O
,গেইয়্যি,O
,গই,O
Sentence: 638,আতিক্কা,O
,কাআরন,O
,গেইয়্যুই,O
Sentence: 639,আদুনিক,O
,সব্যতারে,O
,বিজ্ঞান,O
,বউত,O
,কিচু,O
,উফহার,O
,দিয়্যে,O
Sentence: 640,কম্ফিটার,B-OBJ
,আদুনিক,O
,বিজ্ঞান,O
,যগতরে,O
,গমগরি,O
,সহয,O
,গরি,O
,দিয়ে,O
Sentence: 641,বাংলাদেশ,B-LOC
,গেরাম,O
,প্রদান,O
,দেশ,B-LOC
Sentence: 642,আঁরার,O
,গেরামর,B-LOC
,যনসংক্যা,O
,ফেরায়,O
,চের,O
,হাযার,O
Sentence: 643,বিলাইর,B-ANI
,ফ্রিয়,O
,হানা,O
,দুধ,B-FOOD
Sentence: 644,বিলাই,B-ANI
,বউত,O
,আরাম,O
,ফ্রিয়,O
,ফ্রানি,O
Sentence: 645,বাংলাদেশর,B-LOC
,যনসংখ্যার,O
,অদ্দকই,O
,নারি,O
Sentence: 646,কিচঅর,B-OBJ
,বেবার,O
,মারাত্মক,O
,রোগর,O
,সৃস্টি,O
,গরিত,O
,ফারে,O
Sentence: 647,ইলিশ,B-FOOD
,আঁর,O
,ফ্রিয়,O
,মাচ,B-FOOD
Sentence: 648,ফদ্দার,B-LOC
,ইলিশ,B-FOOD
,হাইতো,O
,বউত,O
,সাদ,O
Sentence: 649,বেস্ত,O
,এক্কান,O
,দিন,O
,হাডাইয়্যি,O
Sentence: 650,রাইতর,B-FOOD
,হানা,I-FOOD
,হাইয়্যেরেই,O
,গুম,O
,গেয়্যিগই,O
Sentence: 651,এহন,O
,ফইরত,O
,বইসসম,O
Sentence: 652,বেজ্ঞুনর,O
,তুন,O
,বিদায়,O
,লইর,O
Sentence: 653,আবার,O
,দেহা,O
,অইব,O
Sentence: 654,বাংলাদেশঅত,B-LOC
,বিবিন্ন,O
,দূর্যোগফ্রবন,O
,আঞ্চল,O
,আচে,O
Sentence: 655,বিষয়য়ান,O
,আসলে,O
,দুচ্চিন্তার,O
Sentence: 656,ফইর,O
,ত,O
,মনে,O
,ন,O
,হর,O
,আযিয়া,O
Sentence: 657,তোঁয়ার,O
,ফ্রিয়,O
,বিষয়,O
,কি,O
Sentence: 658,তোঁয়াত্তুন,O
,গণিত,O
,কেন,O
,লাগে,O
Sentence: 659,আঁই,O
,ফরাশোনাত,O
,কেঁচা,O
Sentence: 660,আঁরে,O
,বেজ্ঞুনে,O
,এক,O
,নামে,O
,চিনে,O
Sentence: 661,তুঁই,O
,কি,O
,গেইলা,O
,নে,O
Sentence: 662,তুঁয়ার,O
,ফ্রিয়,O
,সব্জি,B-FOOD
,কি,O
Sentence: 663,আঁর,O
,ফ্রিয়,O
,সব্জি,B-FOOD
,টমেটো,B-FOOD
Sentence: 664,চলো,O
,এক্কোফোয়ারে,O
,গান,O
,গাই,O
Sentence: 665,চলো,O
,এক্কোফোয়ারে,O
,মাছ,B-FOOD
,দরি,O
Sentence: 666,অনে,O
,অনর,O
,ফরিবারসহ,O
,আঁরার,O
,বাসাত,O
,আইবান,O
Sentence: 667,তুঁই,O
,কি,O
,আঁরে,O
,আগে,O
,দেইক্কো,O
,নে,O
Sentence: 668,আঁর,O
,ফোয়ারে,O
,নাচিবা,O
,নে,O
Sentence: 669,তোঁয়ার,O
,ফ্রিয়,O
,গান,O
,হনওয়া,O
Sentence: 670,তোয়ার,O
,ফ্রিয়,O
,গায়ক,B-ROLE
,হন,O
Sentence: 671,হালিয়া,O
,গুন্ডি,B-OBJ
,উরাইয়ুম,O
Sentence: 672,তুঁই,O
,কি,O
,আঁরে,O
,বালবাসো,O
,নে,O
Sentence: 673,আডো,O
,গুন্ডি,B-OBJ
,উরাই,O
Sentence: 674,আঁই,O
,গুরা,O
,তাইক্তে,O
,বউত,O
,মেধাবী,O
,আচিলাম,O
Sentence: 675,আঁর,O
,নৌকাত,B-OBJ
,গুইরতো,O
,বউত,O
,ভালা,O
,লাগে,O
Sentence: 676,জাইল্লা,B-ROLE
,অক্কল,O
,মাচ,B-FOOD
,দরের,O
Sentence: 677,আঁই,O
,আম,B-FOOD
,হাইয়্যুম,O
Sentence: 678,আম,B-FOOD
,আঁর,O
,ফ্রিয়,O
,ফল,B-FOOD
Sentence: 679,আযিয়া,O
,তোঁয়ার,O
,বাইর,B-REL
,দেইক্কি,O
Sentence: 680,তোঁয়ার,O
,গানওর,O
,গলা,O
,বউত,O
,বালা,O
Sentence: 681,আঁই,O
,তোঁয়ার,O
,আসির,O
,ফ্রেমত,O
,ফইরগি,O
Sentence: 682,তোঁয়ার,O
,ফরিবারওত,O
,হন,O
,হন,O
,আচে,O
Sentence: 683,আঁই,O
,তোয়ার,O
,বাদামী,B-COL
,চোখ,O
,যোরা,O
,বালবাসি,O
Sentence: 684,তুঁই,O
,বিয়া,O
,গরিবা,O
,হতো,O
,বছর,O
,বয়সত,O
Sentence: 685,ক্রিকেট,O
,কেলা,O
,তোঁয়ারত্তুন,O
,কেন,O
,লাগে,O
Sentence: 686,আঁর,O
,এফফোডাও,O
,গম,O
,ন,O
,লার,O
Sentence: 687,আঁর,O
,বউত,O
,বালা,O
,লাগে,O
Sentence: 688,তোঁয়ার,O
,বাবা,B-REL
,কি,O
,গরে,O
Sentence: 689,তোঁয়ার,O
,বাই,B-REL
,চঁঅরি,O
,হডে,O
,গরে,O
Sentence: 690,আঁই,O
,কুরার,B-FOOD
,গোস্ত,I-FOOD
,বেশি,O
,পচন্দ,O
,গরি,O
Sentence: 691,তুঁই,O
,কি,O
,হাইতো,O
,পচন্দ,O
,গরো,O
Sentence: 692,আঁই,O
,ইচা,B-FOOD
,মাচ,I-FOOD
,হাইতো,O
,পচন্দ,O
,গরি,O
Sentence: 693,আঁই,O
,তোঁয়ার,O
,ফোয়ারে,O
,রাতিয়া,O
,দইরগার,B-LOC
,চর,B-LOC
,অত,O
,তিয়ায়,O
,তাইক্তো,O
,চাই,O
Sentence: 694,আযিয়া,O
,তোঁয়ারে,O
,চাইত,O
,আইবো,O
Sentence: 695,না,O
,গরি,O
,দিও,O
,ফোয়া,B-REL
,পক্ক,I-REL
,রে,O
Sentence: 696,আঁই,O
,না,O
,গরিত,O
,ন,O
,পাইরগম,O
Sentence: 697,তোঁয়াত্তুন,O
,মনে,O
,হইলে,O
,না,O
,গরি,O
,দ,O
,গই,O
Sentence: 698,আঁরে,O
,ওজ্ঞা,O
,গান,O
,ফুনাইবা,O
Sentence: 699,তুঁই,O
,কি,O
,কিচ্চা,O
,লিকো,O
Sentence: 700,চা,B-FOOD
,নাকি,O
,কপি,B-FOOD
,হন্নান,O
,বেশি,O
,পচন্দ,O
Sentence: 701,আঁর,O
,কপি,B-FOOD
,বেশি,O
,পচন্দ,O
Sentence: 702,আঁই,O
,তোয়ারে,O
,বালবাসি,O
Sentence: 703,যরর,O
,দিনত,O
,রিস্কাত,B-OBJ
,গুইরতো,O
,বালা,O
,লাগে,O
Sentence: 704,যরর,O
,দিনঅত,O
,গরম,O
,গরম,O
,কিচুরি,B-FOOD
,আর,O
,গরু,B-FOOD
,গোস্ত,I-FOOD
,হাইত,O
,গম,O
,লাগে,O
Sentence: 705,যরর,O
,দিনঅত,O
,চা,B-FOOD
,হাইত,O
,গম,O
,লাগে,O
Sentence: 706,আঁই,O
,চবি,O
,তুইলত,O
,পচন্দ,O
,গরি,O
Sentence: 707,আঁরে,O
,ওজ্ঞা,O
,বই,B-OBJ
,উফাহর,O
,দিও,O
Sentence: 708,মানষ,O
,বাস্তবে,O
,বরই,O
,অদবুত,O
Sentence: 709,আযিয়া,O
,আঁই,O
,চাতি,B-OBJ
,আইনতো,O
,বুলি,O
,গেইয়্যি,O
,ফেলায়্যি,O
Sentence: 710,রাস্তাত,O
,আযিয়া,O
,বউত,O
,মানুষ,O
Sentence: 711,আঁর,O
,হালা,B-COL
,যামা,B-OBJ
,নাই,O
Sentence: 712,আঁর,O
,হালা,B-COL
,যামা,B-OBJ
,আচে,O
Sentence: 713,আঁই,O
,কি,O
,বেশি,O
,বিরক্ত,O
,গরি,O
Sentence: 714,আঁরেতো,O
,আর,O
,গম,O
,ন,O
,লাগিবো,O
Sentence: 715,আঁর,O
,ফোয়ারে,O
,তোঁয়ার,O
,হনো,O
,সম্ফর্ক,O
,নাই,O
Sentence: 716,আঁই,O
,তোয়ারেবন,O
,চিনি,O
Sentence: 717,তুঁই,O
,আঁর,O
,ফ্রতম,O
,বন্দু,B-REL
Sentence: 718,আযিয়ার,O
,আবহাওয়াওয়ান,O
,বউত,O
,সুন্দর,O
Sentence: 719,ইবা,O
,বালো,O
,মনের,O
,মানুষ,O
Sentence: 720,আঁরা,O
,এতবর,O
,বালা,O
,নই,O
Sentence: 721,আঁর,O
,টিঁয়া,B-OBJ
,নাই,O
Sentence: 722,শীতর,O
,সকাল,O
,বউত,O
,সুন্দর,O
Sentence: 723,আঁর,O
,মা,B-REL
,আঁরে,O
,বউত,O
,বালোবাসে,O
Sentence: 724,আঁর,O
,বন্দুর,B-REL
,বিয়া,O
,আযিয়া,O
Sentence: 725,অল্ফ,O
,সময়,O
,আচিলদি,O
,ইবা,O
,এতেই,O
,মায়ায়,O
,ফরি,O
,গেইয়্যি,O
Sentence: 726,বিয়ার,O
,ফর,O
,তুঁই,O
,ফাল্টি,O
,গেইয়্যু,O
Sentence: 727,কবিতা,O
,ফইত্ত,O
,আঁত্তুন,O
,গম,O
,লাগে,O
Sentence: 728,মাইফোয়া,O
,মানুষ,O
,বরই,O
,অদ্বুত,O
Sentence: 729,আঁই,O
,কি,O
,বেশি,O
,মোটা,O
Sentence: 730,অ,O
,তুঁই,O
,বউত,O
,মোটা,O
Sentence: 731,তুঁই,O
,কি,O
,দেহর,O
,নে,O
Sentence: 732,তোঁয়ার,O
,ইক্কা,O
,চাই,O
,তাক্কি,O
Sentence: 733,তুঁয়ার,O
,সুন্দর্যতা,O
,চাইদ্দি,O
Sentence: 734,ফানির,B-FOOD
,আরেক,O
,নাম,O
,যীবন,O
Sentence: 735,আযিয়া,O
,বউত,O
,মযা,O
,অইয়্যে,O
Sentence: 736,আঁর,O
,বিয়াত,O
,দাওয়াত,O
,তাকিলো,O
Sentence: 737,বেজ্ঞুন,O
,আযি,O
,যা,O
,গই,O
Sentence: 738,আঁর,O
,হ,O
,ন,O
,বন্দু,B-REL
,নাই,O
Sentence: 739,এই,O
,ফিতিবিত,B-LOC
,আঁই,O
,খুব,O
,একা,O
Sentence: 740,তুঁই,O
,রাঁদিত,O
,যানো,O
,নে,O
Sentence: 741,তোঁয়ার,O
,আতর,O
,লেহা,O
,বউত,O
,সুন্দর,O
Sentence: 742,আঁই,O
,গল্ফর,B-OBJ
,বই,I-OBJ
,কিন্নম,O
Sentence: 743,আঁই,O
,আযিয়া,O
,ডাহা,B-LOC
,যাইয়্যুম,O
Sentence: 744,ডাহাত,B-LOC
,আঁর,O
,চঁঅরি,O
,অইয়্যে,O
Sentence: 745,চঁঅরি,O
,গইরত,O
,আত্তুন,O
,আর,O
,গম,O
,ন,O
,লাগের,O
Sentence: 746,মা,B-REL
,আঁর,O
,বঊত,O
,যত্ন,O
,লয়,O
Sentence: 747,আঁর,O
,মার,B-REL
,রাঁদা,O
,বউত,O
,মযা,O
Sentence: 748,বিয়াত,O
,আঁর,O
,মত,O
,নাই,O
Sentence: 749,ফাআরর,B-LOC
,আগাত,I-LOC
,উইটত,O
,চায়,O
Sentence: 750,এক,O
,ফাশে,O
,দইরগা,B-LOC
,এক,O
,ফাশে,O
,বালু,O
Sentence: 751,তোঁয়ার,O
,ফোয়া,B-REL
,বঊত,O
,যারগো,O
Sentence: 752,হালিয়াত্তুন,O
,ফইত্ত,O
,বইস্সম,O
Sentence: 753,আঁর,O
,গরিওয়া,B-OBJ
,তোয়ায়,O
,ন,O
,ফাইর,O
Sentence: 754,মানুষ,O
,বউত,O
,সার্তফর,O
Sentence: 755,কিন্তু,O
,কিচু,O
,মানুষ,O
,বউত,O
,বালা,O
Sentence: 756,আঁই,O
,তারার,O
,একযন,O
,অইত,O
,চায়,O
Sentence: 757,তোঁয়ার,O
,ফরিবার,O
,কি,O
,আঁরে,O
,মানি,O
,লইব,O
,নে,O
Sentence: 758,তুঁই,O
,বউত,O
,যত্নবান,O
Sentence: 759,তোঁয়ারার,O
,ফরিক্কা,O
,হত্তে,O
Sentence: 760,কেলার,B-LOC
,মাডত,I-LOC
,আযিয়া,O
,বউত,O
,মানুষ,O
Sentence: 761,তুঁই,O
,বালা,O
,আচে,O
,নে,O
Sentence: 762,আঁই,O
,বালা,O
,নেই,O
Sentence: 763,তোঁআরে,O
,চারা,O
,আঁই,O
,বালা,O
,নেই,O
Sentence: 764,বিফদ,O
,হইয়েরে,O
,ন,O
,আইয়্যে,O
Sentence: 765,ফোয়াইবার,O
,গোস্সা,O
,বেশি,O
Sentence: 766,আঁই,O
,একযন,O
,হারাপ,O
,মানুষ,O
Sentence: 767,তুঁই,O
,কি,O
,চ,O
Sentence: 768,তুঁই,O
,কি,O
,চ,O
,আঁই,O
,যাই,O
,গই,O
Sentence: 769,আঁই,O
,চাই,O
,তুঁই,O
,এগাযা,O
,আঁর,O
,ফোঁয়ারে,O
,তাকো,O
Sentence: 770,কিন্তু,O
,ইয়ান,O
,হনোদিনো,O
,সম্বব,O
,ন,O
Sentence: 771,তুঁই,O
,বিয়াত,O
,রাযি,O
,নে,O
Sentence: 772,আঁই,O
,রাযি,O
,ন,O
Sentence: 773,ফাকিউয়া,B-ANI
,দেকতে,O
,সুন্দর,O
Sentence: 774,লাল,B-COL
,রংর,I-COL
,শাড়িত,B-OBJ
,তোঁয়ারে,O
,বালো,O
,মানাবোব,O
Sentence: 775,নীল,B-COL
,রং,I-COL
,আঁর,O
,বউত,O
,পচন্দ,O
Sentence: 776,আঁই,O
,তোয়াঁরে,O
,বালো,O
,ন,O
,বাসি,O
Sentence: 777,আঁরে,O
,বাল,O
,না,O
,বাসো,O
,কিল্লাই,O
Sentence: 778,আঁর,O
,মইদ্দে,O
,সমস্যা,O
,আচে,O
Sentence: 779,আঁর,O
,মাতা,O
,গরম,O
,তাকে,O
Sentence: 780,আঁই,O
,টেরা,O
,মানুষ,O
Sentence: 781,বেশি,O
,হতা,O
,আত্তন,O
,পচন্দ,O
,নয়,O
Sentence: 782,তুঁই,O
,একযন,O
,ডিলা,O
,মানুষ,O
Sentence: 783,তুঁই,O
,বেশি,O
,হতা,O
,হ,O
Sentence: 784,তুঁই,O
,অল্ফ,O
,মাতো,O
Sentence: 785,আঁই,O
,আযিয়া,O
,বেইন্না,O
,চা,B-FOOD
,না,O
,হাই,O
Sentence: 786,আঁই,O
,আযিয়া,O
,বেইন্না,O
,আঁর,O
,বন্দুর,B-REL
,লই,O
,গুইর,O
,ত,O
,গেইলাম,O
Sentence: 787,আঁই,O
,আযিয়া,O
,বেইন্না,O
,আঁর,O
,বন্দুর,B-REL
,লই,O
,হইজ্জা,O
,গইরগি,O
Sentence: 788,আঁর,O
,বন্দু,B-REL
,আঁর,O
,বেজ্ঞিন,O
,হতা,O
,কুব,O
,মনোযোগ,O
,দি,O
,ফুঁনে,O
Sentence: 789,আঁর,O
,বন্দু,B-REL
,আঁরে,O
,বউত,O
,বালবাসে,O
,ফঁল্লাই,O
Sentence: 790,আঁর,O
,উজ্ঞা,O
,বিলাই,B-ANI
,আচে,O
Sentence: 791,আঁর,O
,বিলায়র,B-ANI
,নাম,O
,মিনু,B-ANI
Sentence: 792,আঁই,O
,আঁর,O
,বিলায়র,B-ANI
,লই,O
,খেলা,O
,হাইত,O
,বঊত,O
,বালবাসি,O
Sentence: 793,এই,O
,১৪,O
,বছর,O
,লতি,O
,আইজো,O
,হনো,O
,হারনে,O
,ইবা,O
,আঁরে,O
,তুই,O
,হই,O
,ন,O
,ডাকেনে,O
Sentence: 794,হনত্তে,O
,গাআত,O
,আত,O
,ন,O
,তুলে,O
Sentence: 795,লোক,O
,দেহানো,O
,অয়,O
,গিয়োই,O
,নে,O
Sentence: 796,এতো,O
,জলদি,O
,শেষ,O
,অই,O
,গিয়োয়,O
Sentence: 797,নো,O
,বুঝির,O
,কি,O
,গইজ্জুম,O
Sentence: 798,আর,O
,দুইয়ান,O
,বিয়া,O
,অইয়ে,O
Sentence: 799,আই,O
,এইজ্ঞো,O
,বেডি,O
,মানুষ,O
Sentence: 800,আর,O
,মামারা,B-REL
,আর,O
,কাকারা,B-REL
,দ্বিতীয়,O
,বিয়া,O
,লই,O
,গুতা,O
,মারি,O
,খতা,O
,কো,O
Sentence: 801,মাগার,O
,আর,O
,জামাই,B-REL
,আইজো,O
,পর্যন্ত,O
,খোচা,O
,নো,O
,মারে,O
Sentence: 802,ভাবির,O
,দ্দে,O
,আফন,O
,লোক,O
,এরিম্মা,O
,ওদে,O
,নে,O
Sentence: 803,আর,O
,আফন,O
,লোক,O
,ইন,O
,এরিম্মা,O
Sentence: 804,তুই,O
,জানো,O
,নে,O
,আত্তুন,O
,আর,O
,বাচিবার,O
,ইচ্ছে,O
,নো,O
,গরে,O
Sentence: 805,আমার,O
,ফইলদ্দা,O
,বিয়া,O
,জোর,O
,গরি,O
,দিয়ে,O
Sentence: 806,ওইন্দির,O
,ফুয়া,O
,ইবা,O
,বেশি,O
,কিপটা,O
,আছিল,O
,দে,O
,আই,O
,দুবেলা,O
,ভাত,B-FOOD
,খাইতো,O
,নো,O
,ফাইত্তাম,O
Sentence: 807,দ্বিতীয়,O
,বিয়াত,O
,ইবাই,O
,আই,O
,কল্পনার,O
,তুন,O
,বেশি,O
,সুখি,O
Sentence: 808,বেজ্ঞুনে,O
,ইন,O
,দেহিয়েরেও,O
,নো,O
,দেখিবার,O
,ভান,O
,গরে,O
Sentence: 809,খোচা,O
,মারিবার,O
,মতো,O
,হতা,O
,আছে,O
,দে,O
,আর,O
,দুই,O
,বিয়া,O
Sentence: 810,আর,O
,সুখ,O
,দেহিয়েরে,O
,আবার,O
,ইতারোর,O
,সহ্য,O
,নো,O
,অয়,O
Sentence: 811,বিয়া,O
,গরিবার,O
,পাঁচ,O
,বছর,O
,ফর,O
,আই,O
,স্মার্ট,O
,অয়ই,O
Sentence: 812,ফ্রতম,O
,ফ্রতম,O
,বউ,B-REL
,ওর,O
,বউত,O
,ফ্রশ্নের,O
,টিক,O
,উত্তর,O
,দিয়েরে,O
,বিফদত,O
,ফইত্তাম,O
Sentence: 813,বউত,O
,বউ,O
,কইজ্জা,O
,লাগি,O
,যাইতো,O
Sentence: 814,ফরদি,O
,টিক,O
,গইজ্জি,O
,দে,O
,তেল,O
,মারা,O
,উত্তর,O
,দিয়ুম,O
Sentence: 815,ইবাতো,O
,লাভ,O
,নো,O
,অয়,O
Sentence: 816,কইজ্জা,O
,নো,O
,তামে,O
Sentence: 817,এক্কানা,O
,এক্কাণা,O
,লাভ,O
,অর,O
Sentence: 818,বউ,B-REL
,খাইবার,O
,সমত,O
,হাসি,O
,কুশি,O
,মুখত,O
,কইয়ে,O
,রান্না,O
,কেন,O
,অইয়ে,O
Sentence: 819,খাবারত,B-FOOD
,আরেক্কানা,O
,রসুন,B-FOOD
,দিলি,O
,বেশি,O
,মজা,O
,অইতো,O
Sentence: 820,খাাবারত,B-FOOD
,লবন,B-FOOD
,এক্কানা,O
,খম,O
,অইয়ে,O
Sentence: 821,তুয়ার,O
,খানা,O
,নো,O
,লাগিবো,O
Sentence: 822,আই,O
,তো,O
,আসলে,O
,কিছু,O
,নো,O
,ফারি,O
Sentence: 823,বউওর,B-REL
,চোখ,O
,ইবা,O
,ছল,O
,ছল,O
,গরের,O
Sentence: 824,তুই,O
,আরে,O
,আর,O
,কত,O
,অবাক,O
,গরিবা,O
Sentence: 825,এক,O
,চামচ,B-OBJ
,খাইয়েরে,O
,এতো,O
,হতা,O
,খই,O
,দিয়ো,O
,দে,O
Sentence: 826,চাপাবাজি,O
,ইবা,O
,এক্কানা,O
,খমাও,O
Sentence: 827,তুঁই,O
,রাইদ্দো,O
,দে,O
Sentence: 828,আই,O
,তো,O
,ভাইব্বি,O
,দে,O
,শাশুড়ি,B-REL
,আম্মা,I-REL
,আর,O
,লাই,O
,রাধিয়েরে,O
,ফাটাইয়ে,O
Sentence: 829,তুয়ার,O
,রাঁদা,O
,তো,O
,ফুরা,O
,আম্মার,B-REL
,নান,O
Sentence: 830,আরেক্কানা,O
,খো,O
,আরেক,O
,চামুচ,B-OBJ
,দিয়ুম,O
,নে,O
Sentence: 831,মেকাপ,O
,ইবা,O
,কেন,O
,অইয়ে,O
Sentence: 832,এক্কাানা,O
,বেশী,O
,অই,O
,গিয়োয়,O
,খম,O
,হইলে,O
,আরেক্কানা,O
,গম,O
,ওইতো,O
Sentence: 833,বউ,B-REL
,মেকাপ,O
,তুলিতো,O
,তুলিতো,O
,নো,O
,যাইয়ুম,O
,আজিয়া,O
Sentence: 834,আই,O
,তো,O
,মেকাপি,O
,দির,O
,নো,O
,ফারি,O
Sentence: 835,তুই,O
,একা,O
,একা,O
,যো,O
,গয়,O
Sentence: 836,ফার্টিত,O
,গিয়েরে,O
,সুন্দরীর,O
,লাই,O
,ঢং,O
,গরি,O
,আইয়ো,O
Sentence: 837,কেনে,O
,এতো,O
,জোস,O
,গরি,O
,মেকাপ,O
,গড়ো,O
Sentence: 838,নো,O
,বুঝিয়েরে,O
,এদুজ্ঞুন,O
,খতা,O
,কেনে,O
,কইত,O
,ফারো,O
Sentence: 839,এহন,O
,আর,O
,ইন্দি,O
,নো,O
,ওদ্দো,O
,চো,O
,চোখ,O
,ইবা,O
,তাকে,O
,অন্য,O
,মাইয়াফুয়ার,O
,ইক্কা,O
Sentence: 840,আই,O
,বউতকন,O
,ইতার,O
,মুহত,O
,ইক্কা,O
,চাই,O
,থাক্কিলাম,O
Sentence: 841,তুই,O
,এদুন,O
,কেনে,O
,বুঝোস,O
Sentence: 842,শাড়ি,B-OBJ
,ইবা,O
,আরে,O
,কেন,O
,মানাইয়ে,O
Sentence: 843,সবুজ,B-COL
,শাড়ী,B-OBJ
,ফরিলে,O
,বেশী,O
,গম,O
,লাগিতো,O
Sentence: 844,সবু্জ,B-COL
,শাড়ি,B-OBJ
,কি,O
,তুয়ার,O
,আগের,O
,হোনো,O
,বেডিবন্ধু,B-REL
,ফছন্দের,O
,রঙ,O
Sentence: 845,এরিম্মা,O
,ফাম,O
,আরে,O
,নো,O
,দিস,O
,গম,O
,নো,O
,লাগে,O
Sentence: 846,মাথাত,O
,রাহিস,O
,বিয়াত,O
,বাড়ি,O
,যর,O
Sentence: 847,বউত,B-REL
,তুন,O
,তুয়ায়রে,O
,বেশী,O
,সুন্দর,O
,লাগিলে,O
,কিন্তু,O
,সমস্যা,O
Sentence: 848,বিবাহিত,O
,জীবনত,O
,সুখোত,O
,তাইক্কো,O
Sentence: 849,আর,O
,স্বামী,B-REL
,মদ,B-FOOD
,খাইয়েরে,O
,ফ্রতি,O
,রাতোত,O
,আড্ডা,O
,দে,O
Sentence: 850,আই,O
,ইবার,O
,এনে,O
,লইল্লাম,O
,দে,O
Sentence: 851,আর,O
,হাছে,O
,দরা,O
,ফরিবার,O
,ফরেও,O
,জবান,O
,নো,O
,দিয়েরে,O
,উল্ডা,O
,আর,O
,গায়োত,O
,আত,O
,তুলে,O
Sentence: 852,এহন,O
,ইতারে,O
,আর,O
,ছাড়,O
,দিয়া,O
,নো,O
,জাইবো,O
Sentence: 853,যে,O
,মানুষ,O
,বেডি,O
,ওক্কলের,O
,গাত,O
,হাত,O
,দিয়েরে,O
,হতা,O
,হো,O
,গরত,O
,বউ,O
,রাহিয়েরে,B-REL
Sentence: 854,এরিিম্মা,O
,ফুরুসের,O
,লাই,O
,গর,O
,গরা,O
,নো,O
,যা,O
Sentence: 855,হোন,O
,মানুষের,O
,ফ্রতি,O
,এব্বার,O
,বিশ্বাস,O
,উডি,O
,গেলে,O
,গয়,O
,অবিনয়,O
,গরি,O
,বেশি,O
,তাকা,O
,নো,O
,যায়,O
Sentence: 856,আর,O
,সহ্য,O
,গরিত,O
,নো,O
,ফারি,O
,ওনরের,O
,কাছে,O
,সঠিক,O
,পরামর্শ,O
,চাইর,O
Sentence: 857,আর,O
,বাবা,B-REL
,ফুলিশত,B-ROLE
,আছে,O
,তো,O
,মায়র,B-REL
,ফুয়াতি,O
,বিয়ার,O
,ফর,O
,তুন,O
,ইবা,O
,পরকীয়াত,O
,আসক্ত,O
,আছিল,O
Sentence: 858,আম্মু,B-REL
,বত,O
,সহ্য,O
,গরি,O
,এতো,O
,সংসয়ার,O
,গরি,O
,গিয়য়,O
Sentence: 859,এর,O
,মাঝোত,O
,বত,O
,সময়,O
,বালো,O
,অইয়েরে,O
,যাইতো,O
,আব্র,O
,খারাপ,O
,অইয়ে,O
,যাইতো,O
Sentence: 860,শেষ,O
,বয়সত,O
,আইয়েরে,O
,অতে,O
,এহন,O
,এন,O
,এইজ্ঞো,O
,জঘন্য,O
,হাম,O
,গইজ্জে,O
Sentence: 861,ইতে,O
,দু,O
,নাম্বার,O
,বিয়া,O
,গইজ্জে,O
,এইজ্ঞো,O
,বিয়াইত্তা,O
,বেডিরে,O
Sentence: 862,ইতে,O
,দু,O
,নাম্বার,O
,বিয়া,O
,গরি,O
,শান্তি,O
,নো,O
,ফাই,O
Sentence: 863,বাবার,B-REL
,হাছে,O
,আর,O
,মায়োর,B-REL
,নামোত,O
,বউত,O
,উল্ডা,O
,ফাল্ডা,O
,হতা,O
,কইয়্যে,O
Sentence: 864,আই,O
,একজ্ঞো,O
,ফাবলিক,B-ORG
,বিশ্ববিদ্যালয়ত,I-ORG
,ফন্না,O
,ফরির,O
Sentence: 865,ইতে,O
,এহন,O
,আর,O
,ফন্না,O
,হরচ,O
,দিতোর,O
,নো,O
,চায়,O
Sentence: 866,ঐ,O
,বেডীর,O
,ওদ্দে,O
,ইতে,O
,মিলি,O
,আরে,O
,গালাগালি,O
,গরার,O
,তাকে,O
Sentence: 867,আই,O
,তোর,O
,ফন্নার,O
,হরচ,O
,নো,O
,দিয়ুম,O
Sentence: 868,আরে,O
,দয়া,O
,গরি,O
,টিক,O
,ফরামর্শ,O
,দিয়েরে,O
,এক্কানা,O
,সাহায্য,O
,গরো,O
Sentence: 869,আই,O
,কি,O
,গরিত,O
,ফারি,O
Sentence: 870,২৮,O
,বছর,O
,দরি,O
,আর,O
,মা,B-REL
,কষ্ট,O
,গরি,O
,গিয়োয়,O
Sentence: 871,এডে,O
,এদুন,O
,অন্যায়,O
,গরিবার,O
,ফরো,O
,আর,O
,বাবা,B-REL
,আর,O
,ঐ,O
,বেডীর,O
,মিলি,O
,বউত,O
,গম,O
,আছে,O
Sentence: 872,ওররার,O
,তুন,O
,এক্কানা,O
,বালো,O
,ফরামর্শ,O
,নিতি,O
,আইসসে,O
Sentence: 873,আই,O
,অবেহিত্তা,O
Sentence: 874,ছুডো,O
,তুন,O
,নানার,B-REL
,বাসাত,O
,ডর,O
,অয়য়ি,O
Sentence: 875,এহোতুন,O
,নানার,B-REL
,বাসাত,O
,তাকি,O
Sentence: 876,আরোর,O
,যৌত,O
,ফরিবারোর,O
,আছিল,O
,নানার,B-REL
,বাসাত,O
Sentence: 877,আরোর,O
,আব্বু,B-REL
,আগোর,O
,তুন,O
,নেশাত,O
,আসক্ত,O
,আছিল,O
Sentence: 878,আরোর,O
,লই,O
,আরোর,O
,আব্বা,B-REL
,ঐরিম্মা,O
,সময়,O
,নো,O
,কাটিতো,O
Sentence: 879,আব্বু,B-REL
,ফুরাদিন,O
,বাহিরোত,O
,তাকিতো,O
Sentence: 880,আই,O
,তহন,O
,বউত,O
,ছুড,O
,আইসসিলাম,O
Sentence: 881,আর,O
,ফুফু,B-REL
,চাচারা,B-REL
,আরোরে,O
,চাইর,O
,নো,O
,ফাইতো,O
Sentence: 882,আম্মু,B-REL
,আরে,O
,আর,O
,বাইরে,B-REL
,ডর,O
,হইজ্জে,O
,বোত,O
,কষ্টত,O
Sentence: 883,আরে,O
,আগে,O
,বেজ্ঞুনে,O
,আদর,O
,হরিতো,O
Sentence: 884,যত,O
,ডর,O
,হইয়ি,O
,বেজ্ঞুনের,O
,চখত,O
,এক,O
,রিম্মা,O
,বিশ,O
,এর,O
,ডইল্লা,O
,অই,O
,গিয়ি,O
Sentence: 885,আগের,O
,তুন,O
,আব্বু,B-REL
,বওত,O
,গম,O
,অইয়ে,O
Sentence: 886,আর,O
,হাালামুনির,B-REL
,বইয়া,O
,অইয়ে,O
,২০১৫তে,O
Sentence: 887,আর,O
,হালামুনির,B-REL
,দুইয়ান,O
,ফুয়া,B-REL
,আসে,O
Sentence: 888,বিয়াার,O
,আগত,O
,হালামুনি,B-REL
,আরে,O
,ডর,O
,হইজ্জে,O
Sentence: 889,আম্মুর,B-REL
,কিছু,O
,অইলে,O
,আরে,O
,মারে,O
Sentence: 890,আর,O
,আব্বার,B-REL
,এরিম্মা,O
,হারাপ,O
,দে,O
,ফুলের,O
,টোকাও,O
,নো,O
,দে,O
Sentence: 891,আই,O
,একজ্ঞো,O
,ফা্যা,O
,এহন,O
,বাংলাদেশ,B-ORG
,নেভীতে,I-ORG
,হাম,O
,গরি,O
Sentence: 892,আই,O
,৪,O
,মাস,O
,আগোত,O
,ফরিবারেরে,O
,ফছন্দত,O
,বিয়া,O
,হইজ্জি,O
Sentence: 893,আই,O
,বেইন্না,O
,৮,O
,টাত,O
,ডিউটি,O
,ত,O
,চলি,O
,যাইগোই,O
Sentence: 894,আর,O
,বউ,B-REL
,একদিনোও,O
,সময়মতো,O
,টেবিলোত,B-OBJ
,হাবার,O
,দিতি,O
,নো,O
,ফারে,O
,বউত,O
,টাইম,O
,বাইরে,O
,নাস্তা,B-FOOD
,গরি,O
Sentence: 895,ইতে,O
,এত,O
,ফজরোর,O
,উডির,O
,নো,O
,ফারে,O
Sentence: 896,ইতে,O
,ইতার,O
,বাফোর,B-REL
,বাড়ীত,O
,থাকিতো,O
,নাকি,O
,১০,O
,টার,O
,আগোত,O
,ঘুমের,O
,তুন,O
,নো,O
,উঠিত,O
Sentence: 897,ইতে,O
,বেশী,O
,অলস,O
,এইজ্ঞ,O
,হাজো,O
,সময়,O
,মতো,O
,নো,O
,গরে,O
Sentence: 898,আরাদিন,O
,বাসাত,O
,বইয়েরে,O
,ফেইসবুক,B-ORG
,টিকটকত,B-ORG
,সময়,O
,হাঠে,O
,ইতার,O
Sentence: 899,আরোর,O
,ফ্রায়সময়,O
,কইজ্জা,O
,অয়,O
Sentence: 900,আই,O
,বেশি,O
,সমস্যাত,O
,আছি,O
Sentence: 901,দিন,O
,দিন,O
,হতাশার,O
,মইদ্দে,O
,ডুবি,O
,যাইর,O
,গই,O
,মুক্তি,O
,হত্তে,O
,ফাইয়ুম,O
Sentence: 902,আই,O
,সত্যি,O
,খুব,O
,অসহায়,O
,বোদ,O
,গরির,O
Sentence: 903,ফোস্ট,O
,গম,O
,না,O
,লাগিলে,O
,চলি,O
,যো,O
,গয়,O
Sentence: 904,এইজ্ঞো,O
,মাইয়ার,O
,ছোগান,O
,ফুয়ার,O
,লয়,O
,প্রেম,O
,গরের,O
Sentence: 905,ভিডিও,O
,বানাইবার,O
,কি,O
,দরকার,O
,আছিল,O
Sentence: 906,আর,O
,তো,O
,মনে,O
,হদ্দে,O
,বেডি,O
,ওক্কলের,O
,বউত,O
,ডেট,O
,গরা,O
,উচিত,O
Sentence: 907,এরিম্মা্মা,O
,কিল্লাইয়,O
,গরের,O
,দ্দে,O
,বইয়েরে,O
Sentence: 908,ইতে,O
,হিসাব,O
,মিল্লাইতো,O
,নো,O
,ফারের,O
Sentence: 909,ইবা,O
,কেরিম্মা,O
,গরি,O
,সম্ভব,O
Sentence: 910,তুই,O
,ঘুমোত,O
,তুন,O
,উঠিয়ের,O
,কল,O
,দিতোক,O
Sentence: 911,তুই,O
,সুদানির,O
,ফুয়া,O
,এত,O
,ঘুমোদ্দে,O
,কিল্লায়,O
Sentence: 912,তুয়ার,O
,এতো,O
,ঘুম,O
,কিল্লায়,O
,আয়েদ্দে,O
Sentence: 913,তুয়ার,O
,লয়,O
,আর,O
,জরুরি,O
,হতা,O
,আছে,O
Sentence: 914,এইজ্ঞ,O
,স্বাভাবিক,O
,মানুষ,O
,এত,O
,হেনে,O
,গুমায়,O
Sentence: 915,আর,O
,সকালোত,O
,উঠিয়েরে,O
,চা,B-FOOD
,খাইবার,O
,অব্যাস,O
Sentence: 916,আর,O
,সন্ধায়,O
,কফি,B-FOOD
,খাইবার,O
,অব্যাস,O
,আছে,O
Sentence: 917,তুই,O
,দুইজ্জা,O
,ভাত,B-FOOD
,হাইয়ো,O
,নে,O
Sentence: 918,তুই,O
,কি,O
,রাতিয়াত,O
,বাইর,O
,হইবা,O
,নে,O
Sentence: 919,ওনোর,O
,বেজ্ঞুনের,O
,হাছে,O
,মানুষ,O
,হোন্না,O
Sentence: 920,ওনোর,O
,লয়,O
,হথা,O
,খইতো,O
,বেশি,O
,গম,O
,লাগে,O
Sentence: 921,য়ার,O
,বেশি,O
,হারাপ,O
,লাগের,O
Sentence: 922,আর,O
,মনে,O
,হদ্দে,O
,আর,O
,কিছু,O
,মনোত,O
,নাই,O
Sentence: 923,আর,O
,ছুড,B-ROLE
,বইনোর,I-ROLE
,নানার,B-REL
,বাড়িত,O
,গুইত্তে,O
,গিয়ে,O
Sentence: 924,ইতে,O
,ফরের,O
,মাসোত,O
,বিদেশ,B-LOC
,যাইবো,O
,গয়,O
Sentence: 925,বেডি,O
,ইবা,O
,বেশি,O
,বিয়াদব,O
Sentence: 926,মাইয়া,O
,ইবা,O
,সারাক্ষন,O
,মিথ্যা,O
,হতা,O
,খো,O
Sentence: 927,ফুয়া,O
,ইবা,O
,রাস্তা,B-LOC
,দিয়েরে,O
,হাঠি,O
,যার,O
,গয়,O
Sentence: 928,এইজ্ঞো,O
,বিড়াল,B-ANI
,দরজাত,B-OBJ
,বোই,O
,আছে,O
Sentence: 929,এইজ্ঞো,O
,কুত্তা,B-ANI
,রাস্তাত,B-LOC
,বোই,O
,আছে,O
Sentence: 930,এইজ্ঞো,O
,সাদা,B-COL
,ফাখি,B-ANI
,উড়ের,O
Sentence: 931,অল্পবয়সী,O
,এইজ্ঞো,O
,ফুয়া,O
,ফুটপাতোত,B-LOC
,দুরার,O
Sentence: 932,আই,O
,কাজোত,O
,যাইতো,O
,নো,O
,চাই,O
Sentence: 933,কলম,B-OBJ
,ইবা,O
,লো,O
Sentence: 934,আরে,O
,হাছা,O
,হতা,O
,হইদো,O
Sentence: 935,তুই,O
,গুমের,O
,তুন,O
,জলদি,O
,উঠ,O
Sentence: 936,ওনে,O
,ঘুমত,O
,তুন,O
,উইঠো,O
,নো,O
,চও,O
Sentence: 937,য়াই,O
,সকালোত,O
,নাস্তা,B-FOOD
,হরিয়ের,O
,স্কুলোত,B-ORG
,যাই,O
Sentence: 938,আরে,O
,সকালোত,O
,হিছু,O
,খাইত,O
,গম,O
,নো,O
,লাগে,O
Sentence: 939,আই,O
,আরি,O
,গিয়ি,O
Sentence: 940,আরা,O
,হারি,O
,গিয়ি,O
Sentence: 941,আম,B-FOOD
,ইবা,O
,হন,O
,হাইয়ে,O
Sentence: 942,আই,O
,হারি,O
,গিয়ি,O
Sentence: 943,আই,O
,টিক,O
,আছি,O
Sentence: 944,আরে,O
,বিশ্বাস,O
,গরো,O
Sentence: 945,আর,O
,প্রশ্নত,O
,জবাব,O
,দো,O
Sentence: 946,আই,O
,ইতাারে,O
,দেক্কি,O
Sentence: 947,আরে,O
,ডুইক্তে,O
,দও,O
Sentence: 948,আরে,O
,যাইতে,O
,দও,O
Sentence: 949,ইরে,O
,অপেক্ষা,O
,গরো,O
Sentence: 950,আই,O
,অসুস্থ,O
,অয়,O
,ফইজ্জি,O
Sentence: 951,আই,O
,ইতারোরে,O
,দেইক্কি,O
Sentence: 952,সময়,O
,শেষ,O
,অই,O
,গিয়োয়,O
Sentence: 953,আরা,O
,অফেক্ষা,O
,কইজ্জুম,O
Sentence: 954,এবা,O
,উঠি,O
,গিয়োয়,O
Sentence: 955,আই,O
,বেশিি,O
,ডর,O
Sentence: 956,আই,O
,মাফ,O
,চাই,O
Sentence: 957,আই,O
,ফিরি,O
,আইসসি,O
Sentence: 958,আই,O
,কেক,B-FOOD
,ফছন্দ,O
,গরি,O
Sentence: 959,এক্কানাা,O
,ঘুমাইইয়েরে,O
,লো,O
Sentence: 960,আই,O
,একা,O
,আছিলাম,O
Sentence: 961,আর,O
,লই,O
,আইয়ো,O
Sentence: 962,ইবা,O
,রাগি,O
,গেল,O
,গয়,O
Sentence: 963,আর,O
,হাত,O
,ইবা,O
,ধইজ্জো,O
Sentence: 964,আই,O
,অবাক,O
,অয়,O
,গিয়িলাম,O
Sentence: 965,আই,O
,নো,O
,আইসসুম,O
Sentence: 966,আই,O
,নো,O
,হাইজ্জুম,O
Sentence: 967,আর,O
,আত,O
,টনটন,O
,গরের,O
Sentence: 968,আর,O
,ট্যাং,O
,টনটন,O
,গরের,O
Sentence: 969,ওনরে,O
,হোন,O
,ফাডাইয়ে,O
Sentence: 970,তুয়ারে,O
,দেহিয়েরে,O
,অসুক্কা,O
,বলি,O
,মনে,O
,ওর,O
Sentence: 971,ওনোরা,O
,আগে,O
,জো,O
Sentence: 972,আরে,O
,নো,O
,ডাইক্কো,O
Sentence: 973,আর,O
,হলুদ,B-COL
,রং,O
,দেহিত,O
,ফারি,O
Sentence: 974,আই,O
,আফেল,B-FOOD
,দেহিত,O
,ফারি,O
Sentence: 975,আর,O
,তুন,O
,টান্ডা,O
,লাইজ্ঞে,O
Sentence: 976,আর,O
,তুন,O
,খুদা,O
,লাগের,O
Sentence: 977,আই,O
,বিদেশত,B-LOC
,গেইলাম,O
Sentence: 978,আই,O
,বিতরত,O
,গেইলাম,O
Sentence: 979,ইতে,O
,গুসসা,O
,ওয়িল,O
Sentence: 980,আরে,O
,ঐইন্দি,O
,লই,O
,জো,O
Sentence: 981,ইবা,O
,আর,O
,বউ,B-REL
Sentence: 982,আরে,O
,দেহিয়েরে,O
,অসুখ,O
,বলি,O
,মনে,O
,অর,O
Sentence: 983,আরোর,O
,বিয়ার,O
,ফর,O
,তুন,O
,নানা,O
,ছুডো,O
,ছুডো,O
,খারনোত,O
,ঝগড়া,O
,লাগি,O
,থাকিতো,O
Sentence: 984,আই,O
,বুঝিত,O
,ফাইত্তাম,O
,ইতার,O
,অন্য,O
,জায়গাত,O
,সম্পর্ক,O
,আইসসে,O
Sentence: 985,ইতে,O
,হোনো,O
,দিন,O
,স্বীকার,O
,নো,O
,গরে,O
Sentence: 986,এরিম্মা,O
,নানা,O
,রহম,O
,ঝামেলা,O
,হইত,O
,থাকে,O
Sentence: 987,আরোর,O
,ফারিবারিক,O
,ভাবে,O
,বিয়া,O
,ওইল,O
Sentence: 988,যেত্তে,O
,বাড়ীত,O
,জানাই,O
,এত্তে,O
,বয়োত,O
,ডইল্লা,O
,হতা,O
,অয়,O
Sentence: 989,বেশ,O
,হয়েব্বার,O
,ইতারে,O
,সুযোগ,O
,দিলাম,O
Sentence: 990,কিন্ত্য,O
,ইতে,O
,বালা,O
,নো,O
,অয়,O
Sentence: 991,বওত,O
,দিন,O
,বাফোর,B-REL
,বাসাত,O
,আছিলাম,O
Sentence: 992,তুয়ারে,O
,ছাড়া,O
,বাইচ্চুম,O
,তুয়ার,O
,বিয়াতো,O
,নাইচ্চুম,O
Sentence: 993,ইতি,O
,আবার,O
,ফিরি,O
,চার,O
,আরে,O
Sentence: 994,এক,O
,ফর্যায়ে,O
,এন,O
,অবস্তা,O
,গরে,O
,যে,O
,আইও,O
,দুর্বল,O
,অয়,O
,যাই,O
Sentence: 995,কিছু,O
,দিন,O
,ইতে,O
,বালা,O
,তাকে,O
Sentence: 996,তারফর,O
,একের,O
,ফর,O
,এক,O
,অশান্তি,O
,বাড়াত,O
,তাকে,O
Sentence: 997,ইতে,O
,যার,O
,লয়,O
,সম্পর্ক,O
,জড়াইয়ে,O
,তারে,O
,বিয়া,O
,নো,O
,গরিভো,O
,মাগার,O
,সম্পর্ক,O
,রাহিবো,O
Sentence: 998,ইতেে,O
,শুধু,O
,আরে,O
,হাবার,B-FOOD
,টিক,O
,মত,O
,দে,O
,যিবার,O
,লাই,O
,কেউ,O
,হিছু,O
,কইত,O
,নো,O
,ফারে,O
Sentence: 999,আর,O
,তো,O
,অজ্ঞ,O
,হাত,O
,হরচ,O
,লাগে,O
,ইবাও,O
,ইতে,O
,নো,O
,দে,O
Sentence: 1000,বাবা,B-REL
,হিসেবে,O
,ফুয়ারে,B-REL
,বোত,O
,বালোবাসে,O
Sentence: 1001,নো,O
,মাতি,O
,আছিলাম,O
,বুঝাইয়ি,O
,অনেক,O
,লাভ,O
,নো,O
,হো,O
Sentence: 1002,এক,O
,ফর্যায়ে,O
,আবারো,O
,বাড়িত,O
,জানানো,O
,অইয়ে,O
Sentence: 1003,তথন,O
,ইতে,O
,অনেক,O
,খারাপ,O
,আচরন,O
,কইজ্জে,O
Sentence: 1004,ইতে,O
,আর,O
,ফরিবারোর,O
,কাওরে,O
,সম্মান,O
,নো,O
,গরে,O
Sentence: 1005,ইতে,O
,হারোর,O
,হতা,O
,নো,O
,খো,O
,হারোর,O
,বাসাত,O
,নো,O
,যা,O
Sentence: 1006,এরিম্মা,O
,কি,O
,আর,O
,বাবা,B-REL
,মা,B-REL
,সামনে,O
,আসলে,O
,সালাম,O
,পর্যন্ত,O
,নো,O
,দে,O
Sentence: 1007,ইতে,O
,তারোর,O
,লয়,O
,সম্পর্ক,O
,নো,O
,রাখিবো,O
Sentence: 1008,আই,O
,তহন,O
,বলি,O
,কেন,O
,কি,O
,হইয়ে,O
Sentence: 1009,ইতারা,O
,আরে,O
,অনেক,O
,অফমান,O
,কইজ্জে,O
Sentence: 1010,ওনওরা,O
,হোন,O
,ইতে,O
,ফরোকিয়া,O
,গরিবো,O
,বঊ,B-REL
,রে,O
,মারিব,O
,আর,O
,মা,B-REL
,বাপ,B-REL
,চুপ,O
,থাহিবো,O
,নে,O
Sentence: 1011,আর,O
,হোনো,O
,বাই,B-REL
,নেই,O
,আই,O
,ডোর,B-REL
,মাইয়া,I-REL
Sentence: 1012,আর,O
,মদ্যবিত্ত,O
,ফরিবার,O
Sentence: 1013,এসব,O
,হিছু,O
,কেউরে,O
,হই,O
,হোনো,O
,সমাদান,O
,নাই,O
Sentence: 1014,ইতারাা,O
,বলে,O
,আরা,O
,আরোর,O
,বউ,B-REL
,রে,O
,হত,O
,মারি,O
,হোনো,O
,দিন,O
,মুখ,O
,দি,O
,হতা,O
,বের,O
,নো,O
,গরে,O
Sentence: 1015,আর,O
,ওরিও,B-REL
,নেই,O
,মরি,O
,গিয়োয়,O
,বউত,O
,আগোত,O
Sentence: 1016,আরা,O
,বিয়ার,O
,ফর,O
,তুন,O
,আলাদা,O
,তাহি,O
Sentence: 1017,ওরবাড়িত,O
,আর,O
,জামাইয়োর,B-REL
,হিছু,O
,নাই,O
,হারন,O
,ইতার,O
,মা,B-REL
,নাই,O
Sentence: 1018,ইবার,O
,বাপ,B-REL
,বিয়া,O
,কইজ্জে,O
,এরে,O
,বছরোত,O
,একবার,O
,যাওয়া,O
,অয়,O
Sentence: 1019,আই,O
,তুয়ারে,O
,হানা,B-FOOD
,দিয়ির,O
Sentence: 1020,ওনেরা,O
,হোন,O
,যে,O
,জামাই,B-REL
,বালোবাসিয়েরে,O
,হতা,O
,নো,O
,হো,O
Sentence: 1021,এসবোর,O
,ঝামেলার,O
,সমাধান,O
,হরে,O
,ফাইয়ুম,O
Sentence: 1022,আই,O
,বঊত,O
,চেষ্টা,O
,গইজ্জি,O
,যে,O
,আর,O
,হোনো,O
,বুল,O
,আছে,O
,কিনা,O
Sentence: 1023,ইতে,O
,বেজ্ঞুনোরে,O
,হইয়্যে,O
,দে,O
,আই,O
,তো,O
,ইতার,O
,লয়,O
,সংসার,O
,গরি,O
Sentence: 1024,এরিম্মা,O
,নাো,O
,দে,O
,আই,O
,দেহিতে,O
,সুন্দর,O
,নো,O
Sentence: 1025,কোনিক্কা,O
,কেউ,O
,আরে,O
,এক,O
,দেহাত,O
,ফছন্দ,O
,করিবো,O
Sentence: 1026,হনো,O
,উফায়,O
,নো,O
,ফাই,O
,যে,O
,কি,O
,কইজ্জুম,O
Sentence: 1027,উদু,O
,মাত্র,O
,ফুয়ার,B-REL
,মুখোত,O
,তাকিয়েরে,O
,চুপ,O
,গরি,O
,আছি,O
Sentence: 1028,কিন্ত,O
,আই,O
,বাচি,O
,থাকিয়েরে,O
,মরি,O
,গিয়ি,O
Sentence: 1029,আই,O
,আরি,O
,জামাইয়োর,B-REL
,বালোবাসা,O
,সাই,O
Sentence: 1030,আর,O
,ফরিবার,O
,বেগুনের,O
,লয়,O
,ও,O
,হতা,O
,খোক,O
,ইবা,O
,চাই,O
Sentence: 1031,আর,O
,বাবা,B-REL
,মা,B-REL
,বোত,O
,বার,O
,মাফ,O
,সাইয়ে,O
Sentence: 1032,যিবা,O
,ওইয়ে,O
,ওয়,O
,গিয়োয়,O
,তুয়ার,O
,হতাই,O
,নো,O
,মানিলে,O
,আরোর,O
,দোষ,O
Sentence: 1033,আই,O
,সাইলেও,O
,আর,O
,বাবার,O
,বাসায়,O
,চলি,O
,যাইত,O
,ফারি,O
Sentence: 1034,সমাজোর,O
,মানুষ,O
,বোত,O
,হতা,O
,খইবো,O
Sentence: 1035,আর,O
,বাবা,B-REL
,বেরাইম্মা,O
,অয়,O
,যাইবো,O
Sentence: 1036,ইতে,O
,এহন,O
,নিজোর,O
,মুখোত,O
,কইয়েরে,O
,তুয়ার,O
,লাই,O
,আবার,O
,বেজ্ঞুন,O
,টীক,O
,কইজ্জে,O
Sentence: 1037,আরেক,O
,জায়াগাত,O
,বিয়া,O
,গরি,O
,গম,O
,থাহিবা,O
,কেনে,O
,ওইবো,O
Sentence: 1038,ইতে,O
,বাইজ্জা,O
,যা,O
,ইচ্ছা,O
,গরিবো,O
,বঊ,B-REL
,হিসাবোত,O
,আরে,O
,রাখিবো,O
Sentence: 1039,এরে,O
,আর,O
,ফরিবারের,O
,লয়,O
,সম্পর্ক,O
,নো,O
,রাইক্কম,O
Sentence: 1040,আরে,O
,বেশি,O
,মারিতো,O
Sentence: 1041,ফুয়াার,B-REL
,ববিশোতোর,O
,হতা,O
,বাবিয়েরে,O
,চুপ,O
,গরি,O
,আছি,O
Sentence: 1042,আর,O
,বাবা,B-REL
,মাও,B-REL
,এবা,O
,লয়,O
,বোত,O
,হষ্ট,O
,ফার,O
Sentence: 1043,আর,O
,ডোর,B-REL
,মাইয়ে,I-REL
,শুধু,O
,ছুডো,B-REL
,বোন,I-REL
,আছে,O
Sentence: 1044,ওনোর,O
,ফরামর্শ,O
,দেতোক,O
,আই,O
,কি,O
,কইজ্জুম,O
Sentence: 1045,দিন,O
,দিন,O
,মানসিক,O
,অসুস্থ,O
,ওয়,O
,যাইর,O
,গয়,O
Sentence: 1046,কুনো,O
,হতা,O
,খারাপ,O
,লাগিলে,O
,দয়া,O
,করি,O
,মাফ,O
,গরি,O
,দিয়োন,O
Sentence: 1047,আই,O
,ফিরিত,O
,গরি,O
,বিয়া,O
,কইজ্জি,O
Sentence: 1048,আর,O
,জামাইরে,B-REL
,বেশি,O
,বালোবাসি,O
Sentence: 1049,আর,O
,বয়স,O
,উনিশ,O
,বছর,O
Sentence: 1050,এইজ্ঞ,O
,মানুষ,O
,কি,O
,এনে,O
,এনে,O
,খারাপ,O
,হো,O
Sentence: 1051,এরিম্মা,O
,কিছু,O
,কইজ্জুম,O
,যে,O
,ইতার,O
,হাছে,O
,আরে,O
,নো,O
,যাওয়া,O
,লাগে,O
Sentence: 1052,আই,O
,হা্র,O
,কাছে,O
,চাইয়ুম,O
Sentence: 1053,ওনে,O
,থানাত,B-LOC
,গিয়িরে,O
,এইজ্ঞো,O
,মামলা,O
,কইজ্জোন,O
Sentence: 1054,ফুলিশেরো,B-ROLE
,বেয়াক্কুন,O
,খুলিয়েরে,O
,হন,O
,অনের,O
,ফোয়ারিত,O
,যাযা,O
,অইয়ে,O
Sentence: 1055,ফুলিশেরো,B-ROLE
,ইয়ানো,O
,হন,O
,আই,O
,যদি,O
,হোন,O
,সমইস্যার,O
,সমাধান,O
,নো,O
,ফাই,O
Sentence: 1056,আই,O
,কিন্তু,O
,আত্মহত্যা,O
,গরিবেল্লাই,O
,বাধ্য,O
,অইয়ুম,O
Sentence: 1057,ইয়ানত,O
,ফুলুশর,B-ROLE
,উওরত,O
,চাপ,O
,আইবোদে,O
Sentence: 1058,অনের,O
,মা,B-REL
,আর,O
,জামাই,B-REL
,সতর্ক,O
,অইবো,O
,অনর,O
,ফ্রতি,O
Sentence: 1059,অনে,O
,যদি,O
,ফুলুশেরে,B-ROLE
,বেয়াক্কুন,O
,খোওয়াইয়েরে,O
,হন,O
,তাইলে,O
,দেখিবান,O
,সমইস্যা,O
,সমধান,O
,অই,O
,গিয়ি,O
Sentence: 1060,অনে,O
,এক্কান,O
,সাহাইয্য,O
,ফাইতে,O
,লাইজ্ঞন,O
,গুলুশর,B-ROLE
,হাসত্তুন,O
Sentence: 1061,আই,O
,হইয়ুম,O
,অনে,O
,তালাকর,O
,ফত,O
,বাসি,O
,লইয়ন,O
Sentence: 1062,নিজের,O
,ডইল্লে,O
,গরিয়েরে,O
,বাসন,O
Sentence: 1063,বুই,O
,বেলাত,O
,দাইল,B-FOOD
,ভাত,I-FOOD
,হাইয়েরে,O
,নিজের,O
,ডইল্লে,O
,তন,O
,বহুত,O
,ভালা,O
Sentence: 1064,যাই,O
,অক,O
,মায়ের,B-REL
,হাসে,O
,বহুত,O
,কিছু,O
,ফোনের,O
,তাকিলেও,O
,তেমন,O
,কিছু,O
,নো,O
,ফান,O
Sentence: 1065,অন্যসাইডদ্দি,O
,অনের,O
,জামাই,B-REL
,ও,O
,ভালা,O
,নো,O
Sentence: 1066,অনের,O
,দুই,O
,মিক্কেই,O
,জালা,O
,আসেদে,O
Sentence: 1067,কিছু,O
,কিছু,O
,বিষয়ত,O
,হোন,O
,সমাধান,O
,নো,O
,তাহে,O
Sentence: 1068,আবশ্যই,O
,আল্লার,O
,হাসে,O
,নমাজ,O
,ফরিয়েরে,O
,দোয়া,O
,গরিবান,O
,শান্তির,O
,লাই,O
Sentence: 1069,নিজেরে,O
,যোগ্য,O
,গরিয়েরে,O
,তুলিত্তারিবান,O
Sentence: 1070,নিজে,O
,নিজর,O
,জীবন,O
,ফরিচালনা,O
,গরিত্তারিবান,O
Sentence: 1071,অনর,O
,লাই,O
,শুভকামনা,O
Sentence: 1072,অনে,O
,নিজে,O
,কিছু,O
,গরিবার,O
,চেস্টা,O
,গরিবান,O
,যেন,O
,ফরিবারর,O
,সাহাইয্য,O
,অয়,O
Sentence: 1073,বেয়াক্কুন,O
,এক,O
,ফোয়ারিত,O
,হারাফ,O
,নো,O
,অয়,O
Sentence: 1074,ওরা,O
,অনেরে,O
,কেনে,O
,চায়,O
,ইতারার,O
,ডইল্লে,O
,অইবের,O
,চেস্টা,O
,গরন,O
Sentence: 1075,আশা,O
,গরির,O
,বেয়াক্কিছু,O
,সমাধান,O
,অই,O
,যাইবোদে,O
Sentence: 1076,আর,O
,বিয়া,O
,অইয়েদে,O
,৯,O
,বছর,O
Sentence: 1077,ফ্রেম,O
,হরিয়েরে,O
,বিয়া,O
,কিন্তু,O
,ফারাবারিক,O
,ভাবে,O
,অইয়ে,O
Sentence: 1078,ফ্রতমেত্তু,O
,আর,O
,অউরি,B-REL
,আরে,O
,ভালোবাসে,O
Sentence: 1079,ইতারা,O
,আর,O
,জামাইর,B-REL
,ফোয়ারি,O
,এক্কান,O
,অশিক্ষিত,O
,মাইয়াফোয়ার,O
,বিয়া,O
,দিত,O
,চাইল,O
Sentence: 1080,তারার,O
,গরর,O
,হামর,B-ROLE
,লোক,I-ROLE
,রাহিবেল্লাই,O
,চাইলো,O
Sentence: 1081,আর,O
,জামাই,B-REL
,আরে,O
,ফসন্দ,O
,গরিয়েরে,O
,বিয়া,O
,গইজ্জে,O
Sentence: 1082,গত,O
,৯,O
,কান,O
,বছর,O
,তারা,O
,আফোয়ারিত,O
,আইজো,O
,টানা,O
,৯,O
,দিন,O
,হতা,O
,নো,O
,হয়,O
Sentence: 1083,হোন,O
,আত্মীয়,B-REL
,স্বজন,O
,আর,O
,বাসাত,O
,আইলে,O
,তারার,O
,ফোয়ারির,O
,সম্পর্ক,O
,হারাফ,O
,গইত্ত,O
Sentence: 1084,আরা,O
,ফারিবারিকরহারনে,O
,এক,O
,বছরর,O
,লাই,O
,এহন,O
,নিজ,O
,বাড়িত্তুন,O
,আন্য,O
,জায়গাত,O
,আসি,O
Sentence: 1085,নিজর,O
,বারিত,O
,আইয়েরে,O
,ফুনি,O
,ফুরো,O
,এলাহাত,O
,আরার,O
,নামে,O
,হারাফ,O
,হতা,O
,হর,O
Sentence: 1086,আরার,O
,বিরুদ্ধে,O
,বুঝাইয়ে,O
,আর,O
,জামাইরে,B-REL
,তাবিজ,B-OBJ
,গইজ্জে,O
,দে,O
,নিজ,O
,বাড়িত্তুন,O
,সরাই,O
,ফেলাই,O
Sentence: 1087,বেয়াক্কুন,O
,সম্পত্তি,O
,বেসিয়েরে,O
,জামাইরে,B-REL
,সারি,O
,জাইয়ুম,O
,দে।,O
Sentence: 1088,তোওয়ার,O
,বউ,B-REL
,নাকি,O
,তোওয়ার,O
,সম্পদ,O
,বেসি,O
,ফেলাইয়ে,O
Sentence: 1089,আর,O
,জামাই,B-REL
,বেয়াক্কুনর,O
,বুঝাই,O
,বুঝাই,O
,যে,O
,আই,O
,এইল্লে,O
,কিছু,O
,নো,O
,গরির,O
Sentence: 1090,মান,O
,সম্মানের,O
,ভাই,O
,হনিক্কে,O
,কিছু,O
,নো,O
,হর,O
Sentence: 1091,আরার,O
,"তিন
",O
,বছরর,O
,ফ্রেম,O
Sentence: 1092,ফওয়া,B-REL
,ইবা,O
,বাপ,B-REL
,চাচার,B-REL
,ডরত,O
,কিছু,O
,নো,O
,হর,O
Sentence: 1093,আর,O
,হাসদ্দি,O
,আরো,O
,সময়,O
,চাইতো,O
Sentence: 1094,আর,O
,বয়স,O
,তহন,O
,১৬ত,O
,ফইজ্জে,O
Sentence: 1095,এসমত,O
,মাইয়াফোয়ার,O
,লাই,O
,ইন,O
,বহুত,O
,বয়স,O
Sentence: 1096,নারিত্তুন,O
,ফোয়া,O
,চার,O
Sentence: 1097,তোর,O
,ডর,B-ROLE
,ভাইর,I-ROLE
,ফোয়ারিত,O
,বিয়া,O
,ঠিক,O
,অইল,O
Sentence: 1098,আই,O
,এহন,O
,তোর,O
,ডর,B-ROLE
,ভাইর,I-ROLE
,ফোয়ারিত,O
,বিয়া,O
,গইত্তাম,O
,নো,O
,চাইর,O
Sentence: 1099,আই,O
,আরো,O
,এক্কান,O
,বছর,O
,ফোর,O
,বিয়া,O
,গইত্তাম,O
,চাই,O
Sentence: 1100,ফওয়া,O
,ইবা,O
,বাবার,B-REL
,লোগে,O
,হতা,O
,হইয়েরে,O
,আর,O
,বিয়া,O
,ঠিক,O
,গরে,O
Sentence: 1101,ইয়ার,O
,মাঝদ্দি,O
,এক্কান,O
,দূর,O
,ঘটনা,O
,গটি,O
,গিল,O
Sentence: 1102,সে,O
,তার,O
,বাবার,B-REL
,ডরত,O
,হতা,O
,হইন্নো,O
,ফারে,O
Sentence: 1103,আই,O
,এহনি,O
,বিয়া,O
,গইত্তাম,O
,চাইর,O
Sentence: 1104,আর,O
,বেয়াক,O
,শেষ,O
,অই,O
,গিয়ি,O
Sentence: 1105,দয়া,O
,গরি,O
,তুই,O
,তোওয়ার,O
,ফরিবারর,O
,ফসন্দ,O
,মতন,O
,বিয়া,O
,গরি,O
,ফেলো,O
Sentence: 1106,এই,O
,সাহস,O
,কান,O
,আর,O
,নাই,O
Sentence: 1107,আরে,O
,ভালোবাসিলে,O
,উফকার,O
,ইয়ান,O
,গরো,O
,তোওয়ার,O
,টেংত,O
,ফরি,O
Sentence: 1108,বেজ্ঞুন,O
,উনিয়েরে,O
,টিক,O
,বুইজ্জি,O
,দে,O
,এহন,O
,আর,O
,এরের,O
,তুন,O
,লআব,O
,ন,O
,অইবো,O
Sentence: 1109,তোর,O
,ডর,B-ROLE
,ভাইরে,I-ROLE
,বিয়া,O
,গরন,O
,ফরিব,O
,এহন,O
Sentence: 1110,নাড়িত,O
,হইলাম,O
,বিয়া,O
,ইয়ানত,O
,আই,O
,রাজি,O
,নো,O
Sentence: 1111,যত,O
,হারাহারি,O
,সম্ভব,O
,বিয়ার,O
,ব্যবস্থা,O
,গরো,O
Sentence: 1112,১৫,O
,দিনের,O
,ভিতরত,O
,আর,O
,বিয়া,O
,অইগিল,O
Sentence: 1113,এই,O
,কাহিনি,O
,ইয়ান,O
,ফুনিয়েরে,O
,অভাক,O
,অইলাম,O
Sentence: 1114,আই,O
,এক্কান,O
,সমইস্যাত,O
,ফরি,O
,গেইলামদয়া,O
,গরিয়েরে,O
,হনিক্কায়,O
,আসাআসি,O
,নো,O
,গইজ্জন,O
Sentence: 1115,আর,O
,ফ্রেমিকার,B-REL
,ফরিবার,O
,ডিফেন্সর,O
,লোক,O
,ফসন্দ,O
,নো,O
,গরে,O
Sentence: 1116,তবে,O
,আর,O
,ফ্রেমিকা,B-REL
,আরে,O
,হইয়ে,O
,আই,O
,তারে,O
,যেনে,O
,রাইক্কুন,O
,এনেই,O
,তাকিবো,O
Sentence: 1117,তাই,O
,আই,O
,তারে,O
,লুকাইয়েরে,O
,বিয়া,O
,গইত্তাম,O
,চাই,O
Sentence: 1118,আর,O
,ফ্রেমিকার,B-REL
,বয়স,O
,উনিশ,O
Sentence: 1119,আই,O
,যাইর,O
,ট্রেনিং,O
,অত,O
,আইয়েরে,O
,বিয়া,O
,গইজ্জুম।,O
Sentence: 1120,যদি,O
,লুকাইয়েরে,O
,বিয়া,O
,গরি,O
,তারফরে,O
,তার,O
,ফ্যামিলি,O
,কি,O
,হোন,O
,সমইস্যা,O
,গরিবো,O
,না,O
Sentence: 1121,আরার,O
,ফরিবারেত্তুন,O
,তার,O
,ফরিবার,O
,বহুত,O
,ডর,O
Sentence: 1122,আই,O
,ঢাহা,B-LOC
,তাহি,O
,এক্কা,O
,ফ্রাইবেট,B-ORG
,বিশ্ববিদ্যালয়ত,I-ORG
,ফন্না,O
,ফরি,O
Sentence: 1123,তার,O
,ফোয়ারির,O
,ফরিচয়,O
,তারে,O
,ফরাইতে,O
,গেইল।,O
Sentence: 1124,দয়া,O
,গরিয়েরে,O
,ফরামর্শ,O
,দোন,O
,বিয়ার,O
,ফরদ্দি,O
,কি,O
,তার,O
,ফরিবার,O
,হোন,O
,সমইস্যা,O
,গরিত্তারে,O
,না,O
Sentence: 1125,আই,O
,আর,O
,ফ্রেমিত,B-REL
,একই,O
,স্কুলত,B-ORG
,ফইত্তাম,O
Sentence: 1126,ক্লাস,O
,নাইনত,O
,আরার,O
,ফ্রথম,O
,হতা,O
,অয়,O
,আরার,O
,ফেসবুকত,B-ORG
Sentence: 1127,এয়ার,O
,ফরত,O
,ক্লাস,O
,টেনত,O
,রিলেশনত,O
,গেইলাম,O
Sentence: 1128,আর,O
,বন্ধুত্ব,B-REL
,ছাড়া,O
,অন্য,O
,কিছুর,O
,ইচ্ছা,O
,নো,O
,আসিল,O
Sentence: 1129,কিন্তু,O
,ফোয়া,O
,ইবা,O
,বহুত,O
,ভালা,O
,হনো,O
,নেশা,O
,নো,O
,আসিল,O
Sentence: 1130,আই,O
,বেয়াক্কিছু,O
,বুঝিয়েরে,O
,ফ্রেমত,O
,গেইলাম,O
Sentence: 1131,ফ্রথম,O
,দিকত,O
,এইল্লে,O
,ভালোনোবাসিতাম,O
Sentence: 1132,আরার,O
,ম্যাক্সিমাম,O
,হতা,O
,অইয়ে,O
,অনলাইনত,O
Sentence: 1133,ততদিনত,O
,আই,O
,তারে,O
,বহুত,O
,ভালোবাসি,O
,ফেলাইয়ে,O
Sentence: 1134,তার,O
,আর,O
,আর,O
,স্কুলত,B-REL
,ফ্রেন্ড,I-REL
,তারা,O
,জানিত,O
Sentence: 1135,তারা,O
,আরে,O
,ফসন্দ,O
,গইত্ত,O
,চাইত,O
,আরার,O
,সনফরক,O
,আবার,O
,জোড়া,O
,লাগিবেল্লাই,O
Sentence: 1136,এইল্লে,O
,গরিয়েরে,O
,গেঞ্জাম,O
,অয়,O
,আবার,O
,মিল,O
,অয়,O
,এইল্লে,O
,গইত্তে,O
,গইত্তে,O
,পাঁচ,O
,বছর,O
,ফার,O
,অই,O
,গিয়ে,O
Sentence: 1137,আর,O
,অসুস্ততার,O
,লাই,O
,আর,O
,এক,O
,বছর,O
,গ্যাপ,O
,অই,O
,গেইল,O
Sentence: 1138,আই,O
,এহন,O
,বহুত,O
,অসুস্থ,O
Sentence: 1139,আই,O
,কেনে,O
,এহন,O
,তারে,O
,ভুলি,O
,যাই,O
Sentence: 1140,আর,O
,বয়স,O
,পঁচিশ,O
,অইলেও,O
,আই,O
,পাঁচ,O
,বছর,O
,হন্সিডার,O
,গইত্তাম,O
Sentence: 1141,আই,O
,তারে,O
,ছাড়া,O
,হোন,O
,ভাবেই,O
,নাই,O
,পাঁচ,O
,বছরত,O
Sentence: 1142,মজা,O
,গরিয়েরে,O
,তারে,O
,অন্য,O
,ফোয়ার,O
,হতা,O
,হইয়েরে,O
,চেতাইয়ি,O
,বহুত,O
Sentence: 1143,তারেই,O
,বহুত,O
,ভালোবাদি,O
,তারে,O
,ছারিনেল্লাই,O
,নো,O
,চাই,O
Sentence: 1144,আই,O
,বুঝি,O
,গেয়ি,O
,ফোয়া,O
,ইবারে,O
,ছাড়া,O
,আই,O
,তাকিন্নো,O
,ফাইজ্জুম,O
Sentence: 1145,এহঅন,O
,সে,O
,আরে,O
,হদ্দে,O
,আই,O
,যেন,O
,তার,O
,লাইফ্রত্তুন,O
,চলি,O
,যাই,O
Sentence: 1146,আই,O
,বহুত,O
,চিন্তায়,O
,ফরি,O
,গিয়ি,O
,আই,O
,কিত্তাম,O
Sentence: 1147,এক,O
,সমত,O
,যাই,O
,যদি,O
,হয়,O
,সে,O
,দরি,O
,রাকিত্তাইত্তো,O
Sentence: 1148,অনেরা,O
,হন,O
,আই,O
,আসলে,O
,কিত্তাম,O
Sentence: 1149,বাংলাদেশী,B-ROLE
,মাইয়াফোয়া,I-ROLE
,ইবা,O
,ফরিবার,O
,সহ,O
,নিউজিল্যান্ডত,B-LOC
,তাহে,O
Sentence: 1150,ইয়ানতঐ,O
,এক,O
,বাংলাদেশী,B-ROLE
,ফোয়ার,I-ROLE
,ফোয়ারিত,O
,ফরিচয়,O
,অয়,O
,ইয়ার,O
,ফর,O
,সম্পর্ক,O
Sentence: 1151,বিয়া,O
,ইয়া,O
,অই,O
,দেশেত,B-LOC
,গইত্তে,O
,চাইলো,O
,কিন্তু,O
,ফোয়ার,O
,ইচ্ছা,O
,মতন,O
,বাংলাদেশত,B-LOC
,আইয়েরে,O
,দুইজন,O
,বিয়া,O
,গরিবো।,O
Sentence: 1152,ফোয়া,O
,এক,O
,মাস,O
,আগদ্দি,O
,বাংলাদেশত,B-LOC
,আইসসে,O
,এই,O
,ঈদত,O
,তারার,O
,বিয়া,O
,অইবের,O
,হতা,O
Sentence: 1153,মাইয়া,O
,ফোয়া,O
,ঈদর,O
,হয়েকদিন,O
,আগদ্দি,O
,দেশত,B-LOC
,আইবের,O
,হতা,O
,আসি,O
Sentence: 1154,কিন্তু,O
,ফোয়া,O
,বাংলাদেশত,B-LOC
,আইবের,O
,ফোরে,O
,অই,O
,মাইয়া,O
,ফোয়া,O
,ইবার,O
,ফোয়ারিত,O
,যোগাযোগ,O
,বন্ধ,O
,গরি,O
,দিয়ি,O
Sentence: 1155,মাইয়া,O
,ফোয়া,O
,ইবা,O
,বিভিন্নভাবে,O
,চেস্টা,O
,গরিয়েরে,O
,যোগাযোগ,O
,গরিন্নো,O
,ফারের,O
Sentence: 1156,মাইয়া,O
,ফোয়া,O
,ইবা,O
,সপ্তা,O
,হানিক,O
,আগদ্দি,O
,তার,O
,ফোয়ারিত,O
,ঘটি,O
,যন,O
,হতা,O
,ইন,O
,আরারে,O
,ফুনাইয়ে,O
Sentence: 1157,ফোয়া,O
,ইবারে,O
,কুঝি,O
,বাইর,O
,গরিবেল্লাই,O
,আরাত্তুন,O
,সাহায্য,O
,চাইয়ে,O
Sentence: 1158,মাইয়া,O
,ফোয়া,O
,ইবার,O
,ঘটনা,O
,ফুনিয়েরে,O
,তারে,O
,দেশত,B-LOC
,আইবেল্লেই,O
,হইলাম,O
Sentence: 1159,সে,O
,তার,O
,ফরিবার,O
,ছাড়া,O
,ঈদর,O
,আগদ্দিন,O
,আইসসে,O
Sentence: 1160,ফোয়ারে,O
,কুঝি,O
,ফাইবেল্লাই,O
,শুধু,O
,উনার,O
,হাসত,O
,ফোয়ার,O
,পাসপোর্ট,B-OBJ
,কফি,I-OBJ
,চবি,I-OBJ
,আসিল,O
,এক্কান,O
Sentence: 1161,আরা,O
,মাইয়া,O
,ফোয়া,O
,ইবারে,O
,লইয়েরে,O
,ফোয়া,O
,ইবার,O
,বাসাত,O
,গেইয়ি,O
Sentence: 1162,বাসাত,O
,ফোয়া,O
,উদ্দো,O
,বেয়াক্কুন,O
,আসিল,O
Sentence: 1163,মাইয়াফোয়া,O
,ইবারে,O
,দেহিয়েরে,O
,ডর,O
,ফাইয়ে,O
Sentence: 1164,ফোয়া,O
,বাংলাদেশেত,B-LOC
,আইয়েরে,O
,বিয়া,O
,ঠিক,O
,গইজ্জে,O
,দে,O
Sentence: 1165,সামনোর,O
,শুক্রবার,O
,ফোয়ার,O
,বিয়া,O
,ইতার,O
,ফরিবারর,O
,ফসন্দর,O
,মাইয়াফোয়ার,O
,ফোয়ারিত,O
Sentence: 1166,মাইয়া,O
,ফোয়া,O
,ইবা,O
,বেয়াক,O
,হতা,O
,ইয়াতারারে,O
,হই,O
,দিয়ি,O
Sentence: 1167,ফোয়ার,O
,ফরিবার,O
,ভালা,O
,বহুত,O
,আসিল,O
Sentence: 1168,ফোয়া,O
,বাংলাদেশেত,O
,আইয়েরে,O
,বিয়া,O
,ঠিক,O
,গইজ্জে,O
Sentence: 1169,ফোয়ার,O
,মা,B-REL
,বাবা,B-REL
,বিয়াত,O
,রাজি,O
,অয়,O
Sentence: 1170,মাইয়াফোয়া,O
,ইবার,O
,ফরিবারর,O
,ফোয়ারিত,B-OBJ
,হতা,O
,হয়,O
Sentence: 1171,তারা,O
,দুইজন,O
,নিউজিল্যান্ড,B-LOC
,ফিরি,O
,যাইবো,O
,দে,O
Sentence: 1172,আই,O
,বিয়েত্তে,O
Sentence: 1173,দুই,O
,বছর,O
,আগদ্দি,O
,আই,O
,নিজর,O
,ফসন্দ,O
,মতন,O
,বয়া,O
,গইজ্জিলাম,O
Sentence: 1174,আর,O
,বউয়াত্তুন,B-REL
,৮,O
,বছরর,O
,ছোড,O
Sentence: 1175,আই,O
,বউ,B-REL
,দেহিতও,O
,সুন্দর,O
Sentence: 1176,আই,O
,বেহার,O
Sentence: 1177,টুকটাক,O
,ফন্না,O
,ফরাইয়েরে,O
,যা,O
,আইয়ে,O
,তা,O
,দিয়েরে,O
,হাতহরস,O
,নো,O
,চলে,O
Sentence: 1178,তার,O
,বেয়াক,O
,হরস,O
,তার,O
,মা,B-REL
,বাবা,B-REL
,চালায়দে,O
Sentence: 1179,সে,O
,হন,O
,সমত,O
,আর,O
,আতর,O
,বাইরত,O
,নো,O
,চায়,O
Sentence: 1180,আরার,O
,ভিতরত,O
,ভালোবাসার,O
,হোন,O
,হমতি,O
,নাই,O
Sentence: 1181,আরে,O
,বেয়াগ,O
,সমত,O
,আগাই,O
,যাইবার,O
,অনুফ্রেরনা,O
,গরে,O
Sentence: 1182,ভালোবাসাতাহিলে,O
,বেয়াক,O
,কিছুই,O
,সুন্দর,O
Sentence: 1183,যেকোন,O
,সমত,O
,মোকাবেলা,O
,গরন,O
,যাই,O
Sentence: 1184,অনেরাও,O
,অনেরার,O
,জীবনসঙ্গীরে,B-REL
,ভালোভাসন,O
Sentence: 1185,তারার,O
,চন,O
,নো,O
,চন,O
,গুরুত্ব,O
,দোন,O
Sentence: 1186,একে,O
,অফোরর,O
,ফাসে,O
,তাহিবার,O
,সাহস্কান,O
,দোন,O
Sentence: 1187,আই,O
,দুই হাজার ষোল,O
,ত্তুন,O
,তাহুরারে,B-PER
,ভালোবাসি,O
Sentence: 1188,আজিয়া,O
,আরে,O
,হর,O
,আই,O
,নাকি,O
,অযোগ্য,O
Sentence: 1189,আই,O
,নাকি,O
,বেইমান,O
Sentence: 1190,আই,O
,নাকি,O
,মরি,O
,গেলে,O
,তার,O
,এক্কান,O
,আফসোস,O
,তাকিবো,O
,ইন,O
,অইলদেকি,O
,আই,O
,নাকি,O
,তারে,O
,হোন,O
,দিন,O
,নো,O
,বিঝি,O
Sentence: 1191,আই,O
,হইলা,O
,চলো,O
,হাজি,B-ORG
,অফিসত,I-ORG
,যাইয়েরে,O
,বিয়া,O
,গরি,O
,ফেলাই,O
Sentence: 1192,আরে,O
,আল্লার,O
,হসম,O
,দিয়েরে,O
,হইলো,O
,ইন,O
,নো,O
,ফারিবো,O
Sentence: 1193,আর,O
,ফোন,O
,নাম্বার,O
,ব্লক,O
,গরি,O
,দিয়ি,O
Sentence: 1194,আরার,O
,ফরিবারর,O
,অর্থনৈতিক,O
,অবস্থা,O
,বর্তমানে,O
,খুব,O
,হারাফ,O
Sentence: 1195,আই,O
,টুকটাক,O
,অনলাইনত,O
,হাম,O
,গরি,O
Sentence: 1196,আই,O
,বহুতবার,O
,তার,O
,হাসে,O
,ক্ষমা,O
,চাইলাম,O
Sentence: 1197,আই,O
,বহুবার,O
,হইয়ি,O
,এল্লা,O
,আর,O
,নো,O
,অইবো,O
Sentence: 1198,সে,O
,রাগ,O
,গরিয়েরে,O
,আর,O
,হতা,O
,নো,O
,হয়,O
Sentence: 1199,কিন্তু,O
,সে,O
,তার,O
,মনর,O
,ডইল্লে,O
Sentence: 1200,আই,O
,অসুস্থ,O
,আরে,O
,একবারও,O
,জিজ্ঞেস,O
,নো,O
,গরে,O
,আই,O
,কেন,O
,আসি,O
Sentence: 1201,গতহাল,O
,লাতিয়া,O
,আরে,O
,হই,O
,দিয়ে,O
,আই,O
,নাকি,O
,বেইমান,O
Sentence: 1202,তার,O
,লাই,O
,ফরিবার,O
,মানিকে,O
,বিয়া,O
,অইবো,O
,নো,O
,অইলে,O
,নো,O
,অইবো,O
Sentence: 1203,আর,O
,৭,O
,বছরর,O
,বেয়াক্কিসু,O
,শেষ,O
Sentence: 1204,আরার,O
,৩,O
,বছরর,O
,সংসার,O
,বাইচ্চা,B-REL
,নো,O
,অয়,O
Sentence: 1205,আই,O
,এক্কান,O
,সরহারি,O
,যরি,O
,গরি,O
,সে,O
,কিছু,O
,নো,O
,গরে,O
Sentence: 1206,বাবার,B-REL
,টেয়ার,B-OBJ
,উওরত,O
,হায়,O
,নেশা,O
,গরন,O
,হইজ্জে,O
,গরন,O
,নিয়মিত,O
,হাম।,O
Sentence: 1207,আজিয়া,O
,লাতিয়া,O
,গাত,O
,আত,O
,তুইল্লে,O
Sentence: 1208,আর,O
,ডর,B-REL
,ভোইনর,I-REL
,বিয়া,O
,অইয়ে,O
,১৩,O
,বছর,O
Sentence: 1209,বিয়ার,O
,এক,O
,বছর,O
,ফর,O
,এক্কান,O
,মাইয়াফোয়া,B-REL
,অয়,O
Sentence: 1210,কিন্তু,O
,কিছু,O
,ফরি,O
,তারার,O
,ভিতরত,O
,ঝামেলা,O
,শুরু,O
,অয়,O
Sentence: 1211,বহুবার,O
,বেয়াকে,O
,হতা,O
,হইয়ে,O
,বোঝাইত,O
,চাইয়ে,O
,যে,O
,কি,O
,সমইস্যা,O
,সমাধান,O
,নো,O
,অয়,O
Sentence: 1212,আর,O
,ভোইনও,B-REL
,নো,O
,চাইতো,O
,চত,O
,তালাকর,O
,লাই,O
Sentence: 1213,মাইয়াফোয়ার,B-REL
,মুখর,O
,মিক্কে,O
,সাইয়েরে,O
,হইজ্জে,O
,গরি,O
,যাইতো,O
Sentence: 1214,মাইয়াফোয়ার,B-REL
,ফড়ার,O
,হরন,O
,নো,O
,দেয়,O
,ঠিকগরি,O
Sentence: 1215,আর,O
,ফরিবারর,O
,বেয়াক্কুনে,O
,আজে,O
,বাযে,O
,হতা,O
,হর,O
Sentence: 1216,সে,O
,ভোইনর,B-REL
,গাত,O
,আত,O
,তুলে,O
,ইন,O
,বেয়াক্কুন,O
,যানে,O
Sentence: 1217,আরা,O
,তারে,O
,হইলাম,O
,মিলিয়েরে,O
,হতা,O
,হোনা,O
,কি,O
,সমইস্যা,O
Sentence: 1218,কিন্তু,O
,সে,O
,হইয়ে,O
,যা,O
,হোনর,O
,তালাক,B-OBJ
,নামাত,I-OBJ
,হইবো,O
Sentence: 1219,এহন,O
,আরা,O
,কিত্তাম,O
Sentence: 1220,একজন,O
,মাইয়াফোয়ার,O
,সংসারত,O
,এইল্লে,O
,অসান্তি,O
,অইত্তারে,O
,না,O
Sentence: 1221,আর,O
,ভাই,B-REL
,আরার,O
,গডা,O
,ফরিবার,O
,দেহা,O
,শুনা,O
,গরে,O
,দে,O
Sentence: 1222,আর,O
,আব্বু,B-REL
,রাজি,O
,নো,O
,আসিন,O
,কিন্তু,O
,আই,O
,আর,O
,আম্মু,B-REL
,মিলিয়েরে,O
,জোর,O
,গরি,O
,রাজি,O
,গরাইয়ি।,O
Sentence: 1223,মাইয়া,O
,দেহিয়েরে,O
,ভাইয়ার,B-REL
,ফসন্দ,O
,অইয়ে,O
Sentence: 1224,বিয়ার,O
,৩,O
,বছর,O
,ভালোই,O
,চইল্লে,O
Sentence: 1225,আর,O
,ভাইওর,B-REL
,অবস্থা,O
,এইল্লে,O
,ভালা,O
,নো,O
Sentence: 1226,মাইয়ার,B-REL
,মা,B-REL
,ইন,O
,দেহিয়্য্যেরে,O
,বিয়া,O
,দিয়ি,O
Sentence: 1227,ইয়ার,O
,ফরত্তুন,O
,মাইয়ার,O
,ফরিবরতন,O
,দেহা,O
,যার,O
Sentence: 1228,আর,O
,মা,B-REL
,বেয়াক,O
,হাম,O
,এহ্লা,O
,গইজ্জে,O
Sentence: 1229,মাইয়ার,B-REL
,মা,B-REL
,একদিনউ,O
,আরার,O
,বাড়ি,O
,নো,O
,আইয়ে,O
Sentence: 1230,আর,O
,আম্মু,B-REL
,ফোয়ারিত,O
,ঝগড়া,O
,গরেদে,O
,আর,O
,ভাইয়র,B-REL
,বউ,I-REL
Sentence: 1231,এই,O
,দুনিয়াত,B-LOC
,আম্মু,B-REL
,আব্বু,B-REL
,ভাই,B-REL
,ছাড়া,O
,হনিক্কা,O
,নাই,O
,আর,O
Sentence: 1232,এই,O
,মাইয়া,O
,রিতিমত,O
,আর,O
,ভাই,B-REL
,আর,O
,মারে,B-REL
,হস্ট,O
,দেদ্দে,O
Sentence: 1233,আর,O
,ভাই,B-REL
,আম্মুরে,B-REL
,দরিয়েরে,O
,হালি,O
,হাদে,O
Sentence: 1234,মা,B-REL
,কিল্লাই,O
,আই,O
,এই,O
,যায়গাত,O
,গেইলাম,O
Sentence: 1235,মাইয়ার,B-REL
,মা,I-REL
,আর,O
,আম্মুরে,B-REL
,হইলো,O
,অনেরার,O
,টইনর,B-OBJ
,ঘর,I-OBJ
,সাইয়েরে,O
,বিয়া,O
,দিয়ি,O
Sentence: 1236,এহ্ন,O
,ইয়ানর,O
,সমাধান,O
,হিদে,O
,ফাইয়ুম,O
Sentence: 1237,আর,O
,জামাই,B-REL
,হাসফাতালত,B-ORG
,আইসসে,O
,আর,O
,আব্বুরে,B-REL
,দেহিতো,O
,নয়,O
,আরে,O
,লইবেল্লাই,O
,আইসসে,O
,দে,O
Sentence: 1238,হাসফাতালত,B-ORG
,আইয়েরে,O
,হর,O
,চলো,O
,বাসাত,O
,যাই,O
Sentence: 1239,হালিয়া,O
,আরার,O
,বাসাত,O
,মেহমান,O
,আইবো,O
Sentence: 1240,মানুষর,O
,বিবেকবুদ্ধি,O
,হত,O
,হারাফ,O
,অইত্তারে,O
Sentence: 1241,আর,O
,বাবা,B-REL
,অসুস্থ,O
,আর,O
,সে,O
,আইসসে,O
,আরে,O
,লইবেল্লাই,O
Sentence: 1242,আই,O
,ওরে,O
,হইদিয়ি,O
,আই,O
,তোওয়ার,O
,ফোয়ারিত,O
,সংসার,O
,নো,O
,গইজ্জুম,O
Sentence: 1243,তোওয়ার,O
,সংসারত,O
,ফ্রয়োজন,O
,মিটাইবেল্লাই,O
,আই,O
,জন্ম,O
,নো,O
,লই,O
Sentence: 1244,আর,O
,বাবার,B-REL
,ফ্রতি,O
,তোওয়া,O
,দায়িত্ব,O
,আসে,O
,না,O
Sentence: 1245,বহুত,O
,তোওয়ার,O
,সংসারর,O
,দায়িত্ব,O
,ফালন,O
,গইজ্জি,O
Sentence: 1246,এহন,O
,আই,O
,আর,O
,বাবার,B-REL
,দায়িত্ব,O
,ফালন,O
,গইজ্জুম,O
Sentence: 1247,আর,O
,জামাই,B-REL
,আর,O
,হতা,O
,ফুনিয়েরে,O
,রাগ,O
,অইয়েরে,O
,হাসফাতালত্তুন,B-ORG
,বাইর,O
,অই,O
,গিয়ি,O
Sentence: 1248,আর,O
,এক্কানউ,O
,হস্ট,O
,নো,O
,অর,O
Sentence: 1249,দয়া,O
,গরি,O
,হনিক্কেরে,O
,ফরিচয়,O
,নো,O
,দিওন,O
Sentence: 1250,বহুত,O
,ফরিচিত,O
,লোকজন,O
,আসে,O
Sentence: 1251,আই,O
,নো,O
,জানি,O
,কেনে,O
,শুরু,O
,গইজ্জুম,O
Sentence: 1252,হনোদিন,O
,নো,O
,ভাবি,O
,এইল্লে,O
,গরি,O
,পোস্ট,O
,গরন,O
,ফরিবো,O
Sentence: 1253,আই,O
,নিজেই,O
,বহুত,O
,মানুষরত,O
,উফদেস,O
,দিয়ি,O
Sentence: 1254,এহন,O
,নিজেই,O
,আর,O
,নো,O
,ফারির,O
Sentence: 1255,যাই,O
,অক,O
,আসল,O
,হতাত,O
,আই,O
Sentence: 1256,আর,O
,বিয়া,O
,অইয়েেদে,O
,দেড়,O
,বছর,O
Sentence: 1257,বলি,O
,রাহা,O
,ভালা,O
,আসিল,O
,আই,O
,আর,O
,আর,O
,জামাইর,B-REL
,দুই,O
,বিয়া,O
Sentence: 1258,আর,O
,বাবা,B-REL
,ভাই,B-REL
,ভোইন,B-REL
,হনিক্কে,O
,নাই,O
Sentence: 1259,আর,O
,বিয়ার,O
,দুই,O
,মাসর,O
,মাতাত,O
,আর,O
,বাবা,B-REL
,ইন্তেকাল,O
,গইজ্জে,O
Sentence: 1260,আর,O
,হাাইল্লে,O
,আম্মু,B-REL
,আসে,O
,দে,O
Sentence: 1261,ফ্রথমত,O
,আর,O
,জামাইর,B-REL
,হতাত,O
,আই,O
Sentence: 1262,আলহামদুলিল্লাহ,O
,সে,O
,এক্কান,O
,ভালা,O
,মানুষ,O
Sentence: 1263,জামাই,B-REL
,হিসেবে,O
,সে,O
,খুব,O
,নিখুদ,O
Sentence: 1264,তারে,O
,লই,O
,আর,O
,হোন,O
,অভিজগ,O
,নাই,O
Sentence: 1265,সমইস্যা,O
,কান,O
,অইলদে,O
,কি,O
,আর,O
,ওরি,B-REL
,মারে,I-REL
,লই,O
Sentence: 1266,আই,O
,খেইয়াল,O
,গইজ্জি,O
,দে,O
,তারার,O
,মার,B-REL
,ফুতর,B-REL
,সম্পর্ক,O
,খুব,O
,হারাফ,O
Sentence: 1267,আর,O
,জামাইর,B-REL
,এক্কা্কান,O
,সমইস্যা,O
,আসে,O
,সে,O
,এক্কানা,O
,সিল্লাই,O
,হতা,O
,হয়,O
Sentence: 1268,আই,O
,দেইক্কি,O
,সব,O
,সমত,O
,এনে,O
,হাম,O
,গরে,O
,যার,O
,হারনে,O
,তার,O
,ফোয়া,B-REL
,রাগ,O
,গরে,O
Sentence: 1269,কিছু,O
,হইলে,O
,ইয়ান,O
,আন্য,O
,ভাবে,O
,লইয়েরে,O
,চিল্লাচিল্লি,O
,গরে,O
Sentence: 1270,উনি,O
,যিয়ান,O
,হইয়ে,O
,ইয়ানই,O
,ঠিক,O
,আর,O
,ইয়ানি,O
,হইবো,O
Sentence: 1271,হারো,O
,হতা,O
,উনি,O
,নো,O
,ফরে,O
Sentence: 1272,উনির,O
,ফোয়ারিত,O
,হনিক্কের,O
,এল্লে,O
,সম্পর্ক,O
,নাই,O
Sentence: 1273,আর,O
,জামাই,B-REL
,বেয়াাক্কিসুত,O
,দোস,O
,কুজে,O
Sentence: 1274,বেয়াক্কুনেরে,O
,হইদোন,O
,আর,O
,ফোয়া,B-REL
,ইদানিং,O
,ফালটি,O
,গিয়োই,O
Sentence: 1275,হালিয়া,O
,এক্কান,O
,ছোডো,O
,বিষয়,O
,লইয়েরে,O
,হোন,O
,বিয়ার,O
,ফোর,O
,মরত,O
,ফওয়াইন,O
,হইল্লে,O
,ফালটি,O
,যায়,O
Sentence: 1276,ইতারার,O
,মা,B-REL
,ফোয়ার,B-REL
,সম্পর্ক,O
,হারাপ,O
,ইয়েনোর,O
,প্রভাব,O
,আর,O
,উওরত,O
,আইয়ে,O
Sentence: 1277,আই,O
,আর,O
,যামাইর,B-REL
,রাগ,O
,কিল্লাই,O
,গোরি,O
,ইতারার,O
,হোতা,O
,এইল্লে,O
,হাডাহাডি,O
,অয়,O
Sentence: 1278,ইতি,O
,আরে,O
,কোন,O
,কামত,O
,লাগের,O
,দে,O
Sentence: 1279,কিছু,O
,কিনো,O
,দিতু,O
,চাইলে,O
,কোনো,O
,মিক্কা,O
,ঘুরাবাইলার,O
,লই,O
,যাইত,O
,চাইলে,O
,ইবার,O
,ভালাগরি,O
,ন,O
,লই,O
Sentence: 1280,ইবে,O
,দে,O
,আমলের,O
,কতা,O
,হর,O
,ইবি,O
,নিজে,O
,কি,O
,গরজ্জী,O
,দে,O
Sentence: 1281,আরার,O
,আর,O
,ইবার,O
,সময়,O
,তো,O
,এক্কই,O
,নো,O
Sentence: 1282,আর,O
,বাসাত,O
,কেউ,O
,আইলে,O
,ইবে,O
,হইজ্জা,O
,শুরু,O
,গরি,O
,দে,O
Sentence: 1283,আরর,O
,জামাই,B-REL
,বাড়ীত,O
,আইলে,O
,বেক্কুনলায়,O
,কিছু,O
,না,O
,কিছু,O
,লই,O
,আয়ই,O
Sentence: 1284,হাজার,O
,হইলেও,O
,ইতি,O
,মারে,B-REL
,লই,O
,কিছু,O
,নো,O
,হই,O
Sentence: 1285,কিন্তু,O
,আই,O
,নিজের,O
,চোখত,O
,হতোবার,O
,দেইখ্খি,O
,ইতি,O
,ইতার,O
,মারে,B-REL
,বওত,O
,ভালোবাসে,O
Sentence: 1286,ইবা,O
,ইবা,O
,কিনতো,O
,গেইলে,O
,আরে,O
,হওয়,O
,দে,O
,ট্যায়া,B-OBJ
,নষ্ট,O
,ন,O
,গরিস,O
Sentence: 1287,আরর,O
,আম্মা,B-REL
,আইস্সে,O
,দে,O
,আরার,O
,গরত,O
,৬,O
,মাস,O
,পর,O
Sentence: 1288,আম্মার,B-REL
,মুঅনে,O
,ইতারা,O
,হইজ্জা,O
,গরে,O
Sentence: 1289,ইতার,O
,কতা,O
,বার্তা,O
,ঠিক,O
,নাই,O
Sentence: 1290,এখত্রে,O
,বয়ইনে,O
,নো,O
,খাই,O
Sentence: 1291,আম্মা,B-REL
,এইন,O
,দেখিনে,O
,বওত,O
,কষ্ট,O
,ফার,O
,তার,O
,উদ্দি,O
,আর,O
,আব্বা,B-REL
,ও,O
,নাই,O
Sentence: 1292,আর,O
,যামাই,B-REL
,ইন,O
,লইয়েরে,O
,কিছু,O
,হইতে,O
,গেলে,O
,মনে,O
,গরেদে,O
,বউ,B-REL
,ফোয়ার,B-REL
,অই,O
,গিয়োই,O
Sentence: 1293,ইবার,O
,উগ্গো,O
,ফোয়া,B-REL
,আছে,O
Sentence: 1294,ইতে,O
,চওরি,O
,গরে,O
,বিয়ে,O
,বিয়ে,O
,নো,O
,গরে,O
Sentence: 1295,মা,B-REL
,ওর,O
,কাছত,O
,ছোড,B-REL
,পোয়া,I-REL
,বেক,O
Sentence: 1296,ইতার,O
,ছোড,B-REL
,পোয়ার,I-REL
,কোনো,O
,দোষ,O
,নাই,O
Sentence: 1297,আই,O
,নিজোর,O
,চোখত,O
,দেইখ্খি,O
,ইতি,O
,ইতার,O
,আম্মার,B-REL
,লাই,O
,খারাপ,O
,কতা,O
,হয়,O
Sentence: 1298,গরর,O
,বেক,O
,ট্যায়া,O
,আর,O
,জামাই,B-REL
,দে,O
,যে,O
Sentence: 1299,বেক,O
,খাম,O
,আই,O
,গরি,O
,ইবে,O
,উগ্গোও,O
,খাম,O
,নো,O
,গরে,O
,তওও,O
,আরা,O
,হারাপ,O
Sentence: 1300,আর,O
,চাচা,B-REL
,ওওর,I-REL
,বেক্কুনে,O
,আলহামদুলিল্লাহ,O
,নিজেগোর,O
,বাড়ি,O
,গাড়ি,B-OBJ
,গরি,O
,ফেলাইই,O
Sentence: 1301,ইতি,O
,নামাজ,O
,কালাম,O
,ও,O
,নো,O
,পড়ে,O
Sentence: 1302,আই,O
,এহন,O
,ইউন,O
,মানিত,O
,নো,O
,পারির,O
Sentence: 1303,আই,O
,চিন্তা,O
,গরির,O
,দি,O
,আই,O
,আলাদা,O
,বাসাত,O
,চলি,O
,যাইয়ুম,O
Sentence: 1304,ইবা,O
,কি,O
,টিক,O
,সিদ্ধান্ত,O
,ওইবো,O
,নে,O
,আরোর,O
,লায়,O
Sentence: 1305,আর,O
,বিয়া,O
,অইয়ে,O
,চাইর,O
,বছর।,O
Sentence: 1306,আর,O
,মা,B-REL
,ইন্তেকাল,O
,গইজ্জে,O
,আট,O
,মাস,O
,আগে,O
Sentence: 1307,আই,O
,আর,O
,বাফোর,B-REL
,একমাত্র,O
,সন্তান,B-REL
Sentence: 1308,মার,B-REL
,ইন্তেকালোর,O
,ফোর,O
,খুব,O
,এহলা,O
,অইগিয়ে,O
Sentence: 1309,তারে,O
,দেহার,O
,লাই,O
,এইল্লে,O
,হনিক্কে,O
,নাই।,O
Sentence: 1310,আই,O
,আর,O
,সাধ্য,O
,মত,O
,চেষ্টা,O
,গরি,O
,বাফোর,B-REL
,হোয,O
,হোবর,O
,লইবেল্লাই,O
Sentence: 1311,আর,O
,অররবাডির,O
,মানুষ,O
,তারা,O
,আরে,O
,এক্কেরে,O
,ফোছন্দ,O
,নো,O
,গরে,O
Sentence: 1312,বাফোর,B-REL
,হজহবর,O
,রাহিবার,O
,চেষ্টা,O
,গরি,O
,সব,O
,সমত,O
Sentence: 1313,আর,O
,জামাই,B-REL
,আর,O
,তারার,O
,বাড়ির,O
,মানুষ,O
,তারা,O
,হোনভাবেই,O
,রাজি,O
,নো,O
Sentence: 1314,এক্কান,O
,মাইয়াফোয়া,O
,বিয়েরফোর,O
,তার,O
,ফরিবারর,O
,প্রতিতার,O
,কি,O
,হোন,O
,দায়িত্ব,O
,তাকিন্ন,O
,ফারে,O
Sentence: 1315,এক্কান,O
,মরত,O
,ফোয়া,O
,তার,O
,মা,B-REL
,বাফোর,B-REL
,দায়িত্ব,O
,ফালন,O
,গরে,O
Sentence: 1316,এক্কান,O
,মাইয়াফোয়াও,B-REL
,যদি,O
,তার,O
,বাফোর,B-REL
,দায়িত্ব,O
,ফালন,O
,গরে,O
,ইয়েনত,O
,সমইস্যা,O
,হডে,O
,আই,O
,নো,O
,যানি,O
Sentence: 1317,ঈদ,O
,অইয়েদে,O
,দুইদিন,O
,ফার,O
,অই,O
,গিয়য়ি,O
Sentence: 1318,আই,O
,আর,O
,বাফোর,O
,বাড়ি,O
,যাইবার,O
,অনুমতি,O
,নো,O
,ফাইর,O
Sentence: 1319,তারার,O
,অনুমতির,O
,অফেক্কা,O
,গরন,O
,ফরের,O
Sentence: 1320,আরা,O
,বেয়াক্কুন,O
,ঢাহাত,B-LOC
,তাকি,O
Sentence: 1321,আরার,O
,ফুরা,O
,বাড়িত,O
,বাবা,B-REL
,এহলা,O
,দুই,O
,তিনজন,O
,মাইনসের,B-ROLE
,ফওয়ারিত,I-ROLE
,আসে,O
Sentence: 1322,বাবা,B-REL
,কুব,O
,গরি,O
,ছার,O
,আরা,O
,যেন,O
,বাসার,B-LOC
,যাই,O
Sentence: 1323,আজিয়া,O
,লাতিয়া,O
,বাবা,B-REL
,হতাৎ,O
,অসুস্থ,O
,অইগিয়ে,O
,ইয়ান,O
,ফুনিয়েরে,O
,হাসফাতালত,B-ORG
,আইসসি,O
Sentence: 1324,লাতিয়া,O
,হাসফাতালত,B-ORG
,আইতে,O
,সাইলাম,O
,ইয়ানতও,O
,বাধা,O
Sentence: 1325,সব,O
,বাধা,O
,ফিচ্চে,O
,ফেলি,O
,এহলা,O
,হাসফাতালত,B-ORG
,আই,O
,গিয়ি,O
Sentence: 1326,আর,O
,জামাই,B-REL
,আর,O
,ফওয়ারিত,O
,আইন্নফারের,O
Sentence: 1327,ইতারার,O
,হতাবার্তা,O
,ফুনি,O
,মনত,O
,অর,O
,আরে,O
,বিয়া,O
,গইজ্জে,O
,মানে,O
,আরে,O
,কিনি,O
,ফেলাইয়ে,O
Sentence: 1328,বাবারে,B-REL
,হাসফাতালত,B-ORG
,সাইয়েরে,O
,খুব,O
,হারাফ,O
,লাইগগে,O
Sentence: 1329,আত্তুন,O
,ভুল,O
,মানুষের,O
,ফোওয়ারিত,O
,সংসার,O
,গইজ্জি,O
Sentence: 1330,নিজের,O
,ফসন্দ,O
,মতন,O
,বিয়া,O
,গরন,O
,ঠিক,O
,নো,O
,অয়,O
Sentence: 1331,আই,O
,এহনেত্তুন,O
,সিদ্ধান্ত,O
,লইয়ি,O
,আর,O
,হনিক্কের,O
,হতা,O
,নো,O
,ফুইন্নুম,O
Sentence: 1332,যতদিন,O
,মনত,O
,ছায়,O
,বাফোর,O
,বাড়িততাইক্কুম,O
,বাবার,B-REL
,সেবা,O
,গইজ্জুম,O
Sentence: 1333,ইয়েনত,O
,যদি,O
,আর,O
,জামাইর,B-REL
,খুব,O
,বেসি,O
,সমইস্যা,O
,অয়,O
Sentence: 1334,তাইলে,O
,আলাদা,O
,অই,O
,যাইয়ুম,O
Sentence: 1335,আর,O
,সিদ্ধান্ত,O
,গম,O
,না,O
,হারাফ,O
,তা,O
,নো,O
,জানি,O
Sentence: 1336,আর,O
,সম্পর্কর,O
,চার,O
,বছর,O
,অই,O
,যার,O
Sentence: 1337,ফোয়া,B-REL
,আর,O
,হনিক্কা,O
,নয়,O
,আর,O
,হালতো,B-REL
,ভাই,I-REL
Sentence: 1338,উনি,O
,বিদেশ,B-LOC
,তাহে,O
,বেস,O
,বেস,O
,আসা,O
,যাওয়া,O
,আসিল,O
Sentence: 1339,এতেল্লাই,O
,সম্পর্কগান,O
,ভালা,O
,আসিল,O
Sentence: 1340,উনি,O
,দেশেত,B-LOC
,আইলে,O
,আত্তুন,O
,এয়ারফোর্টত,B-LOC
,যন,O
,ফইত্তো,O
Sentence: 1341,এয়ারফোরত,O
,আরেক্কান,O
,ফ্লাইটেত,O
,গরি,O
,বাসাত,O
,যন,O
,ফইত্তো,O
Sentence: 1342,আগে,O
,আর,O
,ফোয়ারিত,O
,দেহা,O
,গইত্তো,O
Sentence: 1343,উনি,O
,শুধুমাত্র,O
,আর,O
,ফোয়ারিত,O
,দেহা,O
,গরিবেল্লাই,O
,দেশত,B-LOC
,আইসসে,O
Sentence: 1344,সে,O
,নিজের,O
,বাসাতও,O
,নো,O
,যায়,O
Sentence: 1345,উনার,O
,হামকাজর,O
,ফরে,O
,যদ্দুর,O
,সময়,O
,তাইতো,O
,আর,O
,ফোয়ারিত,O
,হতা,O
,হইত,O
Sentence: 1346,আই,O
,তার,O
,ফোয়ার,B-REL
,গোডা,O
,লাইত,O
,যাগিয়েরে,O
,হতা,O
,হইতাম,O
Sentence: 1347,ডিসেম্বর,O
,মাসত,O
,আর,O
,হতা,O
,হইয়ে,O
,তার,O
,বাসাত,O
Sentence: 1348,তার,O
,বাসাত্তুন,O
,আরে,O
,বিয়াল্লাই,O
,হোনভাবেই,O
,মানি,O
,নো,O
,লই,O
Sentence: 1349,এয়ার,O
,ফরত,O
,আর,O
,ফোয়ারিত,O
,র,O
,যোগাযোগ,O
,নো,O
,রাহে,O
Sentence: 1350,ইয়ানি,O
,তার,O
,ফোরাইত,O
,আর,O
,শেষ,O
,হতা,O
Sentence: 1351,আরে,O
,ব্লক,O
,গরি,O
,দিয়ে,O
,বেগ,O
,যায়গাত্তুন,O
Sentence: 1352,আই,O
,বউত,O
,অসুস্থ,O
Sentence: 1353,গিয়েদে,O
,৬,O
,মাস,O
,আই,O
,গুম,O
,যাইন্নো,O
,ফারি,O
Sentence: 1354,আই,O
,বেস,O
,কিছুদিন,O
,আগেত্তুন,O
,জানি,O
,আর,O
,ভোইন,B-REL
,ডর,I-REL
,ইবা,O
,ফরোকিয়া,O
,গরের,O
Sentence: 1355,তার,O
,অফিসর,B-ORG
,এক,O
,নিয়াইত্তে,O
,বেডার,O
,ফোয়ারিত,O
Sentence: 1356,আর,O
,ভোইন,B-REL
,আ,O
,বিয়াইত্তে,O
Sentence: 1357,আর,O
,ভোইনর,B-REL
,হাম,O
,গাজ,O
,হতা,O
,বাত্রা,O
,সন্দেহজনক,O
,মনে,O
,অইয়ে,O
,আই,O
,এতাল্লাই,O
,তারে,O
,নজরত,O
,রাইক্কিলাম,O
Sentence: 1358,আই,O
,বিশ্বাস,O
,গরিন্নোফারির,O
,আর,O
,ভোইন,B-REL
,এই,O
,হাম্মান,O
,গরিবদে,O
Sentence: 1359,সে,O
,নানান,O
,বাহানা,O
,লইয়েরে,O
,বাসাত,O
,এহলা,O
,তাকিবেল্লাই,O
,চাইতো,O
Sentence: 1360,বাসাত,O
,আই,O
,ছাড়া,O
,হনিক্কায়,O
,হনো,O
,কিছু,O
,নো,O
,যানে,O
Sentence: 1361,আর,O
,বাবা,B-REL
,বাসি,O
,নাই,O
Sentence: 1362,সমাজত,O
,বেয়াক্কুন,O
,আরারে,O
,সম্মান,O
,দি,O
,চলে,O
Sentence: 1363,আর,O
,ভোইন,B-REL
,কিল্লাই,O
,এই,O
,ফোতত,O
,ফা,O
,বাড়াইয়ে,O
,জানাজানি,O
,অইলে,O
,কেনে,O
,মুখ,O
,দেহাইয়ুম,O
,সেই,O
,চিন্তায়,O
,গুম,O
,যাইন্নফারির,O
Sentence: 1364,বাসাত,O
,হারে,O
,হইয়ুম,O
,কেনে,O
,হইয়ুম,O
,নো,O
,বুজির,O
Sentence: 1365,আই,O
,আর,O
,ভোইনত্তুন,B-REL
,বউত,O
,বছরের,O
,ছোড,O
Sentence: 1366,আর,O
,ভোইনেরে,B-REL
,কেনে,O
,এই,O
,ফতেত্তুন,O
,সরাই,O
,আইন্নুম,O
,হনক্কিসু,O
,নো,O
,বুজির,O
Sentence: 1367,বাসাত,O
,ডরে,O
,হইন্নুফারির,O
Sentence: 1368,যদি,O
,আই,O
,জানি,O
,গিয়ে,O
,ইন,O
,ফুনিলে,O
,আর,O
,ক্ষতি,O
,গরিবেল্লাই,O
,চেষ্টা,O
,গরিব,O
Sentence: 1369,বেডা,O
,ইবা,O
,যদি,O
,আর,O
,ভোইনর,B-REL
,হনো,O
,হতি,O
,গরে,O
Sentence: 1370,কি,O
,গরন,O
,উচিত,O
,এইল্লে,O
,ফরিস্থিতিত,O
Sentence: 1371,আত্তুন,O
,মনত,O
,অরদে,O
,ইতারা,O
,জানি,O
,গেইলই,O
,আরে,O
,মারিফেলিবেল্লাই,O
,ইতারা,O
,দুইবার,O
,চিন্তা,O
,নো,O
,গরিবো,O
Sentence: 1372,এতো,O
,এতো,O
,সংসারর,O
,ঝামেলা,O
,সাইয়েরে,O
,পোস্টান,O
,গরন,O
Sentence: 1373,সন্ধ্যায়,O
,আয়ার,O
,মা,B-ROLE
,আইয়েরে,O
,আরে,O
,অভিযোগ,O
,গরের,O
,আর,O
,বাফোর,B-ROLE
,ফোওয়ারিত,O
,ঝগরা,O
,অইয়ে।,O
Sentence: 1374,আগের,O
,হতা,O
,বাদ,O
,আজিয়া,O
,ঝগরার,O
,বিষয়,O
,আব্বু,B-REL
,বিদেশত,B-LOC
,তাজে,O
Sentence: 1375,সে,O
,গোডা,O
,দিন,O
,হত,O
,হস্ট,O
,গরের,O
Sentence: 1376,এক,O
,বেলা,O
,হানাহাইবার,O
,সমত,O
,ফায়,O
,ইয়েন,O
,আম্মুরে,B-REL
,হইয়ে,O
Sentence: 1377,আম্মু,B-REL
,তহন,O
,উল্ডা,O
,হইয়ে,O
,আইও,O
,গোডা,O
,দিন,O
,বহুত,O
,হাম,O
,গোরে,O
Sentence: 1378,গত,O
,হালিয়া,O
,না,O
,হাইয়েরে,O
,রোজা,O
,আসিলাম,O
Sentence: 1379,আব্বু,B-REL
,ইয়ান,O
,ফুনিয়েরে,O
,রাগি,O
,ফোন,O
,হাডি,O
,দিয়ি,O
Sentence: 1380,আই,O
,আম্মুরে,B-REL
,হইলাম,O
,আব্বু,B-REL
,সান্ত্বনা,O
,ফুনিবেল্লাই,O
,সাইয়ে,O
Sentence: 1381,আইও,O
,বুঝি,O
,তুই,O
,বহুত,O
,হস্ট,O
,গর,O
Sentence: 1382,আম্মুর,B-REL
,হতা,O
,হয়েকদিন,O
,আগোদি,O
,আই,O
,তারে,O
,এক্কান,O
,হস্টের,O
,হতা,O
,হইয়ি,O
Sentence: 1383,সে,O
,কি,O
,হাম,O
,গইজ্জে,O
,ইন,O
,আত্তুনও,O
,গরন,O
,ফরিবো,O
Sentence: 1384,এইল্লে,O
,মনভাব,O
,লইয়েরে,O
,হনোদিন,O
,সুখ,O
,নো,O
,আইবো,O
Sentence: 1385,আর,O
,মার,B-REL
,হাসে,O
,আর,O
,জামাই,B-REL
,বেস,O
,গম,O
Sentence: 1386,এক,O
,হতায়,O
,সোনার,O
,টুকরা,O
,জামাই,B-REL
,আর,O
Sentence: 1387,আরে,O
,বুঝে,O
,আর,O
,বেয়াগ,O
,হতা,O
,মানে,O
Sentence: 1388,আর,O
,অইয়েরে,O
,ফ্রতিবাদ,O
,গরে,O
,আরো,O
,হত,O
,গুন,O
Sentence: 1389,আই,O
,তারে,O
,ইন,O
,শিকাইয়ি,O
Sentence: 1390,আই,O
,রাগি,O
,তাকিলেও,O
,সে,O
,নো,O
,বুজিতো,O
Sentence: 1391,আই,O
,পাশে,O
,বাসাত,O
,হইয়ি,O
,এই,O
,হামোরলাই,O
,আর,O
,হারাপ,O
,লার,O
Sentence: 1392,এহন,O
,তুই,O
,আর,O
,হাসে,O
,মাফ,O
,সদ্দে,O
Sentence: 1393,আই,O
,তারে,O
,তার,O
,হামরলাই,O
,হডা,O
,নো,O
,দি,O
Sentence: 1394,আই,O
,এক্কান,O
,হষ্টের,O
,হতা,O
,হইলে,O
,সেও,O
,নিজের,O
,হষ্টের,O
,হতা,O
,হর,O
Sentence: 1395,আই,O
,আর,O
,বিষয়কান,O
,সাইডে,O
,রাহিয়েরে,O
,তারে,O
,সান্তনা,O
,দোন,O
,ফোরের,O
Sentence: 1396,সে,O
,জেইল্লে,O
,আত্তুন,O
,আসা,O
,গরে,O
,এইল্লে,O
,আই,O
,নিজেরে,O
,রাহি,O
Sentence: 1397,আর,O
,হনো,O
,সমত,O
,মনত,O
,নো,O
,অয়,O
,আই,O
,ছোট,O
,অইয়ুম,O
Sentence: 1398,ও,O
,আর,O
,ফোয়ারিত,O
,ইয়ান,O
,গইজ্জে,O
,এতাল্লাই,O
,আইও,O
,ইয়ান,O
,গইজ্জুম,O
Sentence: 1399,ইতে,O
,নো,O
,বুজে,O
,আত্তুনও,O
,ঠেকা,O
,আসে,O
,না,O
,আইও,O
,বুজাইতাম,O
Sentence: 1400,মানুষ,O
,যার,O
,যার,O
,নিজের,O
,ডইল্লে,O
Sentence: 1401,আই,O
,বিশ্বাস,O
,গরি,O
,হনইক্কে,O
,যদি,O
,আরে,O
,নিজের,O
,ডইল্লে,O
,চায়,O
,তাইলে,O
,বানাইত্তারিবো,O
Sentence: 1402,হনইক্কেরে,O
,নিজের,O
,ডইল্লে,O
,বানাইবের,O
,আগদ্দি,O
,আরে,O
,তার,O
,ডইল্লে,O
,অন,O
,ফরিব,O
Sentence: 1403,ইয়ান,O
,জরুরি,O
,নো,O
,সব,O
,সমত,O
,বেয়াক্ককিসু,O
,অরেকজন,O
,গরিবো,O
Sentence: 1404,অনে,O
,নিজে,O
,কিছু,O
,এক্কা,O
,গরন,O
Sentence: 1405,আই,O
,জামাই,B-REL
,ফর,O
,ফর,O
,৩,O
,বছর,O
,আর,O
,জন্মদিন,O
,মনত,O
,নো,O
,রাহে,O
Sentence: 1406,আই,O
,ফর,O
,ফর,O
,৩,O
,বছর,O
,তারে,O
,সারপ্রাইজ,O
,দিয়ি,O
,জন্মদিন,O
Sentence: 1407,আই,O
,কিন্তু,O
,ইয়ান,O
,চিন্তা,O
,নো,O
,গরি,O
,যে,O
,ও,O
,মনত,O
,নো,O
,রাহে,O
,আই,O
,কিল্লাই,O
,মনত,O
,রাহিতাম,O
Sentence: 1408,আর,O
,এই,O
,বছরত,O
,যেই,O
,বিশাল,O
,গরিয়েরে,O
,সারপ্রাইজ,O
,দিয়ে,O
,আরে,O
Sentence: 1409,কেকের,B-FOOD
,উদ্দি,O
,লেখা,O
,আসিল,O
,দে,O
,শুভ,O
,জন্মদিন,O
,আর,O
,বউ,B-REL
Sentence: 1410,সময়,O
,লাইজ্ঞে,O
,যিন,O
,আই,O
,তাত্তুন,O
,সাইয়ি,O
,ঠিক,O
,বাইর,O
,গরি,O
,ফেইল্লি,O
Sentence: 1411,হনিক্কের,O
,হতা,O
,ফুনার,O
,আগদ্দি,O
,ইতার,O
,হতা,O
,ফুনো,O
Sentence: 1412,আরা,O
,৩,O
,ভাই,B-REL
,ভোইন,B-REL
,আই,O
,বেয়াক্কুনের,O
,ডোর,O
Sentence: 1413,আর,O
,মা,B-REL
,ভাই,B-REL
,ভোইন,B-REL
,বরিশাল,B-LOC
,তাহে,O
Sentence: 1414,আই,O
,সিলেট,B-LOC
,তাহি,O
Sentence: 1415,ঢাহাত,B-LOC
,আইয়েরে,O
,এসএসসি,O
,ফরিক্ষা,O
,দিয়ি,O
Sentence: 1416,ছোড,B-REL
,হালার,I-REL
,বাসাত,O
,তাকিয়েরে,O
,ফন্না,O
,ফরিয়েরে,O
,এইচএসসি,O
,ফরিক্ষা,O
,দিয়ি,O
Sentence: 1417,আর,O
,হালার,B-REL
,বাসাত,O
,যন,O
,কি,O
,ঠিক,O
,অইবনা,O
Sentence: 1418,আম্মু,B-REL
,হালা,B-REL
,লেহাফড়ার,O
,লাই,O
,ঢাহাত,B-LOC
,যাইতে,O
,হইলে,O
,আই,O
,যাইন্ন,O
,ফাইজ্জুম,O
Sentence: 1419,ঐ,O
,লোকর,O
,সামনোদি,O
,আই,O
,দারাইন্নো,O
,ফাইজ্জুম,O
Sentence: 1420,আর,O
,ডইল্লে,O
,এইল্লে,O
,ভুল,O
,হনিক্কে,O
,নো,O
,গরে,O
Sentence: 1421,আইতো,O
,আসলেই,O
,ভুল,O
,ফোতে,O
,জরাই,O
,যাইতেম,O
Sentence: 1422,আই,O
,কেনে,O
,বুজিত্তাইত্তাম,O
,মানুষ,O
,তারা,O
,সঠিক,O
,নো,O
Sentence: 1423,আর,O
,প্রথম,O
,ভালোবাসা,O
,আসিল,O
,ভুল,O
Sentence: 1424,সে,O
,গোডা,O
,৬,O
,কান,O
,বছর,O
,আরে,O
,ঠকাইয়ে,O
Sentence: 1425,ফ্রতিবারই,O
,আসা,O
,গইত্তেম,O
,ভালা,O
,অই,O
,গিয়ই,O
Sentence: 1426,শেষ,O
,বার,O
,যেই,O
,মায়া,O
,ফোয়ার,O
,লাই,O
,আরে,O
,ছাড়ি,O
,দিয়ি,O
,ফুইন্নিদে,O
,মাইয়াফোয়া,O
,ইবা,O
,নাকি,O
,বহুত,O
,সুন্দর,O
Sentence: 1427,দুনিয়াত,B-LOC
,আসসলে,O
,চেহারার,O
,সুন্দর,O
,এই,O
,বেয়াক্কিসু,O
Sentence: 1428,আর,O
,মন,O
,নো,O
,বুঝে,O
Sentence: 1429,তারফর,O
,আই,O
,আবার,O
,ভুল,O
,গরি,O
,বেলাইয়ি,O
Sentence: 1430,হোন,O
,এক,O
,ভাবে,O
,আরার,O
,হতা,O
,শুরু,O
,অয়,O
Sentence: 1431,ধিরে,O
,ধিরে,O
,আই,O
,দূরবল,O
,অই,O
,যাইলাম,O
,তার,O
,ফ্রতি,O
Sentence: 1432,সেও,O
,আর,O
,ফ্রতি,O
,দুরবল,O
,অই,O
,গিয়ি,O
Sentence: 1433,এক্কান,O
,সময়,O
,ফর,O
,বুঝিলাম,O
,যে,O
,আই,O
,একে,O
,অফরকে,O
,চাইর,O
Sentence: 1434,ফ্রথম,O
,আই,O
,হারাফ,O
,আসরন,O
,গইত্তেম,O
Sentence: 1435,ফ্রথম,O
,বার,O
,থকিবার,O
,ফর,O
,ডোর,O
,আই,O
,গিয়ি,O
,আর,O
,ভিতরত,O
Sentence: 1436,তারে,O
,আই,O
,হইলাম,O
,যে,O
,আত্তুন,O
,তোওয়ারে,O
,বিশ্বাস,O
,গইত্তে,O
,সময়,O
,লাইবো,O
Sentence: 1437,সে,O
,হইয়েদে,O
,সমইস্যা,O
,নাই,O
Sentence: 1438,আই,O
,তোওয়ার,O
,ডাহদ্দি,O
,আসি,O
Sentence: 1439,তোওয়ার,O
,হতা,O
,মানি,O
,লইউম,O
Sentence: 1440,মাঝদ্দি,O
,ঝগড়া,O
,অইতো,O
,আবার,O
,সেই,O
,দিনত,O
,থিক,O
,অই,O
,যাইতো,O
Sentence: 1441,সে,O
,ছোট্ট,O
,ছোট্ট,O
,পছন্দ,O
,হেয়াল,O
,রাখিতো,O
Sentence: 1442,আরেকজন,O
,ফাইয়েরে,O
,নিজেরে,O
,বহুত,O
,ভাগ্যবতি,O
,মনত,O
,অইতো,O
Sentence: 1443,আর,O
,ফোয়ারিত,O
,হারাফ,O
,ব্যবহার,O
,গইরতো,O
Sentence: 1444,ততোদিনত,O
,আই,O
,তার,O
,ফ্রতি,O
,দুরবল,O
,অই,O
,গিয়ি,O
Sentence: 1445,সে,O
,আর,O
,ফোয়ারিত,O
,ঝগড়া,O
,অইলেই,O
,আরে,O
,অফমান,O
,গরে,O
Sentence: 1446,ফরিবার,O
,তুলিয়েরে,O
,গাইল,O
,দে,O
Sentence: 1447,আই,O
,আরো,O
,একবার,O
,ভালোবাসিয়েরে,O
,ঠকি,O
,গেইলাম,O
Sentence: 1448,তবে,O
,তারে,O
,আই,O
,এহনো,O
,ভালোবাসি,O
Sentence: 1449,তার,O
,হতা,O
,বাত্রা,O
,মাঝদ্দি,O
,মনত,O
,ফরিলে,O
,বহুত,O
,আসি,O
,আইয়ে,O
Sentence: 1450,তার,O
,এক্কানো,O
,কি,O
,মনত,O
,নো,O
,ফরে,O
,আগের,O
,হতা,O
Sentence: 1451,সে,O
,কেনে,O
,ফাইল্ল,O
,এতো,O
,সপ্ন,O
,দেহাইয়েরে,O
,আরে,O
,ঠহাইতো,O
Sentence: 1452,এহন,O
,আর,O
,নিজেরে,O
,বিশ্বাস,O
,গরিন্নো,O
,ফারি,O
Sentence: 1453,কি,O
,আসিলাম,O
,কি,O
,অই,O
,গিয়ি,O
Sentence: 1454,আর,O
,বিয়ার,O
,বয়স,O
,২২,O
,মাস,O
Sentence: 1455,আর,O
,৮,O
,মাসর,O
,এক্কান,O
,মরত,B-REL
,ফোয়া,I-REL
,আসে,O
Sentence: 1456,এই,O
,হরনাত,O
,অনার্স,O
,ফাস,O
,ফাইনালত,O
,তাকিতেই,O
,বিয়া,O
,অইয়ে,O
,আর,O
Sentence: 1457,আই,O
,গনিতের,O
,উওরত,O
,অনার্স,O
,গরিত্তাসিলাম,O
Sentence: 1458,এ,O
,সাইডদ্দি,O
,যার,O
,ফোয়ারিত,O
,বিয়া,O
,অইয়ে,O
,সে,O
,অসিক্ষিত,O
Sentence: 1459,সে,O
,স্কুলত,B-ORG
,নো,O
,যায়,O
,হোন,O
,দিন,O
Sentence: 1460,বিয়ার,O
,সমত,O
,অইলো,O
,আরারে,O
,ফোয়া,O
,শিক্ষিত,O
,ঢাহাত,B-LOC
,চরি,O
,গরে,O
Sentence: 1461,আর,O
,বর,B-REL
,ছোটহালত,O
,তার,O
,মা,B-REL
,ইন্তেকাল,O
,অই,O
,যায়,O
Sentence: 1462,বিয়ার,O
,হইলো,O
,বরর,O
,বাড়ি,O
,আসে,O
Sentence: 1463,ইয়েন,O
,লইয়েরে,O
,বেঝাল,O
,নো,O
,গরি,O
,আই,O
Sentence: 1464,ভোইনেরে,B-REL
,বাসাত,O
,ফাডাই,O
,দিয়ে,O
Sentence: 1465,আই,O
,এক,O
,হরত,B-OBJ
,বাসাত্তুন,O
,আই,O
,গিয়ি,O
Sentence: 1466,হালিয়া,O
,ঘটনাকান,O
,ফুনিবার,O
,ফরত্তুন,O
,আর,O
,দম,O
,বন্দ,O
,লার,O
Sentence: 1467,আর,O
,জামাই,B-REL
,বাসাত,O
,আইলেইয়ার,O
,হোলত,O
,মাতা,O
,রাহে,O
Sentence: 1468,আই,O
,একজন,O
,২৩,O
,বছরর,O
,মাইয়ে,O
,ফোয়া,O
Sentence: 1469,আর,O
,বিয়া,O
,অইয়ে,O
,১,O
,মাস,O
Sentence: 1470,আর,O
,জামাই,B-REL
,বহুত,O
,ভালা,O
Sentence: 1471,আই,O
,হোনো,O
,কিছু,O
,নো,O
,জানিতাম,O
Sentence: 1472,কি,O
,অইবো,O
,তার,O
,হাদিয়েরে,O
Sentence: 1473,সে,O
,তো,O
,নো,O
,বুঝে,O
Sentence: 1474,তুই,O
,বলদের,O
,ডেক্কে,O
,ইতেরে,O
,লই,O
,বই,O
,তাহিবি,O
,কিল্লাই,O
Sentence: 1475,আর,O
,ইচ্ছে,O
,আই,O
,ভাইব্বুম,O
Sentence: 1476,আই,O
,তো,O
,বলদ,O
Sentence: 1477,আই,O
,কি,O
,বলদ,O
,নে,O
Sentence: 1478,তুই,O
,বত,O
,বড়,O
,সেয়ানা,O
Sentence: 1479,আই,O
,বারবার,O
,মঅব্বত,O
,গরি,O
,ধরা,O
,হাই,O
Sentence: 1480,মঅববত,O
,বত,O
,হষ্টের,O
Sentence: 1481,তোয়ার,O
,এক্কান,O
,হাসি,O
,দেইবারলাই,O
,বই,O
,আসি,O
Sentence: 1482,এক্কানা,O
,আগে,O
,ঝাড়ু,B-OBJ
,মারা,O
,ওইয়্যে,O
Sentence: 1483,ফানি,O
,দিয়েনে,O
,দুই,O
,দিইয়্যে,O
Sentence: 1484,শিক্ষার্থী,B-ROLE
,নতুন,O
,ভর্তি,O
,অইয়ে,O
Sentence: 1485,এলাকাত,B-LOC
,অন,O
,লাইগ্গে,O
Sentence: 1486,আর,O
,নানা,B-REL
,গম,O
,নাই,O
Sentence: 1487,বহুত,O
,শিক্ষার্থী,B-ROLE
,নতুন,O
,ভর্তি,O
,অইয়ে,O
Sentence: 1488,রোগিরে,O
,হাসপাতালত,B-ORG
,তাহন,O
,ফরিবু,O
Sentence: 1489,নানারে,B-REL
,চাইতু,O
,গেইলাম,O
Sentence: 1490,আই,O
,আগে,O
,নো‌,O
,চাই,O
Sentence: 1491,নানা,B-REL
,আরে,O
,চাই,O
,হুশি,O
,অইয়্যে,O
Sentence: 1492,ইবে,O
,একডৈল্লে,O
,যোগাযোগ,O
Sentence: 1493,আই,O
,গতকাল,O
,স্কুলত,B-ORG
,নো,O
,যাই,O
Sentence: 1494,ইতারা,O
,কেউ,O
,স্কুলত,B-ORG
,নো,O
,যাই,O
Sentence: 1495,ইতারা,O
,জানিবের,O
,হতা,O
,নো,O
Sentence: 1496,বড়,B-REL
,মো,I-REL
,বিদেশুরতুন,B-LOC
,আইস্যে,O
Sentence: 1497,ক্লাসত,O
,হোন,O
,বেফারে,O
,হতা,O
,হইয়্যে,O
Sentence: 1498,পলাশর,B-PER
,হতাত,O
,বিরক্ত,O
,কিললাই,O
,অইলে,O
Sentence: 1499,ইচ্ছে,O
,আসিল,O
,হোনো,O
,মিক্কে,O
,ঘুইরতু,O
,যাইয়্যুম,O
Sentence: 1500,বোতবার,O
,লালবাগ,B-LOC
,হেল্লার,I-LOC
,হোতা,O
,উইন্নি,O
Sentence: 1501,ঠিক‌,O
,গোরন‌,O
,অইলে,O
,বেকে,O
,মিলে,O
,এডে,O
,যাইউম,O
Sentence: 1502,আর,O
,মতো,B-REL
,বইন,I-REL
,ও,O
,যাইতু,O
,আসিল,O
Sentence: 1503,লিহি,O
,এনে,O
,মাষ্টর,B-ROLE
,অর,O
,হাসোত,O
,জমা,O
,দে,O
Sentence: 1504,বেক,O
,অঞ্চল,B-LOC
,অর,O
,মাইনষের,O
,ভাষা‌,O
,এক‌ডইল্লে,O
,নই,O
Sentence: 1505,বোত,O
,শব্দের,O
,উচ্চারণ,O
,এক,O
,এক,O
,রহমর,O
,অই,O
Sentence: 1506,দইন,B-LOC
,অর,O
,জেলা,I-LOC
,হক্সবাজার,I-LOC
Sentence: 1507,সাড়ে,O
,চারটার,O
,সমত,O
,বেকের,O
,মাডত,B-LOC
,আইবের,O
,হতা,O
Sentence: 1508,আজিয়ে,O
,হোনো,O
,খেলা,O
,অইতু,O
,নো,O
Sentence: 1509,উগ্গো,O
,পোড়াবাড়ি,O
,আছে,O
Sentence: 1510,এডে,O
,কিত্তে,O
,লাইগ্গু,O
,তোরা,O
Sentence: 1511,চারিমিক্কে,O
,হতর,O
,হতর‌,O
,গাছ,O
Sentence: 1512,দিন,O
,অর,O
,বেলাত,O
,অ,O
,বাড়ির,O
,ভিতুর,O
,আন্ধা,O
,অই‌,O
,তাহে,O
Sentence: 1513,রেলগাড়ি,B-OBJ
,চলে,O
,রেললাইনর,B-OBJ
,উওদ্দিয়েরে,O
Sentence: 1514,উপহার,O
,ফাইতু,O
,বেগ্গুনুরতুন,O
,ভালা,O
,লাগে,O
Sentence: 1515,অচেনা,O
,লোকর,O
,উফহার,O
,গ্রহন,O
,নো,O
,গরি,O
Sentence: 1516,উপহার,O
,দিতু,O
,বেগ্গুনুরতুন,O
,ভালা,O
,লাগে,O
Sentence: 1517,হেলার,B-LOC
,মাডত,I-LOC
,আরা,O
,রোজ,O
,কেলিবের,O
,লাই,O
,যাই,O
Sentence: 1518,এক্কান,O
,চানাচুরবালত,B-ROLE
,দেহা,O
,যায়,O
Sentence: 1519,তিনি,O
,চানাচুর,B-FOOD
,বেসিবেল্লাই,O
,আইয়ে,O
,এডে,O
Sentence: 1520,তুই,O
,গম,O
,আসোস,O
,জানি,O
,এনে,O
,খুশি,O
,অইলাম,O
Sentence: 1521,চিঠি,B-OBJ
,সাধারণত,O
,হামত,B-OBJ
,ভরি,O
,এনে,O
,ফাডায়,O
Sentence: 1522,খন,O
,দন,O
,অর,O
,হতা,O
,হই,O
,লাভ,O
,নাই,O
,হষ্ট,O
,ফাবে,O
Sentence: 1523,বাচি,O
,আসি,O
,ভালা,O
,ও,O
,আসি,O
Sentence: 1524,তোওয়ারা,O
,ভালো,O
,আছ,O
,জানিয়েরে,O
,কুশি,O
,অইলাম,O
Sentence: 1525,আর,O
,লাই,O
,চিন্তা,O
,নো,O
,গইজ্জ,O
Sentence: 1526,এহন,O
,গরত,O
,গরত,O
,টেলিভিশন,B-OBJ
,দেহা,O
,যার,O
Sentence: 1527,টেলিভিশনর,B-OBJ
,হতা,O
,ফুনা,O
,যায়,O
,আর,O
,ছবিও,O
,দেহা,O
,যায়,O
Sentence: 1528,রেদিওত,B-OBJ
,হাইল্লে,O
,হতা,O
,ফুনা,O
,যায়,O
Sentence: 1529,আজার,O
,বছর,O
,আগদ্দি,O
,বেয়াগ,O
,ফুরুষই,O
,ধুতি,B-OBJ
,ফইত্তো,O
Sentence: 1530,তহনো,O
,মাইয়াফোয়ারা,O
,আচল,O
,টানিয়েরে,O
,মুখ,O
,ডাহিতো,O
Sentence: 1531,ভাত,B-FOOD
,বাঙালি,B-ROLE
,বহুকালোর,O
,ফ্রিয়,O
,হানা,O
Sentence: 1532,মাইয়া,O
,ফোয়ারা,O
,বাগান,O
,গইত্তে,O
,ভালোবাসিত,O
Sentence: 1533,মাইয়াফোয়ারা,O
,সাতার,O
,হাডিবেল্লাই,O
,ভালোবাসিত,O
Sentence: 1534,ধনী,O
,মানুষ,O
,তারা,O
,ঘোড়া,B-ANI
,আর,O
,হাতির,B-ANI
,খেলা,O
,দেহিত,O
Sentence: 1535,আসাযাইবার,O
,মেইন,O
,উফায়,O
,আসিল,O
,নৌকা,B-OBJ
Sentence: 1536,ডড়,B-LOC
,ভোইনর,I-LOC
,ঘরত,I-LOC
,ছোড,O
,এক্কান,O
,হাট,B-OBJ
,দিয়ি,O
Sentence: 1537,তার,O
,হাসদ্দি,O
,বেয়াগ,O
,দেসত,B-LOC
,টেয়া,B-OBJ
,আসে,O
Sentence: 1538,সে,O
,তোরে,O
,কিছু,O
,ঊফহার,O
,দিয়ে,O
,না,O
Sentence: 1539,আম্মা,B-REL
,নানার,B-REL
,হাসে,O
,এক্কান,O
,চিঠি,B-OBJ
,লিক্কে,O
Sentence: 1540,আরার,O
,নামর,O
,ফ্রয়জন,O
,নো,O
,ফরে,O
Sentence: 1541,আরা,O
,এনেই,O
,ফরিচয়,O
,রাখিত্তারি,O
Sentence: 1542,তোওয়ারে,O
,এক্কান,O
,উফহার,O
,দিতাম,O
,চাই,O
Sentence: 1543,ইয়ান,O
,টেবিলর,B-OBJ
,উওরদ্দি,O
,রাহা,O
,আসিল,O
Sentence: 1544,আর,O
,ফ্রিও,O
,এক্কান,O
,বই,B-OBJ
,আসিল,O
Sentence: 1545,ফোন,O
,গরি,O
,জানাল,O
Sentence: 1546,তার,O
,ফ্রিও,O
,এক্কান,O
,বই,B-OBJ
,আরাই,O
,গিয়ি,O
Sentence: 1547,হোনে,O
,লইয়ে,O
Sentence: 1548,সে,O
,এই,O
,ব্যফারত,O
,নিশ্চিত,O
,নো,O
Sentence: 1549,সে,O
,হয়ত,O
,ফোড়িবেল্লাই,O
,লইয়ে,O
Sentence: 1550,হোনো,O
,ব্যফারত,O
,নিশ্চিত,O
,নো,O
,অইয়েরে,O
,হনিক্কেরে,O
,দোষ,O
,দন,O
,ঠিক,O
,নো,O
Sentence: 1551,যে,O
,লইয়ে,O
,সে,O
,হয়তো,O
,ফইবেল্লাই,O
,লইয়ে,O
Sentence: 1552,বই,B-OBJ
,ইয়েন,O
,ফোন,O
,যাইবো,O
,না,O
Sentence: 1553,বই,B-OBJ
,ইহেন,O
,ফোন,O
,গিয়ে,O
Sentence: 1554,বাবা,B-REL
,বই,B-OBJ
,ইবা,O
,বুক,B-OBJ
,শেল্ফত,I-OBJ
,তুলি,O
,রাইক্কিলো,O
Sentence: 1555,তিনি,O
,বুঝিত,O
,নো,O
,ফারে,O
Sentence: 1556,আর,O
,ফারুলও,B-PER
,নো,O
,বুঝি,O
,আন্যদের,O
,দোষ,O
,দিয়ি,O
Sentence: 1557,তুই,O
,আরে,O
,দোষ,O
,দিও,O
,দে,O
,কিল্লাই,O
Sentence: 1558,সে,O
,লাতিয়ার,O
,ট্রেনর,B-OBJ
,রাজশাহীত্তুন,B-LOC
,রওনা,O
,দিয়ি,O
Sentence: 1559,এই,O
,ফ্রম,O
,সে,O
,ঢাহাত,B-LOC
,আইসসে,O
Sentence: 1560,বাসায়,O
,যোনের,O
,ফোথত,O
,ফ্লাইওভার,B-LOC
,সাইয়েরে,O
,হাবিব,B-PER
,অবাক,O
,অই,O
,গিল,O
Sentence: 1561,ইয়ানোরে,O
,দোতালা,B-LOC
,রাস্তা,I-LOC
Sentence: 1562,রাস্তার,B-LOC
,ডাহদ্দি,O
,এক্কান,O
,ফুলোর,B-OBJ
,দোহান,O
Sentence: 1563,নানা,O
,ডইল্লে,O
,ফুল,B-OBJ
,ঝাকত,O
,ঝাকত,O
,সাজাই,O
,রাইক্কে,O
Sentence: 1564,এয়ার,O
,টগিক,O
,ডাহদ্দি,O
,এক্কান,O
,ফলের,B-ORG
,দোহান,I-ORG
Sentence: 1565,ইয়ানত্তুন,O
,ভোইন,B-REL
,ডর,I-REL
,ইবা,O
,কিছু,O
,ফল,B-FOOD
,কিন্নে,O
Sentence: 1566,বেয়াক্কুনের,O
,ফোয়ারিত,O
,হতাবাত্রা,O
,হইয়ে,O
Sentence: 1567,টেবিলত,B-OBJ
,দি,B-FOOD
,রাইক্কে,O
Sentence: 1568,আত,O
,মুখ,O
,দুইয়েরে,O
,হাইবেল্লাই,B-FOOD
,বইসসে,O
Sentence: 1569,সেইদিন,O
,আসিল,O
,বাংলাদেশর,B-LOC
,ক্রিকেট,O
,হেলা,O
Sentence: 1570,হানা,O
,শেষ,O
,গরিয়েরে,O
,টেলিভিশন,B-OBJ
,এর,O
,সামনে,O
,গিয়েরে,O
,বইসসে,O
Sentence: 1571,বেয়াক্কুন,O
,মিলিয়েরে,O
,আনন্দ,O
,অর,O
Sentence: 1572,মাইয়াফোয়া,O
,ইবা,O
,কি,O
,হান্ড,O
,গরের,O
,জানোনা,O
Sentence: 1573,সোনার,B-OBJ
,চুরিয়ান,I-OBJ
,ভাঙিয়েরে,O
,দুই,O
,ভাগ,O
,গরি,O
,ফেইল্লে,O
Sentence: 1574,ইচ্ছা,O
,গরিয়েরে,O
,ভাইঙেনা,O
Sentence: 1575,ফা,O
,ফিচ্ছিল,O
,হাইয়েরে,O
,ফোরি,O
,গেইলাম,O
,তো,O
,আই,O
,কিত্তাম,O
Sentence: 1576,আর,O
,যে,O
,ব্যথা,O
,লাইজ্ঞে,O
,ইয়ান,O
,কি,O
,বুঝি,O
,কিচ্ছু,O
,নও,O
Sentence: 1577,মাইয়াফোয়ারে,O
,ফইত্তে,O
,দিয়িলেন,O
Sentence: 1578,আর,O
,নানা,B-REL
,সুস্থ,O
Sentence: 1579,রোগীরে,O
,হাসফাতালত,B-ORG
,ভত্তি,O
,গরন,O
,ফরিব,O
Sentence: 1580,এইল্লে,O
,ডর,O
,হাসফাতাল,B-ORG
,আই,O
,হোন,O
,সমত,O
,নো,O
,দেহি,O
Sentence: 1581,আরে,O
,দেহিয়েরে,O
,খুব,O
,খুশি,O
,অইয়ে,O
Sentence: 1582,আই,O
,অন্যের,O
,ফোয়ারিত,O
,হতা,O
,হইর,O
Sentence: 1583,তিনি,O
,বিদেশেত্তুন,B-LOC
,আইসসে,O
Sentence: 1584,তিনি,O
,হোন,O
,বিষয়,O
,লইয়েরে,O
,হথা,O
,হন্না,O
Sentence: 1585,চলো,O
,ঐতিহাসিক,B-LOC
,জায়গাত,I-LOC
,গুরিবেল্লাই,O
,যাইয়ুম,O
Sentence: 1586,ঠিক,O
,গইজ্জে,O
,বেয়াক্কুন,O
,মিলিয়েরে,O
,যাইয়ুম,O
Sentence: 1587,আরার,O
,যাইবের,O
,হতা,O
,ফুনিয়েরে,O
,সেও,O
,যাইবেল্লাই,O
,চাইয়ে,O
Sentence: 1588,বেয়াক,O
,মানুষের,O
,ভাষা,O
,এক,O
,ডইল্লে,O
,নো,O
Sentence: 1589,সে,O
,মাঠত,B-LOC
,নো,O
,আইয়ে,O
Sentence: 1590,জরুরি,O
,সভা,O
,অইব,O
Sentence: 1591,হাসফাতালত,B-ORG
,আগে,O
,আই,O
,নো,O
,যাই,O
Sentence: 1592,আই,O
,অন্যের,O
,ফোয়ারিত,O
,হতা,O
,নো,O
,হই,O
Sentence: 1593,তিনি,O
,কি,O
,বিদেশেত্তুন,B-LOC
,আইসসে,O
,না,O
Sentence: 1594,বেয়াক,O
,ভাষা,O
,এক,O
,ডইল্লে,O
,নো,O
Sentence: 1595,তার,O
,হাসে,O
,বহুত,O
,টেয়া,B-OBJ
,আসে,O
Sentence: 1596,হয়েক্কান,O
,দিন,O
,অফেক্ষা,O
,গরন,O
Sentence: 1597,আর,O
,বাসার,O
,ডাহরদি,B-LOC
,এক্কান,O
,ফুলোর,B-OBJ
,দোহান,O
Sentence: 1598,তাহ,O
,হাসত,O
,বহুত,O
,দেশর,B-LOC
,টেয়া,B-OBJ
,আসে,O
Sentence: 1599,আই,O
,তোওয়ারে,O
,এক্কান,O
,উফহার,O
,দিতাম,O
,চাইর,O
Sentence: 1600,বেয়াক্কুন,O
,ফুনিয়েরে,O
,আই,O
,হইলাম,O
Sentence: 1601,হয়েক্কান,O
,দিন,O
,অফেক্ষা,O
,গরি,O
,দেহো,O
Sentence: 1602,কিছু,O
,দিন,O
,ফর,O
,পারুল,B-PER
,নিজেই,O
,জানাইয়ে,O
,বইয়ান,B-OBJ
,ফোন,O
,গিয়ে,O
Sentence: 1603,এক্কান,O
,বই,B-OBJ
,লইয়েরে,O
,এত,O
,ঘটনা,O
,ঘটি,O
,যাইব,O
Sentence: 1604,সে,O
,নো,O
,বিঝুয়েরে,O
,অন্যদের,O
,দোষ,O
,দিয়িল,O
Sentence: 1605,হমলাফুর,B-LOC
,রেল,I-LOC
,স্টেশনত্তুন,I-LOC
,ভোইনর,B-REL
,বাসাত,O
,যাইর,O
Sentence: 1606,ভোইনর,B-LOC
,বাসার,O
,হাসদ্দি,B-LOC
,এক্কান,O
,ফুলোর,B-LOC
,দোহান,I-LOC
,আসে,O
Sentence: 1607,রজনীগন্ধা,B-OBJ
,গোলাপ,B-OBJ
,গাঁদাসহ,B-OBJ
,আরো,O
,ফুল,B-OBJ
,আসে,O
,দোহানত,B-ORG
Sentence: 1608,ডর,B-REL
,ভোইনর,I-REL
,লাই,O
,কিছু,O
,ফেয়ারা,B-FOOD
,কিন্নে,O
Sentence: 1609,ডর,B-REL
,ভোইন,I-REL
,কিছু,O
,ফেয়ারা,B-FOOD
,কিন্নে,O
Sentence: 1610,তো,O
,আই,O
,কিত্তাম,O
Sentence: 1611,সমান,O
,দুইয়ান,O
,টুকরা,O
,অই,O
,গিয়ে,O
Sentence: 1612,দুইয়ান,O
,অইলো,O
,কেনে,O
Sentence: 1613,ইয়ান,O
,আরার,O
,বাড়ি,O
Sentence: 1614,এই,O
,বাড়িয়ান,O
,আরার,O
Sentence: 1615,ফ্রথম,O
,বালিশর,B-OBJ
,তলা,O
,হাতদিয়ি,O
Sentence: 1616,এত,O
,সুন্দর,O
,লার,O
,তার,O
Sentence: 1617,শুধু,O
,সাইতাম,O
,মনত,O
,সার,O
Sentence: 1618,তারার,O
,বাগান,B-LOC
,অন্য,O
,মাইনশের,O
,বাগানর,B-LOC
,ডইল্লে,O
Sentence: 1619,বিশাল,O
,ডর,O
,ডর,O
,গাস,O
Sentence: 1620,পুতুলর,B-OBJ
,এই,O
,হারনেল্লাই,O
,মন্নান,O
,হারাফ,O
Sentence: 1621,গাছ,O
,উনের,O
,মিক্কে,O
,সাইলে,O
,তার,O
,হান্না,O
,আইয়ে,O
Sentence: 1622,ছোতরা,O
,বহুত,O
,হাম,O
,গরে,O
,যিন,O
,ডর,O
,তারা,O
,ফসন্দ,O
,নো,O
,গরে,O
Sentence: 1623,ইয়াসাড়া,O
,আরেক্কান,O
,হারন,O
,আসে,O
Sentence: 1624,গরত,O
,আলো,O
,হাওয়া,O
,এইল্লে,O
,ডুকিন্নো,O
,ফারে,O
Sentence: 1625,আরার,O
,নো,O
,সলের,O
Sentence: 1626,আতত,O
,তালি,O
,মারিয়েরে,O
,ফড়া,O
,যায়,O
,না,O
Sentence: 1627,হডে,O
,যাইবের,O
,রাস্তা,O
Sentence: 1628,ইয়ানত,O
,কি,O
,এক্কান,O
,শিশু,B-LOC
,ফারক,I-LOC
,আসে,O
,না,O
Sentence: 1629,তোওয়ারার,O
,হতা,O
,ফুনিয়েরে,O
,আসির,O
Sentence: 1630,মিসা,O
,হতা,O
,নো,O
,হইয়ো,O
Sentence: 1631,যে,O
,আত্যসার,O
,গরে,O
Sentence: 1632,মেঠো,B-LOC
,ফতর,I-LOC
,দুইপাসদ্দি,O
,সবুজ,B-LOC
,ধান,I-LOC
,কেত,I-LOC
Sentence: 1633,হঠাৎ,O
,সামনের,O
,মাইয়াফোয়া,O
,ইবা,O
,তিয়াই,O
,গেইল,O
Sentence: 1634,ধানকেত,B-LOC
,ফার,O
,অইয়েরে,O
,এক্কান,O
,ডোর,O
,ফুকুর,B-LOC
Sentence: 1635,চোকর,O
,আরাল,O
,অই,O
,গিয়ি,O
Sentence: 1636,সে,O
,আর,O
,চোকর,O
,আরাল,O
,অই,O
,গিয়ি,O
Sentence: 1637,ইয়ানোর,O
,ফানি,O
,টলটল,O
Sentence: 1638,ফুরুরর,B-LOC
,ডাহদ্দি,O
,এক্কান,O
,ডর,O
,আমগাছ,O
Sentence: 1639,আত্তুন,O
,মনত,O
,অরদে,O
,এবারত,O
,বহুত,O
,আম,B-FOOD
,দরিব,O
Sentence: 1640,আই,O
,আম,B-FOOD
,হাইতাম,O
,ভালোবাসি,O
Sentence: 1641,সেই,O
,আমগাছর,O
,মিক্কে,O
,সাই,O
,তাইক্কে,O
Sentence: 1642,আমগাছর,O
,মিক্কে,O
,এক্কান,O
,মাইয়া,O
,ফোয়া,O
,সাইয়েরে,O
,হইলো,O
Sentence: 1643,আর,O
,মিক্কে,O
,সাইয়েরে,O
,এক্কান,O
,মাইয়াফোয়া,O
,হইলো,O
Sentence: 1644,বেয়াক্কুন,O
,সাইয়েরে,O
,দেইক্কে,O
Sentence: 1645,আমগাছত,O
,মেলা,O
,মুকুল,B-OBJ
,আইশ্শে,O
Sentence: 1646,সাদা,B-COL
,মুকুলত,B-OBJ
,আমগাছর,O
,সবুজ,B-COL
,ফাতা,B-OBJ
,ঢাহা,O
,ফরিগিয়ে,O
Sentence: 1647,তার,O
,বয়স,O
,হমবেসি,O
,সত্তুর,O
,বছর,O
Sentence: 1648,তিনি,O
,ইতারার,O
,হতা,O
,ফুনিয়েরে,O
,হইলো,O
Sentence: 1649,ও,O
,ঠিকি,O
,হইয়ে,O
Sentence: 1650,যেই,O
,বছরত,O
,ধান,O
,ভালো,O
,অয়,O
,সেই,O
,বছরত,O
,আমর,B-FOOD
,ফলত,O
,ভালো,O
,অয়,O
Sentence: 1651,বেয়াক্কুন,O
,যেই,O
,সমত,O
,ফড়তে,O
,বইয়ে,O
,বাজীপ,B-PER
,তহন,O
,ঘুমাদ্দে,O
Sentence: 1652,বেয়াক্কুন,O
,যেই,O
,সমত,O
,ফড়তে,O
,বইয়ে,O
,আই,O
,তহন,O
,ঘুম,O
,জাইর,O
Sentence: 1653,আই,O
,সকালত,O
,দেড়ি,O
,গড়ি,O
,ঘুমেত্তুন,O
,উঠি,O
Sentence: 1654,আই,O
,ঠিকি,O
,হইয়ি,O
Sentence: 1655,ভাই,O
,তহন,O
,ফড়তে,O
,বইসসে,O
Sentence: 1656,আই,O
,সকালত,O
,ফড়তে,O
,বইসসি,O
Sentence: 1657,আজহাল,O
,ফোওয়া,O
,কি,O
,যে,O
,গরের,O
Sentence: 1658,৪,O
,বয়স,O
,অইয়ে,O
,মাত্র,O
Sentence: 1659,বেয়াক্কিসুত,O
,তার,O
,এলোমেলো,O
,আছরন,O
Sentence: 1660,বাবা,B-REL
,একদিন,O
,হতাত,O
,হতাত,O
,মারে,B-REL
,হইলো,O
Sentence: 1661,ফোওয়া,O
,ইবার,O
,বেয়াগ,O
,হাম,O
,হজ,O
,এইল্লে,O
,এলোমেলো,O
,কিল্লাই,O
Sentence: 1662,মাইয়া,O
,ফোোয়া,O
,ইবা,O
,এইল্লে,O
,এলোমেলো,O
,কিল্লাই,O
Sentence: 1663,বেয়াগ,O
,হামতো,O
,এলোমেলো,O
,তো,O
,নো,O
Sentence: 1664,আই,O
,রাজিবরে,O
,হাইতে,O
,দিলে,O
,রাজিব,B-PER
,সময়,O
,মতন,O
,হায়,O
Sentence: 1665,মার,B-REL
,হতা,O
,ফুনিয়েরে,O
,বাবা,B-REL
,আসের,O
Sentence: 1666,আরেক্কেনা,O
,ডর,O
,অই,O
,গেইলে,O
,কেন,O
,গরিবা,O
,ইন,O
,দেহার,O
,বিষয়,O
Sentence: 1667,আরেক্কেনা,O
,ডর,O
,অই,O
,গেইলে,O
,কেন,O
,গরিবা,O
Sentence: 1668,তহনো,O
,সময়,O
,মতন,O
,হানা,O
,হাইবো,O
,ঘুম,O
,জাইনো,O
,আর,O
,খেলিবো,O
Sentence: 1669,দাদির,B-REL
,হাসত,O
,এক্কান,O
,ফুরান,O
,সিন্দুক,B-OBJ
,আসে,O
Sentence: 1670,সিন্দুক,B-OBJ
,ইবা,O
,সবসমত,O
,তালা,B-OBJ
,দোন,O
,তাহে,O
Sentence: 1671,বহুু,O
,দিন,O
,দরিয়েরে,O
,ইন,O
,নো,O
,খুলে,O
Sentence: 1672,এই,O
,সিন্দুক,B-OBJ
,ইবার,O
,ভিতরত,O
,কি,O
,আসেদে,O
Sentence: 1673,দাদিি,B-REL
,অভাক,O
,অইয়েরে,O
,আর,O
,মিক্কে,O
,সাই,O
,তাইক্কে,O
Sentence: 1674,তালা,B-OBJ
,দি,O
,খুলিবার,O
,ফরত,O
,সাইত্তারিবা,O
Sentence: 1675,আর,O
,মা,O
,আর,O
,তোওয়ার,O
,মার,B-REL
,বহুত,O
,গয়না,B-OBJ
,আসে,O
,দে,O
Sentence: 1676,বাজারেত্তুন,B-LOC
,চাবি,B-ROLE
,বানাইবার,I-ROLE
,লোক,I-ROLE
,আইন্নে,O
Sentence: 1677,তিশার,B-PER
,লাও,O
,সিন্দুক,B-OBJ
,খুইল্লি,O
Sentence: 1678,পলাশর,B-PER
,নানা,B-REL
,নানি,B-REL
,একই,O
,দিনত,O
,ইন্তেকাল,O
,গইজ্জে,O
Sentence: 1679,নানা,B-REL
,বহুত,O
,অসুস্থ,O
,অইল,O
Sentence: 1680,হয়েক,O
,বছর,O
,অসুখত,O
,ভুইগগি,O
Sentence: 1681,তারে,O
,হাসফাতালত,B-ORG
,লইল,O
Sentence: 1682,কিন্তু,O
,বাসানত,O
,নো,O
,যায়,O
Sentence: 1683,বেশ,O
,হয়েকদিন,O
,পলাশর,B-PER
,মন্নান,O
,হারাফ,O
Sentence: 1684,বেশ,O
,হয়েকদিন,O
,আর,O
,মন্নান,O
,হারাফ,O
Sentence: 1685,এতাল্লাই,O
,হনিক্কার,O
,ফোয়ারিত,O
,হতা,O
,নো,O
,হয়,O
Sentence: 1686,মাইষের,O
,বার্ধক্য,O
,আর,O
,মৃত্যুরে,O
,ঠেকানো,O
,নো,O
,যায়,O
Sentence: 1687,ইয়ার,O
,ফোরও,O
,রতিকান,O
,ইন্তেকাল,O
,মাইশেরে,O
,হস্ট,O
,দে,O
Sentence: 1688,শেষ,O
,বলত,O
,ছক্কা,O
,মারিয়েরে,O
,বাংলাদেশ,B-ORG
,জিতি,O
,গেইল,O
Sentence: 1689,আহা,O
,কি,O
,সুন্দর,O
,খেলাই,O
,দেহিলাম,O
Sentence: 1690,ছোোড,B-REL
,ভোইন,I-REL
,চিৎকার,O
,দিয়েরে,O
,উডি,O
,গিয়ে,O
Sentence: 1691,বাহ,O
,এইল্লে,O
,হেলা,O
,বহু,O
,দিন,O
,নো,O
,দেহি,O
Sentence: 1692,আহা,O
,যারা,O
,আরি,O
,গিয়ি,O
,ইতারার,O
,মনত,O
,হস্ট,O
Sentence: 1693,হেলাাত,O
,আর,O
,জিত,O
,তাকিত্তারে,O
Sentence: 1694,আরে,O
,এই,O
,সমত,O
,বিজয়র,O
,মিসিল,O
,শুরু,O
,অই,O
,গিয়ি,O
Sentence: 1695,বাপ্রে,O
,বাপ,O
,হত্ত,O
,ডর,O
,মিসিল,O
Sentence: 1696,এক্কান,O
,শব্দত,O
,বহুত,O
,দইল্লে,O
,মানে,O
,তাকিত্তারে,O
Sentence: 1697,আম,B-FOOD
,ফাকে,O
,বৈশাখত,O
,আর,O
,ফল,B-FOOD
,ফাকে,O
,ফাগুনত,O
Sentence: 1698,হাসা,B-OBJ
,ইট,I-OBJ
,ফাকা,O
,অয়,O
,আগুনত,O
Sentence: 1699,রইদত,O
,জলে,O
,টিক্কে,O
,আর,O
,তারে,O
,হয়,O
,ফানা,O
Sentence: 1700,ফোলারিন,B-FOOD
,ফানা,O
,হয়,O
,লুচি,B-FOOD
,দই,B-FOOD
,আহারে,O
Sentence: 1701,চুক,O
,ফানা,O
,অয়,O
,বুরা,O
,বয়সত,O
Sentence: 1702,ফানা,O
,ফোওইয়া,O
,বেশি,O
,হতা,O
,হয়,O
Sentence: 1703,হান,O
,ফানা,O
,অয়,O
,ফোড়া,O
,ফানা,O
,অয়,O
Sentence: 1704,বুদ্ধি,O
,ফাকাইয়েরে,O
,তইলে,O
,ফন্না,O
,গিলি,O
Sentence: 1705,হতা,O
,যার,O
,ফানা,O
,নয়,O
,তার,O
,হাজে,O
,ঠনঠন,O
Sentence: 1706,বহুত,O
,সুরর,O
,ফত,O
Sentence: 1707,বাসাত,B-OBJ
,গরি,O
,তারে,O
,রউনা,O
,দন,O
,ফইজ্জে,O
Sentence: 1708,বাসত,B-OBJ
,নামিবার,O
,ফরেদি,O
,সকাল,O
,অইগিয়ি,O
Sentence: 1709,সকাল,O
,অই,O
,গিয়ি,O
Sentence: 1710,এক্কান,O
,ভালা,O
,হাম,O
,গরিত্তারিবান্না,O
Sentence: 1711,তোও্য়ারার,O
,হনিক্কার,O
,বিশ্বাস,O
,নো,O
,অইবো,O
Sentence: 1712,হতাইন,O
,তোওয়ারার,O
,হনিক্কার,O
,বিশ্বাস,O
,নো,O
,অইব,O
Sentence: 1713,বহুত,O
,নোয়া,O
,বই,B-OBJ
,সাইয়েরে,O
,আই,O
,হইলাম,O
Sentence: 1714,অনে,O
,কি,O
,আরার,O
,বাড়ি,O
,আইসসিলেন্না,O
Sentence: 1715,তিনি,O
,আর,O
,হতার,O
,হোনো,O
,জবাব,O
,নো,O
,দেয়,O
Sentence: 1716,তিনি,O
,আর,O
,হতার,O
,জবাব,O
,দিয়েরে,O
,হইয়েদে,O
,অয়ো,O
Sentence: 1717,বইইনর,B-OBJ
,মিক্কে,O
,সাই,O
,তাকিলাম,O
Sentence: 1718,শুধু,O
,তার,O
,আতর,O
,মিক্কে,O
,সাই,O
,তাকিলাম,O
Sentence: 1719,কিল্লাই,O
,জানিত্তাইজ্জুম,O
,না,O
Sentence: 1720,ফরেদি,O
,আরা,O
,লাইব্রেরি,B-LOC
,দেহিবেল্লাই,O
,যাইলাম,O
Sentence: 1721,বহুত,O
,ডর,O
,লাইব্রেরি,B-LOC
,হোন,O
,সন্দেহ,O
,নাই,O
,ব্যবস্থা,O
,বহুত,O
,ভালা,O
Sentence: 1722,রিডিং,O
,রুম,O
,ইন,O
,ভাগ,O
,ভাগ,O
,গরা,O
,আসে,O
Sentence: 1723,শিক্ষক,B-ROLE
,তারাও,O
,তারার,O
,ফোয়ারিত,O
,আসে,O
Sentence: 1724,যাইবার,O
,ফোয়ারিত,O
,কি,O
,যানি,O
,এক্কান,O
,শব্দ,O
,গরিল,O
Sentence: 1725,আর,O
,বেয়াক,O
,ফোয়া,O
,মাইয়া,O
,লাইন,O
,ধরিয়েরে,O
,তিয়াই,O
,গিয়ি,O
Sentence: 1726,আরা,O
,সালাম,O
,গ্রহন,O
,গরিলাম,O
Sentence: 1727,তারা,O
,স্লোগান,O
,শুরু,O
,গইজ্জে,O
Sentence: 1728,আরা,O
,বিদায়,O
,লইয়েরে,O
,আই,O
,গেইলাম,O
Sentence: 1729,আই,O
,সাগর,B-LOC
,ফার,O
,অইয়ুম,O
Sentence: 1730,বেয়াক,O
,দিনের,O
,ডইল্লে,O
,সেইদিনত,O
,ওরা,O
,খেলিবেল্লাই,O
,গেইলো,O
Sentence: 1731,হয়েকজন,O
,ফিতা,B-OBJ
,লইয়েরে,O
,মাফজপ,O
,গরের,O
Sentence: 1732,একজনোর,O
,আতত,O
,দোর,O
,এক্কান,O
,হাতা,B-OBJ
Sentence: 1733,ইয়ানত,O
,কিছু,O
,এক্কান,O
,লেহের,O
Sentence: 1734,কি,O
,গরে,O
,তা,O
,তো,O
,হইন্নফারির,O
Sentence: 1735,হয়েকজন,O
,মিলিয়েরে,O
,হর,O
Sentence: 1736,বদলাই,O
,যার,O
,আরার,O
,খেলার,B-LOC
,মাঠ,I-LOC
,ইন,O
,নো,O
Sentence: 1737,হোন,O
,বিষয়,O
,লইয়েরে,O
,রাগ,O
,গরিলে,O
,আই,O
,কিছু,O
,হইলেউনি,O
,চুপ,O
,তাহে,O
,আরে,O
,বুঝার,O
Sentence: 1738,নিহেরে,O
,দুর্বল,O
,ভাবি,O
,এইল্লা,O
,গরে,O
Sentence: 1739,য়নি,O
,মানুষ্কান,O
,এইল্লে,O
,বেয়াক্কুন,O
,আরে,O
,হয়,O
,ভাগ্য,O
,গরিয়েরে,O
,এইল্লে,O
,জামাই,B-REL
,ফাইয়ি,O
Sentence: 1740,আসলে,O
,মানুষ,O
,ইয়ানর,O
,ফ্রতি,O
,মুগ্ধ,O
Sentence: 1741,আই,O
,এই,O
,মুগ্ধতায়,O
,তাকিতাম,O
,চাই,O
,গডা,O
,জীবন,O
Sentence: 1742,জামাইর,B-REL
,ফ্রতি,O
,আর,O
,হন,O
,অভিযোগ,O
,নাই,O
Sentence: 1743,চলো,O
,একদিন,O
,দেহা,O
,গরি,O
,গডা,O
,সহর,B-LOC
,রিকশা,B-OBJ
,গরিয়েরে,O
,ঘুইজ্জুম,O
Sentence: 1744,এর,O
,মাঝদ্দি,O
,চরির,O
,ফন্নার,O
,হতি,O
,অয়,O
Sentence: 1745,আই,O
,আজিয়া,O
,কফি,B-FOOD
,নো,O
,হাই,O
Sentence: 1746,আর,O
,মাথা,O
,বহুত,O
,হরার,O
Sentence: 1747,তোওয়ার,O
,সৌন্দর্যে,O
,আই,O
,মুগ্ধ,O
Sentence: 1748,আই,O
,আজিয়া,O
,সকালত,O
,তার,O
,ফোয়ারিত,O
,হতা,O
,হইয়ি,O
Sentence: 1749,তুই,O
,কি,O
,আরে,O
,গুরিবিল্লে,O
,লই,O
,যাইবা,O
,না,O
Sentence: 1750,আর,O
,জামাই,B-REL
,৩,O
,বছর,O
,দরিয়েরে,O
,বদেশত,B-LOC
,আসে,O
Sentence: 1751,তুই,O
,কি,O
,লাতিয়া,O
,হাইয়ো,O
,না,O
Sentence: 1752,অনে,O
,কি,O
,লাতিয়া,O
,হাইয়োন,O
,না,O
Sentence: 1753,মরত,O
,ফোওয়া,O
,ইবার,O
,নানার,B-LOC
,বাড়ি,O
,বরিশালত,B-LOC
Sentence: 1754,মরত,O
,ফোওয়া,O
,ইবার,O
,দেশের,B-LOC
,বাড়ি,"
I-LOC"
,রাজশাহী,B-LOC
Sentence: 1755,আর,O
,ফেসবুক,B-ORG
,আইডি,O
,ইয়ান,O
,যদি,O
,চিড়িহানা,B-LOC
,অইতো,O
Sentence: 1756,ঢাহার,B-LOC
,মিরফুরত,I-LOC
,হালিয়াত্তুন,O
,কারেন,O
,নো,O
,যাদ্দে,O
,কিল্লাই,O
Sentence: 1757,কারোনর,O
,সমস্যা,O
,কি,O
,ঠিক,O
,অইয়ে,O
,না,O
Sentence: 1758,পৃথিবীত,B-LOC
,বাবার,B-REL
,ফরদ্দি,O
,বীর,B-ROLE
,যোদ্ধা,I-ROLE
,অইলদে,O
,ডর,B-REL
,ভাই,I-REL
Sentence: 1759,আর,O
,ভোগ,O
,লাইগগে,O
Sentence: 1760,সামনে,O
,হোরবানির,O
,ঈদ,O
Sentence: 1761,হোরবানির,O
,ঈদ,O
,অইলো,O
,ইস্লামিক,O
,ধর্মর,O
,এক্কান,O
,ফ্রধা,O
,উৎসব,O
Sentence: 1762,রাগি,O
,গেইলেন,O
,তো,O
,আরি,O
,গেইলেন,O
Sentence: 1763,সুস্থ,O
,সরিল,O
,ও,O
,প্রশান্ত,O
,মন,O
,এক,O
,জন,O
,মানুষর,O
,বেয়াক্কুনত্তুন,O
,ডর,O
,সম্পদ,O
Sentence: 1764,আর,O
,হাম,O
,ও,O
,ব্যস্ততার,O
,বারি,O
,গিয়ি,O
Sentence: 1765,আন্যের,O
,দুষ,O
,সহজত,O
,খুজি,O
,ফন,O
,যায়,O
Sentence: 1766,নিজের,O
,দুশ,O
,খুজি,O
,ফোন,O
,বহুত,O
,হস্ট,O
Sentence: 1767,ফ্রতিকান,O
,দিন,O
,আই,O
,কিছু,O
,না,O
,কিছু,O
,শিক্কুম,O
Sentence: 1768,সুখী,O
,অইত,O
,সাইলে,O
,অপ্রয়োজনীয়,O
,বহুত,O
,কিছু,O
,ভুলি,O
,যাইত,O
,অয়,O
Sentence: 1769,বেয়াকে,O
,ভালবাসা,O
,ফাইতো,O
,চায়,O
Sentence: 1770,চুক,O
,বদলাই,O
,ফেয়াইলে,O
,জীবন,O
,নান,O
,বদলি,O
,যাইবদে,O
Sentence: 1771,আজিয়া,O
,ছুটির,O
,দিন,O
Sentence: 1772,বেয়াক্কুনর,O
,জীবনত,O
,এক্কা,O
,লক্ষ,O
,তাকন,O
,ফরতিব,O
Sentence: 1773,লক্ষ,O
,ঠিক,O
,গরিয়েরে,O
,আরার,O
,জীবন,O
,সামনে,O
,লন,O
,ফরিবো,O
Sentence: 1774,বেয়াক্কুনর,O
,স্বাগতম,O
Sentence: 1775,কেরাসিনর,O
,তেলর,O
,দাম,O
,হমনে,O
,অক্টবরত,O
,চাহিদা,O
,বারি,O
,গিয়ে,O
Sentence: 1776,ফ্রতিদিন,O
,এক্কান,O
,গরি,O
,ফেয়ারা,B-FOOD
,হাইলে,O
,বহুত,O
,উফকার,O
Sentence: 1777,বিভিন্য,O
,ফলর,B-FOOD
,ভিতরত,O
,ফেয়ারা,B-FOOD
,অন্যতম,O
,ফল,B-FOOD
Sentence: 1778,ওজন,O
,হমাল্লাই,O
,ফেয়ারা,B-FOOD
,বহুত,O
,উফকারি,O
Sentence: 1779,গরমর,O
,দিনে,O
,নারিকেল,B-FOOD
,ফান,O
,গরন,O
,আন্দদায়ক,O
Sentence: 1780,আর,O
,বাড়ির,O
,ফিসনত,O
,এক্কা,O
,ডর,O
,নারিকেলর,B-FOOD
,গাছ,O
,আসিল,O
Sentence: 1781,ফাক,O
,গরন,O
,হন,O
,থিয়াই,O
,তাইক্কে,O
Sentence: 1782,মাডির,O
,ফাতিল,B-OBJ
,ইন,O
,বহুত,O
,সুন্দর,O
Sentence: 1783,কুরর,B-FOOD
,মাংস,I-FOOD
,দিয়েরে,O
,ভাত,B-FOOD
,হাইতে,O
,আই,O
,ফসন্দ,O
,গরি,O
Sentence: 1784,শিমর,B-FOOD
,তরহারি,I-FOOD
,দিয়েরে,O
,আই,O
,ভাত,B-FOOD
,ভালা,O
,নো,O
,লাগে,O
Sentence: 1785,ফেফে,B-FOOD
,হাইতে,O
,বহুত,O
,সুস্বাদু,O
Sentence: 1786,ফেফেে,B-FOOD
,বাংলাদেশর,B-LOC
,এক্কান,O
,জনফ্রিও,O
,ফল,B-FOOD
Sentence: 1787,গ্রামেত্তুন,B-LOC
,শহরত,B-LOC
,আইতে,O
,সমত,O
,বহুত,O
,জাম্বুরা,B-FOOD
,কিনি,O
,আনিবান,O
Sentence: 1788,তুই,O
,কি,O
,জাম্বুরা,B-FOOD
,হোনা,O
Sentence: 1789,সাদত,O
,বহুত,O
,কবুতর,B-ANI
,ফালে,O
Sentence: 1790,আরা,O
,হামারত,B-ORG
,৫০০০,O
,এত্তুন,O
,বেসি,O
,কুরো,B-ANI
,আসে,O
Sentence: 1791,আই,O
,এক্কান,O
,কুরোর,B-ANI
,ছা,I-ANI
,ফালি,O
Sentence: 1792,এক্কান,O
,বিলাইর,B-ANI
,ফালনের,I-ANI
,খুব,O
,ইচ্ছা,O
,আর,O
Sentence: 1793,আই,O
,সাতার,O
,নো,O
,হাইট্টুম,O
Sentence: 1794,তুই,O
,এক্কান,O
,বোকা,O
,মাইয়া,O
,ফোয়া,O
Sentence: 1795,বেয়াাক্কুন,O
,ড্রয়িংরুমে,O
,বইসসে,O
Sentence: 1796,স্টোররুম,O
,ইয়ান,O
,বহুত,O
,ময়লা,O
,অই,O
,তাইক্কে,O
Sentence: 1797,ফ্লোর,O
,ইন,O
,মার্বেল,B-OBJ
,ফাতর,I-OBJ
,দিয়েরে,O
,বানান,O
Sentence: 1798,গ্রাামর,B-LOC
,মানুষ,O
,তারা,O
,লাক্রির,B-OBJ
,চুলো,I-OBJ
,দিয়েরে,O
,ফাক,O
,গরে,O
Sentence: 1799,আই,O
,দেুওরত,O
,শুধু,O
,বেগুনর,B-FOOD
,তরহারি,I-FOOD
,ঝোল,I-FOOD
,দিয়েরে,O
,ভাত,B-FOOD
,হাইয়ি,O
Sentence: 1800,লাউ,B-FOOD
,দিয়েরে,O
,চিংড়ির,B-FOOD
,ঝোল,I-FOOD
,মাছর,I-FOOD
,আর,O
,বহুত,O
,ফসন্দ,O
,তরহারি,B-FOOD
Sentence: 1801,গরমর,O
,দিনদত,O
,গসল,O
,গরন,O
,ছাড়া,O
,বহুত,O
,টিকত,O
,মুশকিল,O
Sentence: 1802,আই,O
,গ্রামর,B-LOC
,বাড়িত,I-LOC
,গেইলে,O
,ফুকুরত,B-LOC
,গসল,O
,গরি,O
Sentence: 1803,অনেরে,O
,জদি,O
,হয়,O
,জিব্বাত,O
,ফানি,O
,আই,O
,যাইবদে,O
,এইল্লে,O
,এক্কান,O
,ফোলর,B-FOOD
,নাম,O
,হন,O
,তাইলে,O
,অনেরার,O
,মনত,O
,তেতুলর,B-FOOD
,হতা,O
,আইবো,O
Sentence: 1804,ছোট,O
,বেলাত,O
,তেতুল,B-FOOD
,হাইবেল্লাই,O
,মানা,O
,নো,O
,গরে,O
,মা,B-REL
,বাবা,B-REL
,এইল্লে,O
,হনিক্কারে,O
,কুজি,O
,ফোন,O
,নো,O
,যাইবো,O
Sentence: 1805,তেতুল,B-FOOD
,হাইলে,O
,বুদ্ধি,O
,অয়,O
Sentence: 1806,তেতুল,B-FOOD
,লইয়েরে,O
,হাইল্লে,O
,আরার,O
,দেশত,B-LOC
,নোসারা,O
,উফমহাদেশতই,B-LOC
,ফ্রচুর,O
,ভুল,O
,ধারনা,O
,আসে,O
,দে,O
Sentence: 1807,ইয়ান,O
,আরার,O
,বাড়ির,O
,উডান,O
Sentence: 1808,ছোট,O
,বাইচ্ছা,O
,তারা,O
,গ্রামর,B-LOC
,বাড়ির,O
,ঊডানত,O
,হেলের,O
Sentence: 1809,এই,O
,বাইচ্ছা,O
,ইয়ান,O
,অসুস্থ,O
Sentence: 1810,ফ্রায়,O
,দেড়,O
,মাস,O
,অই,O
,গিয়িলেও,O
,বাইচ্ছা,O
,ইবার,O
,হোনো,O
,অভিবাকর,B-ROLE
,হবর,O
,ফন,O
,নো,O
,যায়,O
Sentence: 1811,হাসফাতালত,B-ORG
,হাদদ্দি,O
,হাদের,O
,বাইচ্ছা,O
,ইবা,O
Sentence: 1812,বৃষ্টির,O
,দিনত,O
,কি,O
,বারান্দার,O
,গাছত,O
,ফানি,B-FOOD
,ফরে,O
,না,O
Sentence: 1813,বৃষ্টি,O
,অইলেও,O
,কি,O
,গাছত,O
,ফানি,B-FOOD
,দন,O
,ফরে,O
,না,O
Sentence: 1814,বেসি,O
,ফানি,B-FOOD
,দিয়িলে,O
,কি,O
,গাছ,O
,মরি,O
,যাইবো,O
,না,O
Sentence: 1815,যেদিন,O
,বৃষ্টি,O
,অইয়ে,O
,অইদিন,O
,বারান্দার,O
,গাছত,O
,ফানি,B-FOOD
,দিবায়ার,O
,দরহার,O
,নাই,O
Sentence: 1816,শশা,B-FOOD
,এক,O
,ধরনর,O
,ফল,B-FOOD
Sentence: 1817,গরমত,O
,শশা,B-FOOD
,বেসি,O
,ফন,O
,যায়,O
Sentence: 1818,টমাটুর,B-LOC
,বাজারত,I-LOC
,যেই,O
,অইন,O
,সাধারণ,O
,মানুষর,O
,হাসত,O
,নিওয়া,O
,হবর,O
,নয়,O
Sentence: 1819,এই,O
,বাজারত,B-LOC
,টমাটু,B-FOOD
,বেসিয়েরে,O
,কটিফতি,O
,অই,O
,গিল,O
,এক,O
,কৃষক,B-ROLE
Sentence: 1820,সরিসর,B-FOOD
,তইল,I-FOOD
,দিয়েরে,O
,মাস,B-FOOD
,বাজিয়েরে,I-FOOD
,হাইয়ুম,O
Sentence: 1821,সরিসর,B-FOOD
,তইল,I-FOOD
,ফাকর,O
,লাই,O
,আর,O
,গাত,O
,দিবল্লাই,O
,হাতম,O
,ব্যবহার,O
,গরে,O
Sentence: 1822,সরিসর,O
,তইল,O
,বুড়,O
,অইবার,O
,আগে,O
,চুল,O
,সাদা,B-COL
,ওয়াত্তু,O
,আর,O
,ফরাত্তুন,O
,বাচায়,O
Sentence: 1823,কেরাসিনর,O
,দিন,O
,দিন,O
,দাম,O
,বারেদ্দে,O
Sentence: 1824,আর,O
,দুইদিন,O
,দরিয়েরে,O
,ঠান্ডা,O
,হাসি,O
Sentence: 1825,ইয়াবত,O
,থুথু,O
,ফেলন,O
,মানা,O
Sentence: 1826,তেতুল,B-FOOD
,হাইলে,O
,লক্ত,O
,ফানি,O
,অই,O
,যায়,O
Sentence: 1827,আই,O
,বাজারত্তু,B-LOC
,ফেয়ারা,B-FOOD
,কিনি,O
,আইসসি,O
Sentence: 1828,দাদু,B-REL
,নারিকেলর,B-FOOD
,ফানি,I-FOOD
,ফসন্দ,O
,গরে,O
Sentence: 1829,মা,B-REL
,রান্না,O
,ঘরত,O
,তরহারি,B-FOOD
,ফাকের,O
Sentence: 1830,আর,O
,ছোড,B-REL
,ভাই,I-REL
,উওয়া,O
,কুরর,B-FOOD
,মাংস,I-FOOD
,হাইতে,O
,খুব,O
,ভালোবাসেদে,O
Sentence: 1831,শিম,B-FOOD
,ভাজি,I-FOOD
,আর,O
,ফসন্দর,O
,তরহারি,B-FOOD
Sentence: 1832,জাম্বুরো,B-FOOD
,ঠান্ডা,O
,সর্দি,O
,জ্বর,O
,জনিত,O
,সমইস্যার,O
,লাই,O
,হাইলে,O
,ফলাফল,O
,ফোন,O
,যায়,O
Sentence: 1833,জামরুল,B-FOOD
,আর,O
,ফ্রিও,O
,ফল,B-FOOD
Sentence: 1834,অনেকেই,O
,শকরলাই,O
,হইতর,B-ANI
,ফালে,O
Sentence: 1835,হইতর,B-ANI
,ফালিবেল্লাই,O
,বেশি,O
,জায়গার,O
,ফ্রয়জন,O
,নাই,O
Sentence: 1836,দেশি,O
,কুরো,B-ANI
,বছরত,O
,৫০,O
,৬০,O
,কান,O
,ডিম,B-FOOD
,দেয়,O
,দে,O
Sentence: 1837,মানুষ,O
,দিনত,O
,যতখান,O
,ফরিষ্কার,O
,দেহে,O
,বিলাই,B-ANI
,লাতিয়া,O
,তাত্তুন,O
,বেসি,O
,দেহে,O
Sentence: 1838,তুই,O
,কি,O
,আরে,O
,বোকা,O
,ফাইয়ো,O
,না,O
Sentence: 1839,আই,O
,ড্রয়িংরুমত,O
,বইয়েরে,O
,ছবি,B-OBJ
,আঁকতাম,O
,ভালোবাসি,O
Sentence: 1840,ঘরর,O
,জিনিশফত্র,B-OBJ
,রাকিবেল্লাই,O
,স্টোররুম,O
,দরহার,O
Sentence: 1841,ঘরর,O
,ফ্লোর,O
,সাফ,O
,গরন,O
,ফরিবো,O
Sentence: 1842,বাংলাদেশর,B-LOC
,শীতকাল,O
,ইবা,O
,লাউ,B-FOOD
,চাষের,O
,লয়,O
,উপযোগী,O
Sentence: 1843,বেশী,O
,শীতো,O
,নো,O
,আবার,O
,বেশী,O
,গরমো,O
,নো,O
,এরিম্মা,O
,আবহাওয়া,O
,লাউ,B-FOOD
,চাষের,O
,লয়,O
,বালা,O
Sentence: 1844,উঠানোর,O
,তুন,O
,হতা,O
,কইয়েরে,O
,উবা,O
,গিয়োয়,O
Sentence: 1845,মা,B-REL
,ঝারু,B-OBJ
,দিয়েরে,O
,ঘর,O
,ইবা,O
,ফরিষ্কার,O
,কইজ্জে,O
Sentence: 1846,তেতুলের,B-OBJ
,কচি,I-OBJ
,পাতা,I-OBJ
,সিদ্ধ,O
,গরিলে,O
,পানি,B-FOOD
,হাইলে,O
,সর্দি,O
,কাশি,O
,বালা,O
,হয়,O
Sentence: 1847,আই,O
,খাবারে,B-FOOD
,টক,O
,এব্বারে,O
,লোবাসি,O
Sentence: 1848,সকালোত,O
,ঘুমোর,O
,তুন,O
,উডার,O
,ফর,O
,আই,O
,বালা,O
,কাজোত,O
,টিক,O
,সময়,O
,কাজে,O
,লাগাইতো,O
,চাই,O
Sentence: 1849,চাষাবাদ,O
,গরিয়েরে,O
,আই,O
,সময়,O
,হাটাই,O
Sentence: 1850,সর্দি,O
,ওইকে,O
,গরম,O
,রং,B-FOOD
,চা,I-FOOD
,হাইলে,O
,বালা,O
,লাগে,O
Sentence: 1851,ফেয়ারা,B-FOOD
,এইজ্ঞো,O
,মিষ্টি,O
,ফল,B-FOOD
Sentence: 1852,নারিকেলের,B-FOOD
,তুন,O
,নারিকেল,B-FOOD
,পানি,I-FOOD
,ফাওয়া,O
,যায়,O
Sentence: 1853,রান্নাঘরোত,O
,আই,O
,ফাগ,O
,গরি্র,O
Sentence: 1854,ভাত,B-FOOD
,রান্নার,O
,বাডি,B-OBJ
,ইবা,O
,শক্ত,O
,গরি,O
,ডাকি,O
,রাহা,O
,লাগিবো,O
Sentence: 1855,শিম,B-FOOD
,বেগুন,O
,মাটিত,O
,চাষ,O
,গরা,O
,যায়,O
Sentence: 1856,পেঁপে,B-FOOD
,এইজ্ঞো,O
,সুস্বাদু,O
,ফল,B-FOOD
Sentence: 1857,বেজ্ঞুন,O
,কবুতর,B-ANI
,আকাশত,O
,উড়ের,O
Sentence: 1858,এইজ্ঞো,O
,সম্পূর্ণ,O
,নতুন,O
,স্টোররুম,O
,ডিজাইন,O
,তৈরি,O
,গরিতো,O
,ফারিবা,O
Sentence: 1859,সিলেট,B-LOC
,নগরোত,I-LOC
,শেখঘাট,I-LOC
,এলাকায়,O
,গরি,O
,উইট্টে,O
,কয়েকটি,O
,লাকড়ি,B-OBJ
,বানাইবার,O
,হারখানা,B-ORG
Sentence: 1860,তেতুলোর,B-FOOD
,টক,I-FOOD
,দিয়েরে,O
,ফুসকা,B-FOOD
,হাইয়ুম,O
Sentence: 1861,কাঁচা,B-FOOD
,আমোর,I-FOOD
,শরবত,I-FOOD
,বোত,O
,টক,O
Sentence: 1862,সরিষার,B-FOOD
,তেল,B-FOOD
,দিয়ে্রে,O
,ঝাল,B-FOOD
,মুড়ি,I-FOOD
,বানাইও,O
Sentence: 1863,ইতে,O
,বোকা,O
,কোন,O
,বিষয়ে,O
,নো,O
,জানে,O
Sentence: 1864,ঘামে,O
,শরীররে,O
,তুন,O
,পানি,O
,ও,O
,খনিজ,B-OBJ
,লবণ,I-OBJ
,বাইর,O
,ওয়,O
,যায়,O
,গয়,O
,ইবার,O
,অনেক্ষান,O
,ফুরোন,O
,গরিত,O
,ফারে,O
,লাউ,B-FOOD
Sentence: 1865,বাংলাদেশোত,B-LOC
,জনপ্রিয়,O
,সবজির,B-FOOD
,অন্যতম,O
,লাউ,B-FOOD
,যিবা,O
,এহন,O
,ফ্রায়,O
,সারা,O
,বছরত,O
,ফাওয়া,O
,যার,O
Sentence: 1866,ওজন,O
,হমানোর,O
,লায়,O
,শসার,B-FOOD
,সুপ,I-FOOD
,হাওয়া,O
,যাইত,O
,ফারে,O
Sentence: 1867,তেতুলোর,B-FOOD
,নাম,O
,উনিলে,O
,জিব্বাত,O
,ফানি,O
,নো,O
,আয়ে,O
,এরিম্ন,O
,মানুষ,O
,কুজি,O
,ফাওয়া,O
,কঠিন,O
Sentence: 1868,আবেগ,O
,ফ্রবন,O
,মানুষ,O
,বোত,O
,বোকা,O
,ওয়,O
,তাকে,O
Sentence: 1869,ফ্রতম,O
,দেহাত,O
,খাওরে,O
,বোত,O
,সরল,O
,মনোত,O
,বিশ্বাস,O
,নো,O
,কইজ্জো,O
Sentence: 1870,লবন,B-FOOD
,ছড়া,O
,তরকারি,B-FOOD
,যেরিম্মা,O
,স্বাদহীন,O
,বিশ্বাস,O
,ছাড়া,O
,সম্পর্কও,O
,এরিম্মূমা,O
,মূল্যহীন,O
Sentence: 1871,কোনিক্কারে,O
,মিথ্যা,O
,খইয়েরে,O
,কুশী,O
,করিবার,O
,তুন,O
,সত্যি,O
,খইয়েরে,O
,কাদাইলে,O
,বালা,O
Sentence: 1872,এইজ্ঞো,O
,আরেজ্ঞোর,O
,ফ্রতি,O
,বোত,O
,বিশ্বাস,O
,থাইবো,O
,ইতারোর,O
,বালোবাসাত,O
,ফাল্লা,O
,ভারী,O
,ওইবো,O
Sentence: 1873,বৃষ্টি,O
,বাইরলে,O
,তাপমাত্রা,O
,কমিবার,O
,সুখবর,O
,দিয়ে,O
,আবহাওয়া,O
,অফিস,B-ORG
Sentence: 1874,ফুরা,O
,বর্ষা,O
,মৌসুমোত,O
,হাতে,O
,গুনা,O
,হোয়োজ্ঞা,O
,দিন,O
,মাত্র,O
,বৃষ্টি,O
,ওইয়ার,O
,ফর,O
,আর,O
,মেঘোর,O
,দেহা,O
,নাই,O
Sentence: 1875,খাওয়ার,O
,বহুত,O
,আগোত,O
,যদি,O
,ভাত,B-FOOD
,রান্না,O
,শেষ,O
,ওয়,O
,গি,O
,তাহে,O
,তইলে,O
,ডাকনা,B-OBJ
,ইবা,O
,সরাইয়েরে,O
,এইজ্ঞো,O
,তোয়ালে,B-OBJ
,দি,O
,ডাকি,O
,রাকো,O
Sentence: 1876,বাংলাদেশত,B-LOC
,৬৪,O
,ইয়ান,O
,জেলা,B-LOC
Sentence: 1877,আরা,O
,বেয়াক্কুন,O
,গতহালিয়া,O
,বাইরে,O
,গেইলাম,O
Sentence: 1878,তোইয়ার,O
,হতা,O
,বলার,O
,ধরণ,O
,বহুত,O
,সুন্দর,O
Sentence: 1879,বরিশালর,B-LOC
,মানুষ,O
,হইল্লে,O
,অয়,O
,দে,O
Sentence: 1880,খুলনা,B-LOC
,জেলা,I-LOC
,কি,O
,বহুত,O
,সুন্দর,O
,নাকি,O
Sentence: 1881,খুলনার,B-LOC
,মানুষ,O
,এইল্লে,O
,সুন্দর,O
,ন,O
,অয়,O
Sentence: 1882,হনস্মত,O
,ভাবি,O
,সাইয়িই,O
,আই,O
,ন,O
,থাকিলে,O
,তোয়ান,O
,কি,O
,অইতো,O
Sentence: 1883,এতো,O
,ভাবিবার,O
,সময়,O
,হডে,O
Sentence: 1884,দুফুরত,O
,রোদত,O
,আই,O
,কালো,O
,অই,O
,গিয়ি,O
Sentence: 1885,আই,O
,জানি,O
,তুই,O
,চিঠি,B-OBJ
,ইবা,O
,এহনি,O
,ফরা,O
,শুরু,O
,গর,O
Sentence: 1886,আম,B-FOOD
,দি,O
,বানাইত্লেতারিবানা,O
,মু,O
,দিয়েরে,O
,ফারিবানা,O
,শরবন,B-FOOD
Sentence: 1887,আজিয়া,O
,স্কুলত,B-ORG
,তোয়ারারে,O
,কি,O
,ফরাইয়ে,O
Sentence: 1888,আর,O
,আগর,O
,হোনো,O
,হতা,O
,কিছুই,O
,মনত,O
,নাই,O
Sentence: 1889,তুই,O
,এইল্লে,O
,অমনোযোগী,O
,অইলে,O
,ফরিক্ষাত,O
,ভালো,O
,ফলাফল,O
,ন,O
,গরিবা,O
Sentence: 1890,এই,O
,বিষয়ত,O
,কি,O
,গইত্তাম,O
,আই,O
Sentence: 1891,হায়রে,O
,মানুষ,O
,একজন,O
,আরেজনর,O
,ফ্রতি,O
,ইংসা,O
,গরে,O
Sentence: 1892,আই,O
,আর,O
,বাসার,O
,সামনদ্দি,O
,খেয়া,B-LOC
,খেলিবার,I-LOC
,মাঠ,I-LOC
,খেলা,O
,হাই,O
Sentence: 1893,আম,B-FOOD
,দিয়েরে,O
,শরবত,B-FOOD
,বানাইয়েরে,O
,হ,O
Sentence: 1894,ঠান্ডা,B-FOOD
,শরবত,I-FOOD
,হাইলে,O
,গম,O
,লাইব,O
,দে,O
,তোয়ার,O
Sentence: 1895,এতোো,O
,চিন্তা,O
,ন,O
,লাগের,O
,নিজেরে,O
,লই,O
,চিন্তা,O
,গর,O
Sentence: 1896,আমরে,B-FOOD
,আরার,O
,দেশর,B-LOC
,ফলের,B-FOOD
,রাজা,O
,হয়,O
,দে,O
Sentence: 1897,তুই,O
,দেখতে,O
,সুন্দর,O
,ন,O
,অইলেও,O
,আই,O
,তোওারেই,O
,চাই,O
Sentence: 1898,সেখানে,O
,বহুত,O
,পুলিশ,B-ROLE
,দেহিয়েরে,O
,বাসার,O
,মিক্কা,O
,আইর,O
Sentence: 1899,আই,O
,চলি,O
,যাইর,O
,তোয়ার,O
,আর,O
,হোন,O
,দিন,O
,ফোন,B-OBJ
,দিয়েরে,O
,ন,O
,হইয়ুম,O
,এক্কেনা,O
,সময়,O
,দো,O
Sentence: 1900,বুঝি,O
,উঠিন্ন,O
,ফারির,O
,কেন,O
,গইজ্জুম,O
Sentence: 1901,তোঁয়ার,O
,বেজ্ঞিন,O
,হতা,O
,ঠিক,O
,আচে,O
Sentence: 1902,আঁই,O
,বালা,O
,ফোঁয়া,O
Sentence: 1903,বিয়ার,O
,লাই,O
,আর,O
,আব্বা,B-REL
,আর,O
,লাই,O
,মাইয়্যা,O
,তুয়ার,O
Sentence: 1904,আম্মা,B-REL
,আঁরে,O
,গতহালিয়া,O
,উওজ্ঞা,O
,ফোয়ার,O
,লই,O
,দেহা,O
,গইর,O
,ত,O
,হইয়্যে,O
Sentence: 1905,ফোয়াইবারে,O
,আত্তুন,O
,গম,O
,লাইগ্যে,O
Sentence: 1906,ফোয়াইবা,O
,অন্য,O
,হনো,O
,মাইফোয়ারে,O
,বালবাসে,O
,ফল্লাই,O
Sentence: 1907,মাইফোয়া,O
,ইবা,O
,ফোয়াইবার,O
,অফেক্কায়,O
,তাহে,O
Sentence: 1908,ফোয়াইবা,O
,কিল্লাই,O
,যে,O
,মাইফোয়া,O
,ইবার,O
,মনোর,O
,হতা,O
,ন,O
,বুযে,O
Sentence: 1909,মাইফোয়া,O
,ইবা,O
,ফোয়াইবারে,O
,তাই,O
,মনোর,O
,হতা,O
,গম,O
,গরি,O
,বউযাইত,O
,ন,O
,ফারে,O
,ফল্লাই,O
Sentence: 1910,হনো,O
,একদিন,O
,ফোয়াইবা,O
,মাইফোয়া,O
,ইবারে,O
,বালবাসিবো,O
,ফল্লাই,O
Sentence: 1911,তুঁই,O
,আঁরে,O
,দয়া,O
,গরি,O
,বিরক্ত,O
,ন,O
,গইরগো,O
Sentence: 1912,ইতে,O
,তারে,O
,বউত,O
,বিরক্ত,O
,গরে,O
Sentence: 1913,ইতেরে,O
,লই,O
,আঁই,O
,আঁর,O
,গেরামর,B-LOC
,বারিত,I-LOC
,বেরাইতো,O
,যাইত,O
,চায়,O
Sentence: 1914,এবার,O
,চুটিত,O
,সিলেট,B-LOC
,বেরাইতো,O
,যাইয়্যুম,O
Sentence: 1915,আঁই,O
,যারে,O
,বালবাসি,O
,ইতে,O
,সিলেট,B-LOC
,তাকে,O
Sentence: 1916,আঁর,O
,এহন,O
,বইওয়া,B-OBJ
,ন,O
,লাগিবো,O
Sentence: 1917,তুঁই,O
,কি,O
,বইইবা,B-OBJ
,ফইরতো,O
,চ,O
,নে,O
Sentence: 1918,ইবা,O
,কি,O
,এই,O
,বইইবা,B-OBJ
,ফইরত,O
,চায়,O
,নে,O
Sentence: 1919,অনে,O
,কি,O
,বইইবা,B-OBJ
,ফইরতো,O
,চন,O
,নে,O
Sentence: 1920,আত্তুন,O
,বই,B-OBJ
,ফইরতে,O
,বউত,O
,বালা,O
,লাগে,O
Sentence: 1921,তোঁয়ার,O
,আঁরে,O
,চিনা,O
,ন,O
,ফরিবো,O
Sentence: 1922,বউত,O
,রাইত,O
,অইয়্যে,O
,এহন,O
,গুম,O
,য,O
,গই,O
Sentence: 1923,তোঁয়াত্তুন,O
,ফরালেহা,O
,গরা,O
,ফরিবো,O
Sentence: 1924,তোঁয়াত্তুন,O
,ফরালেহা,O
,গইরতো,O
,গম,O
,ন,O
,লাগে,O
Sentence: 1925,আঁত্তুন,O
,ফরালেহা,O
,গরা,O
,ফরিবো,O
Sentence: 1926,ইবা,O
,বউত,O
,বালা,O
,রান্না,O
,গরে,O
Sentence: 1927,আঁই,O
,এক্কান,O
,বিদ্যালয়,B-ORG
,অত,O
,ফরালেহা,O
,গরি,O
Sentence: 1928,আঁর,O
,চোড,B-REL
,বইন,I-REL
,এক্কান,O
,বিদ্যালয়,B-ORG
,অত,O
,ফরালেহা,O
,গরে,O
Sentence: 1929,আঁর,O
,ছোড,B-REL
,ভাই,I-REL
,এক্কান,O
,বিদ্যালয়,B-ORG
,অত,O
,ফরালেহা,O
,গরে,O
Sentence: 1930,আত্তুন,O
,বিদ্যালয়,B-ORG
,অত,O
,যাইত,O
,গম,O
,ন,O
,লাগে,O
Sentence: 1931,আঁর,O
,বিয়ার,O
,বয়স,O
,ফার,O
,অই,O
,যার,O
,গই,O
Sentence: 1932,আহারে,O
,তোঁয়ার,O
,মন,O
,অত,O
,হত,O
,দুক্ক,O
Sentence: 1933,আঁই,O
,গুম,O
,যাইতো,O
,যাইর,O
Sentence: 1934,আঁই,O
,নাচিত,O
,ফারি,O
Sentence: 1935,আঁই,O
,আচুইরতে,O
,পচন্দ,O
,গরি,O
Sentence: 1936,আঁই,O
,তোয়াঁর,O
,বাসাত,O
,বেরাইতো,O
,আইসসোম,O
Sentence: 1937,ইতে,O
,তার,O
,গেরামর,B-LOC
,বারিত,I-LOC
,বেরাইতো,O
,গেয়্যে,O
Sentence: 1938,আঁর,O
,বন্দু,B-REL
,মানসিক,O
,বাবে,O
,দুর্বল,O
Sentence: 1939,এন,O
,সময়,O
,তার,O
,কি,O
,গরা,O
,উচিত,O
Sentence: 1940,আঁর,O
,দুওয়া,O
,বাবু,O
,আচে,O
Sentence: 1941,আঁর,O
,জামাইরে,B-REL
,আঁই,O
,কুব,O
,বালবাসি,O
Sentence: 1942,বউতদিন,O
,ফর,O
,অনর,O
,লই,O
,দেহা,O
Sentence: 1943,অনে,O
,কেন,O
,আচন,O
Sentence: 1944,অনর,O
,কি,O
,আঁর,O
,হতা,O
,মনোত,O
,আচে,O
,আইযো,O
Sentence: 1945,আঁর,O
,ফরালেহা,O
,গইরতো,O
,গম,O
,না,O
,লাগে,O
Sentence: 1946,আঁর,O
,বিদেশঅত,B-LOC
,যাই,O
,ফরালেহা,O
,গরিবর,O
,সফ্ন,O
Sentence: 1947,অনর,O
,লাই,O
,হতা,O
,হই,O
,বউত,O
,গম,O
,লাইজ্ঞে,O
Sentence: 1948,বউতকিয়ায়,O
,হদে,O
,ফ্রেম,O
,গইরলে,O
,মানুষ,O
,ডিলা,O
,অই,O
Sentence: 1949,বউতকিয়ায়,O
,আরো,O
,হদে,O
,যে,O
,বিয়া,O
,গইরলে,O
,মানুষ,O
,গাদা,O
,অই,O
Sentence: 1950,ওজ্ঞা,O
,লোক,O
,মরি,O
,গেইয়্যুই,O
Sentence: 1951,তুঁই,O
,ইল্লা,O
,গরিব,O
,আগে,O
,কা,O
,ন,O
,হ,O
Sentence: 1952,আঁই,O
,আগেই,O
,হয়্যি,O
,তুঁই,O
,চারা,O
,এই,O
,দুনিয়াত,B-LOC
,আঁর,O
,আর,O
,কিচু,O
,নাই,O
Sentence: 1953,মনোর,O
,বালবাসা,O
,চিরদিন,O
,তাকি,O
,যাইবই,O
Sentence: 1954,জিবনর,O
,এক্কানা,O
,ফত,O
,গাআগাই,O
,চলা,O
,তেমন,O
,কটিন,O
,ন,O
Sentence: 1955,যিবন,O
,অইলদি,O
,বাচার,O
,লাই,O
Sentence: 1956,মন,O
,অইলদি,O
,দিবর,O
,লাই,O
Sentence: 1957,বালবাসা,O
,অইলদি,O
,আজিবন,O
,পাশে,O
,তাহিবর,O
,লাই,O
Sentence: 1958,আঁই,O
,কিচু,O
,বাবিত,O
,ন,O
,ফারি,O
,তোঁয়ারে,O
,চারা,O
Sentence: 1959,আঁই,O
,কিচু,O
,লেকিত,O
,ন,O
,ফারি,O
,তোঁয়ার,O
,নাম,O
,চারা,O
Sentence: 1960,আঁই,O
,কিচু,O
,বুইয,O
,ত,O
,ন,O
,চাই,O
,তোঁয়ারে,O
,চারা,O
Sentence: 1961,বালবাসাত,O
,ইল্লা,O
,কা,O
,অয়,O
Sentence: 1962,যেত্তে,O
,ফোয়া,O
,বুযে,O
,এত্তে,O
,মাইয়্যা,O
,ন,O
,বুযে,O
Sentence: 1963,তোঁয়ারে,O
,বালবাসি,O
,হইতেও,O
,বাকি,O
Sentence: 1964,আঁর,O
,কুব,O
,গরম,O
,লাগের,O
Sentence: 1965,তোঁয়ার,O
,কি,O
,গরম,O
,লাগের,O
,নে,O
Sentence: 1966,অনর,O
,কি,O
,গরম,O
,লাগের,O
,নে,O
Sentence: 1967,অনে,O
,কি,O
,আঁরে,O
,বালবাসন,O
,নে,O
Sentence: 1968,তোঁয়ার,O
,লাই,O
,মনোত,O
,আঁর,O
,আফুরন্ত,O
,আশা,O
Sentence: 1969,আরা,O
,যিবন,O
,ফাইতো,O
,চাই,O
,তোঁয়ার,O
,বালবাসা,O
Sentence: 1970,আঁযি,O
,যাইতো,O
,ইচ্ছা,O
,গরে,O
,বউত,O
,দুরে,O
Sentence: 1971,আডো,O
,না,O
,দুইজনে,O
,মিলি,O
,বেরাই,O
,আয়্যি,O
Sentence: 1972,আডো,O
,না,O
,দুজনে,O
,মিলি,O
,আচুরি,O
Sentence: 1973,বাস্তব,O
,কটিন,O
,অইলেও,O
,মানি,O
,লয়,O
,মানায়,O
,চলা,O
,ফরে,O
Sentence: 1974,ফেসবুক,B-ORG
,অত,O
,ইতার,O
,একজন,O
,অর,O
,ফোয়ারে,O
,সম্ফর্ক,O
,অয়,O
Sentence: 1975,ফোয়াইবা,O
,বাল,O
,চঅরি,O
,গরে,O
Sentence: 1976,এই,O
,ফাঁচ,O
,মাস,O
,ফোয়া,O
,তার,O
,ফরিবার,O
,লয়,O
,মাইয়্যার,O
,বাসাত,O
,ন,O
,যাই,O
Sentence: 1977,মাইয়্যা,O
,হদে,O
,ফ্রয়োজন,O
,ফরিলে,O
,আঁর,O
,ফরিবার,O
,তোঁয়ার,O
,ফরিবার,O
,অর,O
,ফোয়ারে,O
,হতা,O
,হইবো,O
Sentence: 1978,ফরিবার,O
,বইলতে,O
,মা,B-REL
,বাফ,B-REL
,বাই,B-REL
,বইন,B-REL
,লয়,O
Sentence: 1979,আঁর,O
,জামাই,B-REL
,দুইবচর,O
,আগে,O
,আঁরারে,O
,রাই,O
,আই,O
,যুদা,O
,অয়,O
,গেইয়্যুয়,O
Sentence: 1980,আঁর,O
,ফচন্দ,O
,অয়,O
,ইল্লা,O
,মাইয়্যা,O
,তারার,O
,ফচন্দ,O
,ন,O
,ময়,O
Sentence: 1981,অনর,O
,বাপ,B-REL
,মার,B-REL
,যেহেতু,O
,সফ্ন,O
Sentence: 1982,ফরে,O
,অনর,O
,বউত,O
,আফসোস,O
,অইব,O
Sentence: 1983,তারার,O
,ওজ্ঞা,O
,বাইচ্চা,O
,আচে,O
,ফাঁচ,O
,বচরর,O
Sentence: 1984,দুজনেই,O
,তারার,O
,চ,O
,অরি,O
,লই,O
,বেস্ত,O
Sentence: 1985,সংসার,O
,অত,O
,হনিকাই,O
,টিকটিক,O
,মত,O
,সময়,O
,দিন,O
,ন,O
,ফারে,O
Sentence: 1986,বউওর,B-REL
,অবিযোগ,O
,জামাই,B-REL
,টিক,O
,মতো,O
,তার,O
,দায়িত্ত,O
,ফালন,O
,ন,O
,গরের,O
Sentence: 1987,অনর,O
,নাম,O
,কি,O
Sentence: 1988,তোর,O
,নাম,O
,কি,O
Sentence: 1989,তোর,O
,গেরামর,B-LOC
,বারি,I-LOC
,হডে,O
Sentence: 1990,তোর,O
,বাফর,B-REL
,নাম,O
,কি,O
Sentence: 1991,তোর,O
,মার,B-REL
,নাম,O
,কি,O
Sentence: 1992,ফরে,O
,তোয়াই,O
,নাও,O
,ফাইত,O
,ফারি,O
Sentence: 1993,তাঁরার,O
,ফোয়ারে,O
,আঁই,O
,এগাজা,O
,আনন্দে,O
,তাকি,O
Sentence: 1994,আঁর,O
,বন্দুওক্কল,B-REL
,আঁরে,O
,বালবাসা,O
,দেয়,O
Sentence: 1995,আঁরা,O
,বেজ্ঞুন,O
,এক্কোফোয়ারে,O
,আশি,O
,কুশি,O
,গরি,O
,সময়,O
,হডাই,O
Sentence: 1996,আঁরার,O
,মাযে,O
,হনোরহম,O
,হইয্যা,O
,নেই,O
Sentence: 1997,আঁর,O
,বইন,B-REL
,এগাযা,O
,আঁর,O
,ফোয়ারে,O
,তাইতো,O
,চাই,O
Sentence: 1998,আঁই,O
,আঁর,O
,বাইরে,B-REL
,বউত,O
,বালোবাসি,O
Sentence: 1999,আঁই,O
,আঁর,O
,বইনরে,B-REL
,বউত,O
,বালোবাসি,O
Sentence: 2000,ওজ্ঞা,O
,গেরামত,B-LOC
,ওজ্ঞা,O
,হারাফ,O
,ফোয়া,O
,আচিল,O
Sentence: 2001,ইতে,O
,এগাযা,O
,মিচা,O
,হতা,O
,হইত,O
Sentence: 2002,বেজ্ঞুনে,O
,ইতারে,O
,বউত,O
,ডরাইতো,O
Sentence: 2003,হনোকেয়াই,O
,তারে,O
,বালো,O
,ন,O
,বাসিতো,O
Sentence: 2004,ইতে,O
,বর,O
,হারাফ,O
,আচিল,O
Sentence: 2005,গেরামর,B-LOC
,মানুষ,O
,অক্কল,O
,ফোয়াইবারতুন,O
,দুরে,O
,তাইবর,O
,চেস্টা,O
,গইরতো,O
Sentence: 2006,অনে,O
,ইল্লা,O
,হারাফ,O
,কা,O
,অই,O
,আচন,O
Sentence: 2007,হাইবর,O
,সতি,O
,বর,O
,বেশি,O
,দাত,O
,ফুকে,O
,হরার,O
Sentence: 2008,ইয়ান,O
,কি,O
,দরনর,O
,ফ্রশ্ন,O
Sentence: 2009,তুঁই,O
,তাকো,O
,হডে,O
Sentence: 2010,আঁরা,O
,ন,O
,কা,O
,যাইর,O
Sentence: 2011,হাম,O
,অত,O
,চুরাই,O
,ন,O
,মাইরগো,O
Sentence: 2012,অনরে,O
,কেন,O
,গরি,O
,সাহায্য,O
,গরিত,O
,ফারি,O
Sentence: 2013,আঁই,O
,বাংলা,O
,বাসা,O
,বুজি,O
Sentence: 2014,আঁই,O
,অনর,O
,ফোয়ারে,O
,আচি,O
Sentence: 2015,অনে,O
,কি,O
,ওজ্ঞা,O
,বাংলা,O
,গান,O
,গাইত,O
,ফারিবান,O
,নে,O
Sentence: 2016,আঁই,O
,অনরে,O
,হনো,O
,অত্তে,O
,ন,O
,বুইল্লম,O
Sentence: 2017,অনে,O
,কি,O
,আইযো,O
,রাস্তা,B-LOC
,দেহিত,O
,ফারন,O
,নে,O
Sentence: 2018,আঁই,O
,অনর,O
,হাচে,O
,আইত,O
,চাই,O
Sentence: 2019,অনে,O
,কি,O
,ফরা,O
,লেহা,O
,গরিত,O
,ফারন,O
Sentence: 2020,আঁই,O
,অনর,O
,লাই,O
,আফেক্কা,O
,গরিত,O
,ফারি,O
Sentence: 2021,অনে,O
,কি,O
,আঁর,O
,ফ্রশ্নর,O
,জবাব,O
,দিত,O
,ফারিবান,O
,নে,O
Sentence: 2022,আঁই,O
,অনরতুন,O
,ওজ্ঞা,O
,কিচ্চা,O
,ফুইন্তো,O
,চাই,O
Sentence: 2023,অনে,O
,কি,O
,আঁরে,O
,ওজ্ঞা,O
,চবি,O
,তুলি,O
,দিত,O
,ফারিবান,O
,নে,O
Sentence: 2024,আঁই,O
,অনর,O
,লই,O
,এক্কান,O
,হতা,O
,হইতো,O
,চাই,O
Sentence: 2025,অনে,O
,কি,O
,হনো,O
,বুল,O
,গইরগন,O
,নে,O
Sentence: 2026,অনে,O
,কি,O
,ওজ্ঞা,O
,বাংলা,B-OBJ
,বই,I-OBJ
,ফরিত,O
,ফার,O
,অন,O
Sentence: 2027,আঁই,O
,অনর,O
,হাচে,O
,ফরামর্শ,O
,চাই,O
Sentence: 2028,আঁই,O
,অনর,O
,ডাহদ্দি,O
,তাইক্তো,O
,চাই,O
Sentence: 2029,অনে,O
,কি,O
,জাগা,O
,ইয়ান,O
,অত,O
,গুরিত,O
,ফার,O
,অন,O
Sentence: 2030,অনে,O
,কি,O
,গান,O
,লেকিত,O
,ফার,O
,অন,O
Sentence: 2031,আঁই,O
,অনর,O
,লই,O
,ফ্রেম,O
,গরি,O
Sentence: 2032,অনে,O
,কি,O
,ওজ্ঞা,O
,বাংলা,O
,নাটক,O
,দেইত,O
,ফার,O
,অন,O
Sentence: 2033,আঁই,O
,অনর,O
,হাচে,O
,শিক্কা,O
,লইত,O
,চাই,O
Sentence: 2034,আঁই,O
,অনর,O
,লই,O
,মযা,O
,গইরতো,O
,চাই,O
Sentence: 2035,অনে,O
,কি,O
,হনো,O
,বুল,O
,বুজিত,O
,ফার,O
,অন,O
Sentence: 2036,আঁই,O
,অনর,O
,লই,O
,সময়,O
,হডাইতো,O
,চাই,O
Sentence: 2037,অনে,O
,কি,O
,বাংলা,O
,কবিতা,O
,লেকিত,O
,ফার,O
,অন,O
Sentence: 2038,আঁর,O
,বাংলা,O
,বুইযতো,O
,অসুবিদা,O
,অর,O
Sentence: 2039,আঁই,O
,বাংলাত,O
,হতা,O
,হইত,O
,ফারি,O
Sentence: 2040,আঁই,O
,ন,O
,বুযির,O
Sentence: 2041,আঁর,O
,বাইচ্চা,B-REL
,ওজ্ঞা,O
,মাইফোয়া,B-REL
,আচে,O
Sentence: 2042,অনে,O
,কি,O
,এক্কান,O
,শঅর,B-LOC
,অত,O
,যাইবান,O
,নে,O
Sentence: 2043,আঁই,O
,এডে,O
,তাইক্কম,O
Sentence: 2044,আঁর,O
,গর,O
,দুর,O
,আচে,O
Sentence: 2045,আঁর,O
,আব্বু,B-REL
,একযন,O
,ডাক্তর,B-ROLE
Sentence: 2046,তুঁই,O
,কি,O
,হনো,O
,অত্তে,O
,এডে,O
,আইত,O
,ফারিবা,O
,নে,O
Sentence: 2047,তুঁই,O
,কি,O
,আঁর,O
,ফোয়ারে,O
,যাইবা,O
,নে,O
Sentence: 2048,তুঁই,O
,কি,O
,বাংলা,O
,গান,O
,ফুনিত,O
,ফারো,O
Sentence: 2049,আঁই,O
,বউত,O
,কুশি,O
Sentence: 2050,আঁর,O
,বই,B-OBJ
,ওয়া,O
,হডে,O
Sentence: 2051,তুঁই,O
,কেলা,O
,হাইতো,O
,বালবাসো,O
,নে,O
Sentence: 2052,আঁর,O
,গরোত,O
,বর,O
,সুন্দর,O
,ফুল,B-OBJ
,আচে,O
Sentence: 2053,তুঁই,O
,কি,O
,আঁর,O
,বন্দু,B-REL
,অইবা,O
,নে,O
Sentence: 2054,আঁই,O
,এডে,O
,ফত্তিন,O
,আইয়্যি,O
Sentence: 2055,তুঁই,O
,কি,O
,কেলাদুলাত,O
,বালা,O
,নে,O
Sentence: 2056,তোঁয়ার,O
,কি,O
,হাইবর,O
,লাই,O
,সময়,O
,আচে,O
,নে,O
Sentence: 2057,অনে,O
,কি,O
,গান,O
,ফুইন্তে,O
,পচন্দ,O
,গরঅন,O
,নে,O
Sentence: 2058,আঁর,O
,ফ্রিয়,O
,ফল,B-FOOD
,আম,B-FOOD
Sentence: 2059,আঁরে,O
,লই,O
,বিদেশত,B-LOC
,গুইরত,O
,যাইবা,O
,নে,O
Sentence: 2060,ইতে,O
,বিদেশত,B-LOC
,যাইবো,O
Sentence: 2061,ইতার,O
,এ,O
,মাসঅত,O
,বিদেশ,B-LOC
,যাইবর,O
,হতা,O
,আচিল,O
Sentence: 2062,ইতে,O
,বিদেশ,B-LOC
,যাইতো,O
,ন,O
,চায়,O
Sentence: 2063,অনে,O
,কি,O
,বিদেশ,B-LOC
,যাইতো,O
,চন,O
,নে,O
Sentence: 2064,তারা,O
,তিন,O
,বাই,B-REL
,আচিল,O
,কিন্তু,O
,তারার,O
,মা,B-REL
,ন,O
,আচিল,O
Sentence: 2065,জঁঅলঅর,B-LOC
,মাযে,O
,এক্কান,O
,গুরা,O
,যায়গায়,O
,তারা,O
,তিন,O
,বাই,B-REL
,এক্কোফোয়ারে,O
,তাকিত৯,O
Sentence: 2066,এক্কালে,O
,এক,O
,রাজার,B-ROLE
,এক,O
,আতি,B-ANI
,আচিল,O
Sentence: 2067,আঁই,O
,বেইন্না,O
,ফরাশোনা,O
,গরি,O
,মন,O
,সচেতন,O
,রাকি,O
Sentence: 2068,বেইন্না,O
,ফযরত,O
,ফরাশোনা,O
,শুরু,O
,গরা,O
,বালো,O
Sentence: 2069,আঁই,O
,আযিয়া,O
,রাইতর,O
,হানা,B-FOOD
,ন,O
,হাইয়্যুম,O
Sentence: 2070,আযিয়া,O
,রাতিয়া,O
,ন,O
,কা,O
,হাইতা,O
Sentence: 2071,আঁর,O
,বুক,O
,ন,O
,লাগে,O
Sentence: 2072,আডো,O
,বেজ্ঞুনে,O
,মিলি,O
,বেরাইত,O
,যাই,O
Sentence: 2073,বউত,O
,দুরে,O
,যেডে,O
,হনোকিয়ায়,O
,নেই,O
Sentence: 2074,তুঁই,O
,কেন,O
,আচো,O
Sentence: 2075,তুঁই,O
,কি,O
,চ,O
,অরি,O
,গরর,O
,নিকি,O
,এইযো,O
Sentence: 2076,তুঁই,O
,কি,O
,ফরাশোনা,O
,গরর,O
,দে,O
,নে,O
Sentence: 2077,আঁই,O
,এহন,O
,বিশ্ববিদ্যালয়,B-ORG
,অত,O
,ফরাশোনা,O
,গরির,O
Sentence: 2078,আঁই,O
,বিজ্ঞান,O
,অত,O
,মাস্টার্স,O
,ডিগ্রি,O
,লইয়িগইরগি,O
Sentence: 2079,অনে,O
,যেন,O
,গরি,O
,আগায়,O
,যঅন,O
,তা,O
,কুব,O
,গর্বর,O
,বিসয়,O
Sentence: 2080,আঁই,O
,ফরে,O
,অনর,O
,দোয়ান,O
,অত,O
,আইস্যুম,O
Sentence: 2081,আঁর,O
,বর,B-REL
,মাইয়্যার,I-REL
,বিয়ার,O
,আয়োজন,O
,চলের,O
Sentence: 2082,বিয়ার,O
,তারিক,O
,হত্তে,O
,টিক,O
,অইয়্যে,O
Sentence: 2083,এহন,O
,ফইরযন্ত,O
,বেজ্ঞিন,O
,টিকমতো,O
,আয়োজন,O
,গইরগি,O
Sentence: 2084,সাহায্যর,O
,লাই,O
,আঁই,O
,এডে,O
,আচি,O
Sentence: 2085,আঁই,O
,সাগর,B-LOC
,বউত,O
,পচন্দ,O
,গরি,O
Sentence: 2086,তুঁই,O
,সাগর,B-LOC
,কিল্লাই,O
,পচন্দ,O
,গরো,O
Sentence: 2087,সাগরর,O
,ফানি,O
,বউত,O
,নিল,B-COL
Sentence: 2088,তোঁয়ার,O
,নাম,O
,কি,O
Sentence: 2089,আডো,O
,দাই,O
,যাই,O
,গই,O
Sentence: 2090,আঁত্তুন,O
,ফকেট,B-OBJ
,মানি,I-OBJ
,লাইবো,O
Sentence: 2091,এদুন,O
,টিয়া,B-OBJ
,হডে,O
,পাইয়্যুম,O
Sentence: 2092,টিয়া,B-OBJ
,দি,O
,কেন,O
,গইরতা,O
Sentence: 2093,এক্কান,O
,গারি,B-OBJ
,কিন্নোম,O
Sentence: 2094,হালা,B-COL
,রং,I-COL
,আঁর,O
,বউত,O
,ফ্রিয়,O
Sentence: 2095,তোঁয়ার,O
,ফ্রিয়,O
,রং,B-COL
,কি,O
Sentence: 2096,তুঁই,O
,কি,O
,দেইক্কো,O
,নে,O
Sentence: 2097,আঁরে,O
,চারা,O
,বালা,O
,তাইক্কো,O
Sentence: 2098,আঁর,O
,বয়স,O
,হম,O
Sentence: 2099,বুল,O
,গরি,O
,ফেলাইয়্যি,O
Sentence: 2100,তুঁই,O
,চাইলে,O
,আঁই,O
,চাঁদ,O
,আনি,O
,দিয়্যুম,O
Sentence: 2101,বেইন্না,O
,চা,B-FOOD
,হাইবা,O
,নে,O
Sentence: 2102,এক্কানা,O
,ইক্কা,O
,আইয়্য,O
Sentence: 2103,ফোয়াইবা,O
,বউত,O
,মেদাবি,O
Sentence: 2104,মাইফোয়া,O
,ইবা,O
,ফোয়াইবারে,O
,বালোবাসে,O
Sentence: 2105,মাইফোয়া,O
,ইবা,O
,বউত,O
,চলাক,O
Sentence: 2106,মাইফোয়া,O
,ইবা,O
,অংকত,O
,কেচা,O
Sentence: 2107,আই,O
,ইতার,O
,নাম,O
,নো,O
,জানি,O
Sentence: 2108,ইতে,O
,আর,O
,গ্রামোত,B-LOC
,বাড়িত,I-LOC
,আসসিলো,O
Sentence: 2109,ইতে,O
,গ্রামত,B-LOC
,তুন,O
,ডাকাত,B-LOC
,আইসসে,O
Sentence: 2110,ইতার,O
,ঢাকার,B-LOC
,তুন,O
,গ্রামত,B-LOC
,গিইয়ে,O
Sentence: 2111,ইতে,O
,রাতোত,O
,ঘুমাইতো,O
,গিয়ে,O
Sentence: 2112,ইতে,O
,বাগানোত,B-LOC
,দুরায়ে,O
Sentence: 2113,ইতে,O
,রাস্তাত,B-LOC
,দুরার,O
Sentence: 2114,আই,O
,তুয়ার,O
,লাই,O
,একমত,O
,অইতো,O
,নো,O
,ফারির,O
Sentence: 2115,আই,O
,চেষ্টা,O
,হইজ্জিলাম,O
Sentence: 2116,আরে,O
,বই,B-OBJ
,ইবা,O
,দেহা,O
Sentence: 2117,এব্বারে,O
,টিক,O
,হতা,O
Sentence: 2118,বাগানোত,B-LOC
,মইধো,O
,দি,O
,হন,O
,দুরায়ে,O
Sentence: 2119,ওনে,O
,হেলায়,O
,জিত্তন,O
Sentence: 2120,তুই,O
,খেলাত,O
,জিত্তো,O
Sentence: 2121,তুই,O
,যো,O
,গয়,O
,এরে,O
,তুন,O
Sentence: 2122,ওরে,O
,যন,O
,এরে,O
,তুন,O
Sentence: 2123,তুই,O
,যা,O
,গয়,O
,এরের,O
,তুন,O
Sentence: 2124,ওনোরা,O
,ফার্কত,B-LOC
,গুরি,O
,বেড়াতোক,O
Sentence: 2125,ঐইবা,O
,চেষ্টা,O
,খজ্জিল,O
Sentence: 2126,ঐইবা,O
,চেষ্টা,O
,খজ্জিল,O
,না,O
Sentence: 2127,তোয়ার,O
,আব্বু,B-REL
,কেন,O
,আসে,O
Sentence: 2128,আর,O
,বর,B-REL
,বইনোর,I-REL
,আজিয়া,O
,মন,O
,ভালা,O
,নাই,O
Sentence: 2129,তুইকি,O
,আরে,O
,হাম্মান,O
,গরি,O
,দিত্তারিবানা,O
Sentence: 2130,এই,O
,গরমত,O
,বাইর,O
,ওইতো,O
,মনত,O
,নো,O
,সার,O
Sentence: 2131,তোয়ার,O
,বেক,O
,হোতাই,O
,ভুল,O
Sentence: 2132,তোয়ার,O
,ডইল্লে,O
,মরতফোয়া,O
,আই,O
,এক্কান,O
,ও,O
,নো,O
,দেহি,O
Sentence: 2133,আর,O
,লাই,O
,ফোওয়া,O
,কুজেরদে,O
Sentence: 2134,গতহালিয়া,O
,আব্বু,B-REL
,আরে,O
,এক্কান,O
,ফোয়ার,O
,ফোয়ারিত,O
,দেহা,O
,গরিবেল্লাই,O
,হইল,O
Sentence: 2135,ফোয়া,O
,ইবা,O
,আর,O
,এক্কেরে,O
,গম,O
,ন,O
,লাগে,O
Sentence: 2136,মাইয়াফোয়া,O
,ইবা,O
,গোলাফি,B-COL
,কালার,I-COL
,শাড়ি,B-OBJ
,ফইজ্জেদে,O
Sentence: 2137,আর,O
,দুইদিন,O
,ফোর,O
,বিয়া,O
,অইবোদে,O
Sentence: 2138,মারতফোয়া,O
,ইবা,O
,এহন,O
,আর,O
,বিকালত,O
,খেলিবেল্লাই,O
,ন,O
,আইয়ে,O
Sentence: 2139,মাঈয়া,O
,ফোয়া,O
,ইবা,O
,বেইন্না,O
,ঘুমত্তুন,O
,উডি,O
,ফন্না,O
,ফইওত্তে,O
,বইসসে,O
Sentence: 2140,আর,O
,চাচা,B-REL
,গতহালিয়া,O
,বিদেশেত্তুন,B-LOC
,বাংলাদেশত,B-LOC
,আইসসে,O
Sentence: 2141,আর,O
,বাসার,B-ROLE
,দারওয়ান,I-ROLE
,বহুত,O
,ভালা,O
,মানুষ,O
Sentence: 2142,আর,O
,বান্ধু,B-REL
,খুলনা,B-LOC
,গুইত্ত,O
,গিয়ে,O
Sentence: 2143,আর,O
,গুরতো,O
,বহুত,O
,ভালা,O
,লাগে,O
Sentence: 2144,আই,O
,বিদেশত,B-LOC
,জাইয়েরে,O
,বহুত,O
,ঘুইরতাম,O
,চাই,O
Sentence: 2145,তুই,O
,আরে,O
,বিরক্ত,O
,ন,O
,গইজ,O
Sentence: 2146,তুই,O
,আরে,O
,বহুত,O
,অফমান,O
,গইজ্জ,O
Sentence: 2147,আর,O
,সকালত,O
,উডিয়েরে,O
,বই,B-OBJ
,ফইত্তাম,O
,বহুত,O
,ভালো,O
,লাগে,O
Sentence: 2148,আর,O
,ভাই,B-REL
,ছোড,I-REL
,উওা,O
,একদমি,O
,ফন্না,O
,ফরিবেল্লাই,O
,ন,O
,চায়,O
Sentence: 2149,আর,O
,ভাই,B-REL
,ছোড,I-REL
,ইবা,O
,স্কুলত,B-ORG
,জাইতো,O
,ন,O
,চায়,O
Sentence: 2150,আর,O
,ভাই,B-REL
,ছোড,I-REL
,ইবা,O
,স্কুলত,B-ORG
,জাইয়েরে,O
,ফন্না,O
,ফরিবেল্লাই,O
,ন,O
,চায়,O
Sentence: 2151,আই,O
,একদিন,O
,স্কুলর,B-LOC
,মাডত,I-LOC
,মাথা,O
,গুরাইয়েরে,O
,ফরি,O
,গেইলাম,O
Sentence: 2152,অনেকি,O
,আরে,O
,হোন,O
,দিনো,O
,ভালোনোবাসিবান,O
Sentence: 2153,আর,O
,বন্ধু,B-REL
,আজিয়া,O
,সকালত,O
,ফুটবল,B-OBJ
,খেইল্লে,O
Sentence: 2154,তুই,O
,আর,O
,মনত,O
,হতা,O
,এক্কেরে,O
,ন,O
,বুঝে,O
Sentence: 2155,আর,O
,আম্মু,B-REL
,বহুত,O
,ভালা,O
,রান্দিত,O
,ফারে,O
Sentence: 2156,আর,O
,বন্ধু,B-REL
,এহন,O
,ঘুম,O
,জাইব,O
,দে,O
Sentence: 2157,আর,O
,বইত,B-REL
,ছোড,I-REL
,ইবা,O
,নাসিত্তারে,O
Sentence: 2158,আর,O
,বন্ধু,B-REL
,এইসুডিত,O
,রাজশাহী,B-LOC
,গুইত্ত,O
,জাইবদে,O
Sentence: 2159,আর,O
,বন্ধু,B-REL
,জিতারে,O
,ভালোবাসে,O
,ইতে,O
,রাজশাহী,B-LOC
,তাহে,O
,দে,O
Sentence: 2160,মাইয়াা,O
,ফয়া,O
,ইব,O
,আরাজশাহীত্তুন,B-LOC
,আর,O
,ডোর,B-REL
,ভাইর,I-REL
,ফয়ারিত,O
,দেহা,O
,গরিবেল্লাই,O
,আইসসিল,O
Sentence: 2161,মাইয়া,O
,ফয়া,O
,ইবা,O
,এহন,O
,সিলেট,B-LOC
,জাইবদে,O
Sentence: 2162,আর,O
,আই,B-REL
,ডোর,I-REL
,ইবা,O
,তার,O
,বন্ধুর,B-REL
,ফয়ারিত,O
,এহন,B-OBJ
,বিরি,O
,ন,O
,হায়দে,O
Sentence: 2163,অনেকি,O
,আরে,O
,আগে,O
,হন,O
,দিন,O
,দেইক্কুন্না,O
Sentence: 2164,অনেকি,O
,আরে,O
,চিনিত্তাইজ্জুন্না,O
Sentence: 2165,ফোয়াইবা,O
,আরে,O
,ন,O
,চিনে,O
Sentence: 2166,মাইয়াফোয়াা,O
,ইবা,O
,আরে,O
,ন,O
,চিনে,O
Sentence: 2167,আর,O
,এহন,O
,ফন্না,O
,ফরা,O
,উচিত,O
Sentence: 2168,বহুত,O
,রাত,O
,অইয়ে,O
,এহন,O
,আর,O
,ভই,B-REL
,ছোডউওা,I-REL
,ঘুমাইবেল্লাই,O
,জাইব,O
,দে,O
Sentence: 2169,আত্তুন,O
,ফরিক্ষার,O
,আগদ্দি,O
,বেয়াক,O
,কিছু,O
,লইয়েরে,O
,ফন্না,O
,ফরন,O
,ফরিব,O
Sentence: 2170,আর,O
,ভআই,B-REL
,ছোড,I-REL
,ইবা,O
,স্কুলত,B-ORG
,জাইয়েরে,O
,বন্দুর,B-REL
,ফোয়ারিত,O
,গলফ,O
,মারে,O
,দে,O
Sentence: 2171,আর,O
,বন্ধু,B-REL
,স্কুলর,B-LOC
,মাডত,I-LOC
,ফ্রতিদিন,O
,ক্রিকেত,O
,হেলা,O
,হায়,O
,দে,O
Sentence: 2172,এক্কান,O
,ছোড,O
,ফুটফাতত,O
,লাফাদ্দে,O
Sentence: 2173,আর,O
,বান্ধবির,B-REL
,তার,O
,জামাইরে,B-REL
,বহুত,O
,ভালবাসেদে,O
Sentence: 2174,আর,O
,বউ,B-REL
,আরে,O
,ভালনোবাসেদে,O
Sentence: 2175,স্কুল,B-ORG
,জীবনেত্তুন,O
,আর,O
,ভআই,B-REL
,ফয়ারিত,O
,তোয়ার,O
,ভইনর,B-REL
,ফ্রেম,O
,আসিল,O
Sentence: 2176,আর,O
,গুতহালিয়া,O
,বহুত,O
,মাতা,O
,হরাইয়ে,O
Sentence: 2177,আই,O
,তোয়ার,O
,হোন,O
,হতা,O
,কিছুই,O
,বঝিত,O
,নোফাইল্লাম,O
Sentence: 2178,তোয়ারর,O
,হাশির,O
,হাসে,O
,আর,O
,বেয়াক্কিসু,O
,আর,O
,মানে,O
,দে,O
Sentence: 2179,তোয়ার,O
,চখ,O
,দুইয়ান,O
,বহুত,O
,সুন্দর,O
Sentence: 2180,তোওয়ার,O
,ফোয়ারিত,O
,বহুত,O
,দিন,O
,ফর,O
,দেহা,O
,অইয়েদে,O
Sentence: 2181,ফয়া,O
,ইবা,O
,বদেশত,B-LOC
,জাইয়েরে,O
,ফন্নাফরিবার,O
,স্বপ্ন,O
,দেহে,O
Sentence: 2182,তোয়ার,O
,ফোয়ারিত,O
,হতা,O
,হইয়েরে,O
,আত্তুন,O
,বহুত,O
,গম,O
,লাগেদে,O
Sentence: 2183,তোওয়ার,O
,বন্দুর,B-REL
,ফোয়ারিত,O
,ফরিচয়,O
,অইয়েরে,O
,ভালো,O
,লাইজ্ঞে,O
Sentence: 2184,আর,O
,আব্বু,B-REL
,আর,O
,চাচা,B-REL
,জায়গা,O
,জবি,O
,লইয়েরে,O
,হইজ্জে,O
,অইদে,O
Sentence: 2185,লোক,O
,ইবা,O
,কিছু,O
,আগদ্দি,O
,বিয়া,O
,গইজ্জেদে,O
Sentence: 2186,ফ্রতমে,O
,তোয়াত্তুন,O
,এক্কান,O
,বইয়র,B-OBJ
,দোয়ানত,O
,জন,O
,ফরিবদে,O
Sentence: 2187,বেশি,O
,হইবার,O
,আগে,O
,আবেগে,O
,ছখত,O
,ফানি,O
,চলি,O
,আইসসে,O
Sentence: 2188,অনের,O
,বন্ধুতারার,B-REL
,গালি,O
,দিবেল্লাই,O
,সুযোগ,O
,গরি,O
,দন,O
Sentence: 2189,বহুুত,O
,মানুষ,O
,এহনো,O
,ফিছনে,O
,লাইনত,O
,তিয়াই,O
,আসে,O
Sentence: 2190,এক্কাজন,O
,মহিলা,O
,ইন্তেকাল,O
,গইজ্জে,O
Sentence: 2191,অনে,O
,এইল্লে,O
,গরিব,O
,আগে,O
,কিল্লাই,O
,ন,O
,হন,O
Sentence: 2192,তুই,O
,ছাড়া,O
,এই,O
,দুনিয়াত,B-LOC
,আর,O
,হনিক্কা,O
,নাই,O
Sentence: 2193,আই,O
,আগেই,O
,হইয়ি,O
,আই,O
,তোয়ারে,O
,লই,O
,বিদেশত,B-LOC
,ঘুইত্তাম,O
,চাই,O
Sentence: 2194,আর,O
,আম্মু,B-REL
,আরে,O
,বেয়াক্কুনর,O
,সাম্নদ্দি,O
,মাইত্তে,O
,মাইত্তে,O
,বাসাত,O
,লই,O
,গিয়ি,O
Sentence: 2195,অনে,O
,কি,O
,জানন্না,O
,এডে,O
,বহুত,O
,মরত,O
,ফোয়া,O
,কমেন্ট,O
,ফরিবেল্লাই,O
,আইবদে,O
Sentence: 2196,আবেগর,O
,ভালোবাসা,O
,হনিক্কারে,O
,দন,O
,উছিত,O
,নয়,O
Sentence: 2197,একদিন,O
,বিবেগর,O
,ভালোবাসার,O
,হাসে,O
,আবেগর,O
,ভালোবাসা,O
,হারি,O
,জাইব,O
,দে,O
Sentence: 2198,আর,O
,মনর,O
,ভালোবাসা,O
,চিরদিন,O
,তোয়ার,O
,লাই,O
,তাকি,O
,জাইব,O
,দে,O
Sentence: 2199,জীবনে,O
,এহলা,O
,এহলা,O
,ফথ,O
,চলন,O
,বহুত,O
,কঠিন,O
Sentence: 2200,আর,O
,জীবন,O
,আই,O
,তোয়ারেলই,O
,বাইচতাম,O
,দিউম,O
Sentence: 2201,আর,O
,ভালোবাসা,O
,দিয়েরে,O
,সারাজীবন,O
,তোয়ার,O
,ফাশে,O
,তাইক্তাম,O
,চাই,O
Sentence: 2202,তোয়ারে,O
,কেনে,O
,বুঝাইতাম,O
,আই,O
,তোয়ারে,O
,হতকান,O
,ভালোবাসি,O
Sentence: 2203,অনেরে,O
,দেহিয়েরে,O
,আই,O
,থমকি,O
,দারাই,O
,আসিলাম,O
Sentence: 2204,অনে,O
,কিখুব,O
,হষ্ট,O
,গরিয়েরে,O
,নিজেরে,O
,মেনেজ,O
,গইজ্জেন,O
Sentence: 2205,আর,O
,বান্ধুবি,B-REL
,আরে,O
,ছাড়া,O
,কিছু,O
,ভাবিত,O
,ন,O
,ফারের,O
Sentence: 2206,আর,O
,বন্ধু,B-REL
,কিছু,O
,লিখিন্নোফারে,O
,অনের,O
,নাম্মান,O
,ছাড়া,O
Sentence: 2207,অনেরে,O
,ভালোদবাসি,O
,হতা,O
,ইবা,O
,হন,O
,বাকি,O
Sentence: 2208,আর,O
,আব্বু্তুন,B-REL
,খুব,O
,গরম,O
,লাইজ্ঞেদে,O
Sentence: 2209,আর,O
,ভইন,B-REL
,ছোড,I-REL
,ইবার,O
,গরম,O
,লাইজ্ঞে,O
Sentence: 2210,এই,O
,শিশু,O
,ইবার,O
,বহুত,O
,ঠান্ডা,O
,লাইজ্ঞে,O
Sentence: 2211,আর,O
,বন্ধুর,B-REL
,মন্নান,O
,হারাফ,O
Sentence: 2212,আর,O
,আম্মু,B-REL
,আর,O
,লাই,O
,নীল,B-COL
,শাড়ি,B-OBJ
,কিনি,O
,আইন্নে,O
Sentence: 2213,আই,O
,আম্র,O
,বন্ধুরে,B-ROLE
,এক্কান,O
,লাল,B-COL
,গোলাফ,B-OBJ
,কিনি,O
,উফহার,O
,দিয়ি,O
Sentence: 2214,আই,O
,আর,O
,জামাইর,B-REL
,ফোয়ারিত,O
,বিকালত,O
,গুইত্তাম,O
,জাইয়ুম,O
,দে,O
Sentence: 2215,হনিক্কারে,O
,ভালোবাসা,O
,দিতাম,O
,বেশি,O
,আনন্দ,O
,লাগে,O
,দে,O
Sentence: 2216,যদি,O
,তুই,O
,আর,O
,হাসে,O
,ফিরি,O
,আইয়,O
,তইলে,O
,তারে,O
,ছাড়ি,O
,দো,O
Sentence: 2217,সে,O
,তোয়ার,O
,লাই,O
,বেক,O
,কিছু,O
,গরিত্তারে,O
Sentence: 2218,অনে,O
,যে,O
,মানুষোরে,O
,ভালোবাসিবান,O
,তারে,O
,যদি,O
,নো,O
,বুঝিত্তারন,O
,তাইলে,O
,অনে,O
,এই,O
,ফ্রেমর,O
,হোনো,O
,মানে,O
,নাই,O
Sentence: 2219,অনে,O
,নিজে,O
,অসুখী,O
,অইয়েরে,O
,কেনে,O
,অন্যরে,O
,ভালোবাসিয়েরে,O
,খুসি,O
,গরিবান,O
Sentence: 2220,তুই,O
,হার,O
,জীবনত,O
,সুখ,O
,আনি,O
,দিবা,O
,এইল্লে,O
,গরি,O
,ফ্রেম,O
,গরন,O
,উচিত,O
Sentence: 2221,অনের,O
,মনর,O
,হতা,O
,ইন,O
,আরে,O
,আজিয়া,O
,খুলি,O
,হন,O
Sentence: 2222,তুই,O
,হোনো,O
,সমত,O
,নো,O
,ফারিবা,O
,হনিক্কার,O
,ভালোবাসা,O
,ছিনিইয়েরে,O
,লইতা,O
Sentence: 2223,তুই,O
,জোর,O
,গরিয়েরে,O
,আন্য,O
,আরেকজনর,O
,ভালোলাগার,O
,মানুষ,O
,অইন্নো,O
,ফারিবা,O
Sentence: 2224,আগামি,O
,হালিয়া,O
,সকালত,O
,তারারে,O
,দেখিত্তারিবান,O
Sentence: 2225,তোয়ার,O
,হোন,O
,হতাত,O
,হোনও,O
,কিশ্চয়তা,O
,নাই,O
Sentence: 2226,আত্তু্তুন,O
,বহুত,O
,ভালো,O
,লাগেদে,O
,অই,O
,হালা,B-COL
,চখ,O
,দুইয়ান,O
Sentence: 2227,তোয়ারে,O
,এক্কান,O
,গোলাপ,B-OBJ
,ফুল,I-OBJ
,কিনি,O
,দিয়ুম,O
Sentence: 2228,আর,O
,এই,O
,মন্নান,O
,তোয়ারে,O
,দিলাম,O
Sentence: 2229,তোমার,O
,হাজার,O
,হথার,O
,মঝত,O
,তোয়ার,O
,মনর,O
,হতা,O
,লুয়াই,O
,তাইক্কে,O
Sentence: 2230,এক্কান,O
,মানুষর,O
,সব,O
,হতার,O
,এক্কান,O
,দিনত,O
,মুখত,O
,হই,O
,দন,O
,ন,O
,যায়,O
Sentence: 2231,আর,O
,হাজার,O
,হতার,O
,মাঝত,O
,অই,O
,এক্কান,O
,হতা,O
,তোয়ার,O
,বুঝিয়েরে,O
,লন,O
,ফরিব,O
Sentence: 2232,আই,O
,জতদিন,O
,বাসি,O
,তাহি,O
,অনেরে,O
,মনত,O
,রাইক্কুম,O
Sentence: 2233,আর,O
,জীতই,O
,হষ্ট,O
,উক,O
,আই,O
,তয়ারে,O
,লই,O
,জীবন,O
,সাজাইয়ুম,O
Sentence: 2234,তোয়ার,O
,ফোন্না,O
,ফরিয়েরে,O
,লাবহান,O
,কি,O
,যদি,O
,তুই,O
,যারে,O
,ভালোবাসো,O
,তারেই,O
,ন,O
,ফো,O
Sentence: 2235,চাদর,O
,মিষ্টি,O
,আলো,O
,দেখিতাম,O
,আর,O
,বহুত,O
,ভালো,O
,লাগে,O
,দে,O
Sentence: 2236,আরার,O
,গরর,O
,বেয়াক্কুন,O
,রুম,O
,ফুল,B-OBJ
,দিয়েরে,O
,সাজাই,O
,রাইক্কি,O
Sentence: 2237,মাসর,B-ANI
,বাজারত,O
,বেয়াক্কুন,O
,আইয়েরে,O
,ডর,B-ANI
,মাস,I-ANI
,দেহিবেরলাই,O
,ভির,O
,জমাইয়ে,O
Sentence: 2238,আর,O
,বিয়ার,O
,আরেক্কান,O
,দিন,O
,আগাইয়ে,O
Sentence: 2239,দুইজন,O
,মিলিয়েরে,O
,হোনমিক্কা,O
,ঘুরি,O
,আইত্তাম,O
,ফারি,O
Sentence: 2240,আকাশর,O
,নিলত,O
,হারাই,O
,যাইতাম,O
,চাই,O
,তোয়ারে,O
,লই,O
Sentence: 2241,অনের,O
,লাই,O
,মনত,O
,আর,O
,অফুরন্ত,O
,ভালোবাসা,O
Sentence: 2242,আই,O
,সারাজীবন,O
,অনের,O
,ভালোবাসা,O
,ফাইতাম,O
,চাই,O
Sentence: 2243,আই,O
,এবং,O
,আর,O
,ভইন,B-REL
,ছোড,I-REL
,ইবা,O
,সাতার,O
,হাডি,O
Sentence: 2244,তোয়ারে,O
,লই,O
,শুখর,O
,দুনিয়া,B-LOC
,সাজাইতাম,O
,চাই,O
Sentence: 2245,আজিয়া,O
,সিলেটত,B-LOC
,বিষ্টি,O
,ফরিব,O
,দে,O
Sentence: 2246,তোয়ার,O
,মিসা,O
,ভালোবাসা,O
,একদিন,O
,হারি,O
,জাইব,O
,দে,O
Sentence: 2247,আর,O
,হাসা,O
,ভালোবাসা,O
,হোন,O
,দিন,O
,ন,O
,হারিবো,O
Sentence: 2248,গান,O
,ইবা,O
,আর,O
,খুব,O
,ভালো,O
,লাগে,O
,দে,O
Sentence: 2249,তোয়ারে,O
,অসম্ভব,O
,সুন্দর,O
,লাগেদে,O
Sentence: 2250,অনের,O
,কি,O
,এহোন,O
,অনের,O
,ভালোবাসার,O
,মানুষ,O
,ইবার,O
,হতা,O
,মনত,O
,ফরে,O
,না,O
Sentence: 2251,তোয়ার,O
,ফোয়ারিত,O
,দেহা,O
,অইলেই,O
,ফুরান,O
,ইতিহাস,O
,মনত,O
,ফরে,O
,দে,O
Sentence: 2252,এই,O
,ছবি,B-OBJ
,ইয়ানর,O
,নিল,B-COL
,আকাশ,O
,বহুত,O
,সুন্দর,O
Sentence: 2253,তুই,O
,এক,O
,সন্ধাত,O
,আফিসেত্তুন,B-ORG
,বাসায়,B-LOC
,আইয়েরে,O
,দেখিবা,O
,আই,O
,আর,O
,নাই,O
Sentence: 2254,তোওয়ার,O
,মাইয়া,B-REL
,ফোইয়া,B-REL
,তোয়ারের,O
,বহুত,O
,ভালোবাসে,O
,দে,O
Sentence: 2255,আর,O
,মাঝে,O
,মাঝে,O
,চিল্লাইয়েরে,O
,হাইন্তাম,O
,মনত,O
,চায়,O
,দে,O
Sentence: 2256,তুই,O
,চোলি,O
,জাইবার,O
,ফরদ্দি,O
,আর,O
,আর,O
,জীবন,O
,থামি,O
,গিয়ি,O
Sentence: 2257,আর,O
,ভইন,B-REL
,ছোড,I-REL
,ইবা,O
,হইল্লে,O
,জানি,O
,শান্ত,O
,অই,O
,গিয়ি,O
Sentence: 2258,বাবা,B-REL
,মার,B-REL
,আদর,O
,ভালোবাসা,O
,ছাড়া,O
,আই,O
,ডর,O
,অই,O
,গিয়ি,O
Sentence: 2259,তুই,O
,হাসা,O
,খুব,O
,কঠিন,O
,সময়,O
,ফার,O
,গরর,O
Sentence: 2260,বাবা,B-REL
,অইয়েরে,O
,মার,B-REL
,দায়িত্ত,O
,ফালন,O
,গরা,O
,খুব,O
,হঠিন,O
,হাম,O
Sentence: 2261,এক্কান,O
,শিশুরে,B-REL
,একমাত্র,O
,তার,O
,মার,B-REL
,হলত,O
,মানায়,O
Sentence: 2262,শিশু,O
,ইবা,O
,আর,O
,হোলত,B-REL
,আইয়েরে,O
,তার,O
,মারে,B-REL
,খুজের,O
,ফাল্লার,O
Sentence: 2263,আই,O
,যে,O
,মা,B-REL
,তাই,O
,আই,O
,আর,O
,বাইচ্চার,B-REL
,মুখর,O
,মিক্কে,O
,সাইয়েরে,O
,বহুত,O
,কিছু,O
,মুঝিত্তারি,O
Sentence: 2264,এই,O
,কঠিন,O
,বাস্তবের,O
,ফোয়ারিত,O
,মানাই,O
,চলন,O
,ফরিব,O
Sentence: 2265,মাইয়া,O
,ফোয়া,O
,ইবা,O
,ভালো,O
,চরি,O
,গরে,O
Sentence: 2266,এই,O
,আমসত,O
,ফোয়া,B-REL
,তার,O
,ফরিবার,O
,লইয়েরে,O
,ঘুরিবার,O
,যাইবার,O
,হতা,O
Sentence: 2267,আর,O
,ফরিবারা,O
,আজিয়া,O
,বিকালত,O
,তোয়ার,O
,ফরিবারর,O
,ফোয়ারিত,O
,ফতা,O
,হইব,O
Sentence: 2268,আরা,O
,দুইজনর,O
,বিয়া,O
,অইবার,O
,হতা,O
,চলের,O
Sentence: 2269,মাইয়া,O
,ফোয়া,O
,এই,O
,মরতফোয়া,O
,ইবারে,O
,বিয়া,O
,গইত্ত,O
,রাজি,O
,ন,O
,অর,O
Sentence: 2270,আর,O
,জামাই,B-REL
,আরারে,O
,লইয়েরে,O
,লাতিয়া,O
,ঘুইরতে,O
,বাইর,O
,অইবদে,O
Sentence: 2271,আর,O
,ফসন্দ,O
,অয়,O
,এইল্লে,O
,ফোয়া,O
,আর,O
,বাবা,B-REL
,মায়ের,B-REL
,ফসন্দ,O
,ন,O
,অয়,O
Sentence: 2272,তোয়ার,O
,মত,O
,মানুষরা,O
,হন,O
,সমত,O
,ঠিক,O
,ন,O
,অইব,O
Sentence: 2273,ফোয়াা,O
,ইবার,O
,তার,O
,ফরিবারর,O
,ফসন্দ,O
,মতন,O
,বিয়া,O
,গরি,O
,ফেলায়,O
Sentence: 2274,আর,O
,ভাই,B-REL
,মাইয়া,O
,ফোয়ারফোয়ারিত,O
,যোগাযগ,O
,গরে,O
,দে,O
Sentence: 2275,ফোয়া,O
,হোন,O
,ধরনর,O
,মামলা,O
,ন,O
,চায়,O
Sentence: 2276,সে,O
,বিবাহিত,O
,এতেল্লাই,O
,মামলা,O
,গরিত,O
,ন,O
,সার,O
Sentence: 2277,এই,O
,বিষয়ান,O
,জানাজানি,O
,অই,O
,গেইলে,O
,মহিলা,O
,ইবার,O
,সংসার,O
,ন,O
,টিকিব,O
Sentence: 2278,আর,O
,ফুরা,B-REL
,লাত,O
,জাগিয়েরে,O
,মাইয়াফোয়ার,O
,ফোয়ারিত,O
,হতা,O
,হয়,O
,দে,O
Sentence: 2279,আর,O
,হাবিনর,O
,টেয়া,B-OBJ
,তোয়ার,O
,ফ্রতি,O
,মাসত,O
,মাসত,O
,দন,O
,ফরিব,O
Sentence: 2280,আর,O
,ভআই,B-REL
,ডোর,I-REL
,ইবা,O
,সাত,O
,মাস,O
,ফ্রেম,O
,গরিয়েরে,O
,একজনেরে,O
,বিয়া,O
,গইজ্জে,O
Sentence: 2281,আই,O
,ক্লাসর,O
,বেয়াক,O
,ফোয়ারিত,O
,মিশ্তাম,O
Sentence: 2282,তোয়ার,O
,বহুত,O
,ভুল,O
,আসিল,O
Sentence: 2283,এই,O
,তিন,O
,বছরর,O
,শিশু,O
,ইবার,O
,দোষ,O
,হন্ডে,O
Sentence: 2284,তোয়ারে,O
,হইয়ি,O
,বিয়া,O
,গরি,O
,ফেলো,O
Sentence: 2285,শুধু,O
,তোয়ার,O
,ভালোর,O
,লাই,O
,বিয়া,O
,ইবা,O
,গরিবেল্লাই,O
,হইলাম,O
Sentence: 2286,তোয়ার,O
,ভালোর,O
,লাই,O
,আই,O
,তোয়ারে,O
,ছাড়ি,O
,দুরত,O
,চলি,O
,গিয়ি,O
Sentence: 2287,আই,O
,আর,O
,তুই,O
,একফোয়ারিত,O
,নাই,O
,ইয়ান,O
,আই,O
,মানিন্নোফারির,O
Sentence: 2288,আর,O
,স্বপ্ন,O
,যে,O
,হত্তে,O
,ফুরন,O
,অইব,O
Sentence: 2289,তোয়ার,O
,ফরিবার,O
,আর,O
,বাবার,B-REL
,ফোয়ারিত,O
,হতা,O
,হত,O
,চাইয়ে,O
Sentence: 2290,তোয়ার,O
,বিয়া,O
,হইব,O
,ফুনিয়েরে,O
,আর,O
,খুব,O
,খুশি,O
Sentence: 2291,আর,O
,ভইন,B-REL
,তার,O
,বন্ধুর,B-REL
,ফোয়ারিত,O
,ঘুইরত,O
,জাইত,O
,চার,O
Sentence: 2292,আর,O
,বন্ধু,B-REL
,তারা,O
,হাসা,O
,ভালা,O
,মনর,O
,মানুষ,O
Sentence: 2293,আর,O
,বন্ধু,B-REL
,তারা,O
,খুব,O
,মেধাবি,O
Sentence: 2294,আর,O
,বন্ধুরার,B-REL
,ফোয়ারিত,O
,ঘুইরত,O
,বহুত,O
,গম,O
,লাগে,O
Sentence: 2295,তারার,O
,ফরিবার,O
,হোন,O
,ঝগরা,O
,ন,O
,অয়,O
Sentence: 2296,আর,O
,ভাই,B-REL
,ভইনর,B-REL
,বহুত,O
,খুব,O
,ভালো,O
,ছবি,O
,আহে,O
Sentence: 2297,আর,O
,গ্রামর,B-LOC
,মানুষর,O
,মধ্য,O
,হোন,O
,রহম,O
,ঝগ্রা,O
,নাই,O
Sentence: 2298,অনে,O
,খুব,O
,সুন্দর,O
,গরি,O
,হতা,O
,হন,O
Sentence: 2299,তোয়ার,O
,খুব,O
,সুন্দর,O
,সুন্দর,O
,শবি,B-OBJ
,সাইয়েরে,O
,আর,O
,খুব,O
,আনন্দ,O
,ফাইয়ি,O
Sentence: 2300,বিয়ার,O
,ফর,O
,ফাতলা,O
,মাইয়াফোয়া,O
,মোদা,O
,অই,O
,যায়,O
Sentence: 2301,মাইয়াফোয়া,O
,বিয়া,O
,গরার,O
,লাই,O
,ভদ্র,O
,ফোয়া,O
,খুজের,O
Sentence: 2302,আর,O
,খুব,O
,ডর,O
,লাগের,O
,হোনো,O
,দিন,O
,আই,O
,কিডন্যাপ,O
,অই,O
,ন,O
,যায়,O
Sentence: 2303,আজিয়া,O
,সিঙ্গেল,O
,বলি,O
,ঘুইরতাম,O
,যাইন্নো,O
,ফারি,O
Sentence: 2304,বাস্তব,O
,জীবনত,O
,বিয়ার,O
,ফরদ্দি,O
,ঝগরা,O
,শুরু,O
,অয়,O
,দে,O
Sentence: 2305,আজিয়া,O
,গ্রিব,O
,বলি,O
,হনিক্কা,O
,আরে,O
,ভালোনোবাসে,O
Sentence: 2306,যতদিন,O
,এই,O
,দুনিয়াত,B-LOC
,থাইক্কুম,O
,তোয়ারে,O
,মনত,O
,রাইক্ষুম,O
Sentence: 2307,একমাত্র,O
,মাইয়াফোয়ারাই,O
,ফারে,O
,সংসার,O
,ঘুছায়,O
,রাহে,O
Sentence: 2308,মরতফোয়া,O
,তারা,O
,সহজ,O
,সরল,O
,মন্নান,O
,লইয়েরে,O
,মাইয়াফোয়াতারা,O
,ফুটবল,B-OBJ
,কেলা,O
,হায়দে,O
Sentence: 2309,ফোয়া,O
,ইবা,O
,গারির,B-OBJ
,তলত,O
,ফরিয়েরে,O
,মারা,O
,গিয়ি,O
Sentence: 2310,একবার,O
,তোয়ার,O
,হাত্তান,O
,দরিলে,O
,হোনদিন,O
,নোছাইজ্জুম,O
Sentence: 2311,তুই,O
,ছাড়া,O
,আর,O
,জীবন্নান,O
,অন্ধকার,O
Sentence: 2312,তোয়ার,O
,চুল,O
,ফড়ার,O
,সমইস্যা,O
,ইবা,O
,লইয়েরে,O
,ডাক্তারর,B-ROLE
,হাসে,O
,জন,O
,ফরিব,O
Sentence: 2313,ভালা,O
,মানুষ,O
,এই,O
,দুনিয়াত,B-LOC
,বেহসি,O
,দিন,O
,ন,O
,বাসে,O
Sentence: 2314,গ্রামর,B-LOC
,বাড়ির,I-LOC
,এই,O
,মাইয়াফোয়া,O
,ইবা,O
,খুব,O
,ভালো,O
,লাগে,O
Sentence: 2315,মরতফোয়া,O
,ইব,O
,ছুটির,O
,দিনত,O
,হলেজত,B-ORG
,যায়,O
Sentence: 2316,আড়,O
,বাংলা,O
,সিনেমা,O
,দেহিইতে,O
,গম,O
,লাগেদে,O
Sentence: 2317,তোয়ারে,O
,আই,O
,ধন্যবাদ,O
,জানাইতাম,O
,চাই,O
Sentence: 2318,তোয়ার,O
,ভাই,B-REL
,ছোড,I-REL
,ইবার,O
,জন্মদিন,O
,হত্তে,O
Sentence: 2319,তুই,O
,কি,O
,আরে,O
,এক্কান,O
,ছবি,O
,তুলি,O
,দিত্তারিবানা,O
Sentence: 2320,তোয়ার,O
,ফোয়ারিত,O
,আর,O
,আম্মু,B-REL
,হতা,O
,হইত,O
,চাই,O
Sentence: 2321,তোয়ার,O
,হাসে,O
,আই,O
,এক্কান,O
,ফরামরশ,O
,চাই,O
Sentence: 2322,অনে,O
,কি,O
,আরে,O
,এক্কান,O
,গান,O
,গাই,O
,ফুনাইত্তারিবান,O
Sentence: 2323,তুই,O
,কি,O
,তোয়ার,O
,ভুল,O
,বুঝিত্তাইজ্জ,O
,না,O
Sentence: 2324,তুই,O
,কি,O
,আর,O
,লাই,O
,এক্কান,O
,গান,O
,লিখিত্তারিবানা,O
Sentence: 2325,আর,O
,ফ্রতিদিন,O
,খেলা,O
,হাইতে,O
,ভালো,O
,লাগে,O
Sentence: 2326,আর,O
,বন্ধু,B-REL
,তারা,O
,সকালত,O
,ফুটবল,B-OBJ
,খেলা,O
,হাইত,B-LOC
,যায়,O
Sentence: 2327,তোয়ার,O
,বয়স,O
,হত,O
Sentence: 2328,আই,O
,বহুত,O
,ভুল,O
,গরি,O
,ফেলাই,O
Sentence: 2329,চাদর,O
,আলো,O
,দেখিতে,O
,আর,O
,খুব,O
,ভাল,O
,লাগে,O
,দে,O
Sentence: 2330,তুই,O
,কি,O
,সকালত,O
,উদিয়েররে,O
,চা,B-FOOD
,হাইবা,O
,না,O
Sentence: 2331,অনে,O
,এক্কানা,O
,ইক্কা,O
,আইত্তারিবান,O
,না,O
Sentence: 2332,তোয়ার,O
,ফরিক্ষা,O
,হত্তে,O
Sentence: 2333,আরে,O
,বিকালত,O
,খেলাই,B-LOC
,হাইবের,I-LOC
,লাই,O
,মাঠোত,O
,যন,O
,ফরিব,O
Sentence: 2334,কিছু,O
,মানুষ,O
,বহুত,O
,সারত,O
,ফত,O
,অয়দে,O
Sentence: 2335,আই,O
,একজন,O
,ভালা,O
,মানুষ,O
,অইতাম,O
,চাই,O
Sentence: 2336,আর,O
,ফরিিবার,O
,হন,O
,দিন,O
,তোওারে,O
,মানি,O
,ন,O
,লইব,O
Sentence: 2337,অনেরে,O
,ছাড়া,O
,আর,O
,বান্ধুবি,B-REL
,ভালো,O
,নাই,O
,দে,O
Sentence: 2338,মাইয়াফোয়া,O
,ইবার,O
,রাগ,O
,বহুত,O
,বেশি,O
Sentence: 2339,অনে,O
,কি,O
,চন্না,O
,আই,O
,এডেত্তুন,O
,চলি,O
,জাই,O
Sentence: 2340,অনে,O
,কি,O
,এই,O
,বিয়াত,O
,রাজি,O
,অইয়ন,O
Sentence: 2341,আর,O
,আব্বুর,B-REL
,মাথা,O
,গরম,O
,তাহে,O
,দে,O
Sentence: 2342,আর,O
,ডর,B-REL
,ভাই,I-REL
,ইবা,O
,একজন,O
,বদমেজাজি,O
,লোক,O
Sentence: 2343,যেই,O
,মাইয়া,O
,ফোয়া,O
,বেশি,O
,হতা,O
,হয়,O
,তারে,O
,আই,O
,ফসন্দ,O
,ন,O
,গরি,O
Sentence: 2344,ফোয়া,O
,ইবাা,O
,বহুত,O
,হতা,O
,হয়,O
Sentence: 2345,অনে,O
,আজিয়া,O
,সকালত,O
,চা,B-FOOD
,ন,O
,হাই,O
Sentence: 2346,আজিয়া,O
,সকালত,O
,আই,O
,এবং,O
,আর,O
,বন্ধু,B-REL
,তারা,O
,ফুটবল,B-OBJ
,খেলিতাম,O
,মাথত,B-LOC
,গিয়ি,O
Sentence: 2347,আই,O
,আর,O
,বন্ধুর,B-REL
,সব,O
,হতা,O
,খুবই,O
,মনজগ,O
,দিয়েরে,O
,হুনি,O
Sentence: 2348,আর,O
,বান্ধুবির,B-REL
,এক্কান,O
,ছোড,B-ANI
,বিড়াল,I-ANI
,আসে,O
,দে,O
Sentence: 2349,লোক,O
,ইবা,O
,তার,O
,বউওর,B-REL
,গাত,O
,আত,O
,তুলে,O
Sentence: 2350,তোয়ার,O
,কি,O
,লোক,O
,দেখানো,O
,শেষ,O
,অইয়েনা,O
Sentence: 2351,আর,O
,বউ,B-REL
,আরেে,O
,হোন,O
,দিনও,O
,গুতো,O
,মারি,O
,হতা,O
,ন,O
,হয়,O
Sentence: 2352,তুই,O
,একজন,O
,ভালো,O
,মাইয়াফোয়া,O
Sentence: 2353,তোয়ারে,O
,জর,O
,গরি,O
,বিয়া,O
,দিয়ি,O
Sentence: 2354,তিনি,O
,দুই,O
,বেলা,O
,ভাত,B-FOOD
,হাইতো,O
,ন,O
,ফারে,O
Sentence: 2355,তোয়ার,O
,ফাশত,O
,থাকিলে,O
,আই,O
,হলফনার,O
,চাইতেও,O
,বেশি,O
,সুখী,O
Sentence: 2356,আম্মু,B-REL
,আজিয়া,O
,খাবারত,B-FOOD
,লবণ,B-FOOD
,হম,O
,দিয়ি,O
Sentence: 2357,আর,O
,আম্মু,B-REL
,সব,O
,সমত,O
,বেশ,O
,হাশি,O
,খুশি,O
,তাহে,O
,দে,O
Sentence: 2358,তোয়ার,O
,লাই,O
,এক,O
,কিছু,O
,গরিও,O
,হোন,O
,লাভ,O
,ন,O
,অয়,O
Sentence: 2359,অনে,O
,আরে,O
,আর,O
,হত,O
,অবাক,O
,গরিবান,O
Sentence: 2360,অনে,O
,এক্কেনা,O
,হম,O
,গাল,O
,মারন,O
Sentence: 2361,আজিয়া,O
,আর,O
,বইন,B-REL
,ছোড,I-REL
,ইবা,O
,ফাক,O
,গইজ্জে,O
Sentence: 2362,হানাত,B-FOOD
,লবণ,B-FOOD
,এক্কা,O
,বেসি,O
,অই,O
,গিয়ি,O
Sentence: 2363,হানাাত,B-FOOD
,লবণ,B-FOOD
,হম,O
,অইলে,O
,আরো,O
,গম,O
,লাগিত,O
Sentence: 2364,আজিয়া,O
,আই,O
,বাইরত,O
,যাইয়ুম,O
Sentence: 2365,ইনে,O
,এহলা,O
,এহলা,O
,বাইরত,O
,ঘুরিত,O
,যান,O
Sentence: 2366,আই,O
,কুব,O
,জস,O
,মেকআপ,O
,গইজ্জি,O
Sentence: 2367,তুই,O
,একদম,O
,ন,O
,বুঝি,O
,ইয়েরে,O
,বেসি,O
,হতা,O
,হদে,O
Sentence: 2368,অন্বেও,O
,কিছু,O
,হন,O
,ন,O
,লাগে,O
,অনে,O
,এনেই,O
,আর,O
,মনর,O
,হতা,O
,বুঝি,O
,ফেলান,O
Sentence: 2369,তোয়ার,O
,চুখ,O
,তাহে,O
,অন্ন,O
,মাইয়াফোয়ার,O
,মিক্কে,O
Sentence: 2370,তোয়ার,O
,বিবাহিত,O
,জীবন,O
,সুন্দর,O
,ওক,O
Sentence: 2371,আররার,O
,বাসাত,O
,দারওয়ান,B-ROLE
,লাতিয়া,O
,মদ,B-FOOD
,হাদে,O
Sentence: 2372,আর,O
,জামাাই,B-REL
,লাতিয়া,O
,বন্ধু,B-REL
,তারা,O
,ফোয়ারিত,O
,আড্ডা,O
,মারে,O
,দে,O
Sentence: 2373,আই,O
,আর,O
,আর,O
,আব্বু,B-REL
,বিয়া,B-LOC
,বারিত,I-LOC
,জাইরদি,O
Sentence: 2374,তুই,O
,আর,O
,কাসত,O
,ধরা,O
,ফরিবার,O
,ফর,O
,ফরকিয়া,O
,গরিবার,O
,হতা,O
,স্বীকার,O
,ন,O
,গরর,O
Sentence: 2375,এক্কান,O
,বিবাহিত,B-REL
,মহিলা,I-REL
,রাস্তাত,B-LOC
,দিয়েরে,O
,হাডি,O
,যার,O
Sentence: 2376,আর,O
,আম্মু,B-REL
,আর,O
,ফন্নাফরার,O
,হরছ,O
,নিত,O
,ন,O
,চায়,O
Sentence: 2377,আর,O
,মা,B-REL
,অনেক,O
,হষ্ট,O
,গরি,O
,আরার,O
,বড়,O
,গইজ্জে,O
Sentence: 2378,তোয়ার,O
,ছোড,B-REL
,ভআই,I-REL
,ইবা,O
,আগত,O
,নেশাত,O
,আসক্ত,O
,আসিল,O
Sentence: 2379,ফোয়া,O
,ইবা,O
,ফুর,O
,দিন,O
,বারত,O
,বাইরত,O
,তাহে,O
Sentence: 2380,তোয়ার,O
,ফুফুর,B-REL
,চাচা,B-REL
,তারাও,O
,আরে,O
,বহুত,O
,ভালোবাসে,O
,দে,O
Sentence: 2381,আর,O
,আম্মু,B-REL
,আগর,O
,তুলনায়,O
,এহন,O
,বহুত,O
,ভালো,O
,আসে,O
,দে,O
Sentence: 2382,আই,O
,আর,O
,আর,O
,ছোড,B-REL
,বইন,I-REL
,ইবা,O
,আজিয়া,O
,হালামনির,B-LOC
,বাসাত,I-LOC
,ঘুইরত,O
,জাইব,O
,দে,O
Sentence: 2383,আর,O
,ডর,B-REL
,বইন,I-REL
,ইবা,O
,এতো,O
,সকালত,O
,ঘুমত্তুন,O
,উডিন্ন,O
,ফারে,O
Sentence: 2384,আর,O
,ডর,B-REL
,বইন,I-REL
,ইবা,O
,ফ্রচন্ড,O
,আলস,O
,এক্কান,O
,হাম,O
,সময়মতন,O
,গরিত,O
,ন,O
,ফারে,O
Sentence: 2385,অনর,O
,হাসে,O
,আরার,O
,এক্কান,O
,জরুরি,O
,হতা,O
,আসে,O
Sentence: 2386,সকালত,O
,হারাহারি,O
,উঠে,O
,বাহিরত,O
,এক্কান,O
,হাটি,O
,আইয়ন,O
,খুব,O
,উফকারি,O
Sentence: 2387,তুইকি,O
,নাম্মান,B-FOOD
,হাইয়না,O
Sentence: 2388,বাগানর,B-LOC
,মধ্যত,O
,আর,O
,ছোড,B-REL
,ভাই,I-REL
,ইবা,O
,দৈর,O
Sentence: 2389,অনে,O
,ফুটবল,B-OBJ
,হেলা,O
,হারি,O
,গেইলেন,O
Sentence: 2390,তুই,O
,ক্রিকেট,O
,হেলাত,O
,জিতিলা,O
Sentence: 2391,তুই,O
,এদে,O
,তাহি,O
,যো,O
Sentence: 2392,অনে,O
,আরেে,O
,দয়া,O
,গরি,O
,বিশ্বাস,O
,গরন,O
Sentence: 2393,ছোড,O
,শিশু,O
,ইবা,O
,অসুস্ত,O
,অই,O
,ফইজ্জে,O
Sentence: 2394,তুই,O
,কি,O
,আরলাই,O
,অফেক্ষা,O
,গরিত্তারি,O
,বানা,O
Sentence: 2395,তুই,O
,আর,O
,হাসত,O
,ক্ষমা,O
,চো,O
Sentence: 2396,আই,O
,বিহালত,O
,এক্কেনা,O
,ঘুমাই,O
,গেইলাম,O
Sentence: 2397,আর,O
,আব্বু,B-REL
,ডর,B-REL
,ভাই,I-REL
,ইবার,O
,উফরত,O
,রাগি,O
,গেইয়ে,O
Sentence: 2398,তোয়ার,O
,হোতা,O
,ফুনিয়েরে,O
,আই,O
,খুব,O
,অবাক,O
,অই,O
,গিয়ি,O
Sentence: 2399,তোয়ার,O
,মাথা,O
,ব্যাথা,O
,গইজ্জ,O
Sentence: 2400,আর,O
,আত,O
,হরচর,O
,টেয়া,B-OBJ
,আর,O
,আব্বু,B-REL
,দেয়,O
Sentence: 2401,আর,O
,বইন,B-REL
,ইদানিং,O
,বহুত,O
,হারাফ,O
,আচরন,O
,গরে,O
Sentence: 2402,আই,O
,যেই,O
,ফোয়ারে,O
,ফসন্দ,O
,গরি,O
,সে,O
,আর,O
,ফরিবারর,O
,অনিক্কারে,O
,সম্মান,O
,ন,O
,গরে,O
Sentence: 2403,মাইয়াফোয়া,O
,তারে,O
,বিয়া,O
,ন,O
,গরিব,O
,হই,O
,দিয়ি,O
Sentence: 2404,বাড়িত্তুন,O
,বিয়ার,O
,লাই,O
,আর,O
,লাই,O
,মাইয়াফোয়া,O
,দেহা,O
,শুরু,O
,গইজ্জে,O
Sentence: 2405,আর,O
,বিয়াাত,O
,তোয়ার,O
,ছোড,B-REL
,বইনর,I-REL
,ফোয়ারিত,O
,ঠিক,O
,অইয়ে,O
Sentence: 2406,ফোয়া,O
,ইবা,O
,আরও,O
,দুই,O
,বছর,O
,ফরও,O
,বয়া,O
,গরিবেল্লাই,O
,চায়,O
Sentence: 2407,বাবা,B-REL
,আরার,O
,সমস্ত,O
,সম্পত্তি,O
,বেচিয়েরে,O
,গ্রামর,B-LOC
,বাড়িত,I-LOC
,চলি,O
,আইসসে,O
Sentence: 2408,আই,O
,বেয়াক্কুনর,O
,বুঝাইয়েরে,O
,ক্লান্ত,O
,যে,O
,আর,O
,আম্মু,B-REL
,এইল্লে,O
,কিছু,O
,গরি,O
,নাই,O
Sentence: 2409,তারাার,O
,ফারিবারিক,O
,ভাবেই,O
,বিয়া,O
,অইয়ে,O
Sentence: 2410,তারার,O
,ফ্রেম,O
,গরিয়েরে,O
,বিয়া,O
,অইয়ে,O
Sentence: 2411,আর,O
,শাশুড়ি,B-REL
,বহুত,O
,ভালো,O
,ফাক,O
,গইজ্জে,O
Sentence: 2412,বাবা,B-REL
,অশিক্ষিত,O
,এক্কান,O
,ফোয়ার,O
,ফোয়ারিত,O
,আর,O
,বিয়া,O
,দিতে,O
,চাইল,O
Sentence: 2413,আব্বু,B-REL
,মান,O
,সম্মানর,O
,ভয়ে,O
,মামলা,O
,ন,O
,গরে,O
Sentence: 2414,ফোয়াইবার,O
,চাচার,B-REL
,ভয়োত,O
,তার,O
,বাবারত,B-REL
,সত্যি,O
,হতা,O
,হইন্নোফারে,O
Sentence: 2415,আই,O
,তহন,O
,খুব,O
,ছোডযহন,O
,আর,O
,মা,B-REL
,মারা,O
,গিয়ি,O
Sentence: 2416,গ্রারামত্তুন,B-LOC
,আইয়োন,O
,ফোয়া,O
,ইবা,O
,এহন,O
,ঢাহাত,B-LOC
,ফন্না,O
,ফরের,O
Sentence: 2417,আর,O
,ফোয়ারিত,O
,তার,O
,ফরিচয়,O
,অইয়ে,O
,স্কুলত,B-ORG
,গিয়ি,O
Sentence: 2418,আরে,O
,দয়া,O
,গরি,O
,ফরামরশ,O
,দন,O
,আই,O
,এহন,O
,কি,O
,গরিত্তারি,O
Sentence: 2419,আর,O
,বাইরত,O
,ঘুইরতাম,O
,যাইবার,O
,হোন,O
,ইচ্ছা,O
,ন,O
,আসিল,O
Sentence: 2420,ফোয়া,O
,ইবা,O
,সিগারেট,B-OBJ
,ফসন্দ,O
,ন,O
,হায়,O
Sentence: 2421,ফ্রতম,O
,মিক্কে,O
,অনেরে,O
,আই,O
,এত,O
,ভালোনোবাসিতাম,O
Sentence: 2422,ফোয়া,O
,ইবা,O
,সপ্তাত,O
,আগদ্দি,O
,আরার,O
,ফয়ারিত,O
,দেহা,O
,গইজ্জে,O
Sentence: 2423,অই,O
,মাইয়াফোয়া,O
,যেনেইওক,O
,খুজি,O
,বাইর,O
,গরন,O
,ফরিব,O
Sentence: 2424,ফোয়াইবার,O
,ঘটনা,O
,ফুনি,O
,আরা,O
,তারে,O
,সাহায্য,O
,গইজ্জি,O
Sentence: 2425,ফোয়াইবা,O
,তার,O
,ফরিবারসহ,O
,ঈদুর,O
,আগরদিন,O
,আরার,O
,ফোয়ারিত,O
,দেহা,O
,গইরতে,O
,আইসসে,O
Sentence: 2426,মাইয়াফোয়া,O
,ইবা,O
,বাংলাদেশত,B-LOC
,আইয়েরে,O
,তার,O
,ফসন্দর,O
,ফোয়ারিত,O
,বিয়া,O
,ঠিক,O
,গইজ্জি,O
Sentence: 2427,আরার,O
,এলাকাত,O
,কেরাসিনর,O
,দাম,O
,বারি,O
,গিয়ি,O
Sentence: 2428,আর,O
,ফ্রতিদিন,O
,ফেয়ারা,B-FOOD
,হাইতে,O
,বহুত,O
,গম,O
,লাগে,O
,দে,O
Sentence: 2429,ফেয়ারা,B-FOOD
,আর,O
,ফ্রিও,O
,ফল,B-FOOD
Sentence: 2430,আর,O
,আব্বু,B-REL
,ফ্রতিদিন,O
,নাইরকেলর,B-FOOD
,ফানি,I-FOOD
,হা,O
,দে,O
Sentence: 2431,আর,O
,দাদার,B-REL
,বারির,O
,ফিসনদ্দি,O
,এক্কা,O
,ফেয়ারা,B-OBJ
,হাছ,I-OBJ
,আসে,O
,দে,O
Sentence: 2432,আম্মু,B-REL
,ফাকঘরত,B-LOC
,বইয়েরে,O
,কুরর,B-FOOD
,মাংস,I-FOOD
,ফাকের,O
Sentence: 2433,গ্রামর,B-LOC
,মানুষ,O
,তারা,O
,মাটির,B-OBJ
,ফাতিলত,I-OBJ
,ফাকে,O
Sentence: 2434,আর,O
,ছোড,B-REL
,ভাই,I-REL
,ইবা,O
,শিমর,B-FOOD
,তরহারি,I-FOOD
,দিয়েরে,O
,ভাত,B-FOOD
,হাইতে,O
,খুব,O
,গম,O
,লাগেদে,O
Sentence: 2435,এই,O
,শিশু,O
,ইবা,O
,ফানা,B-FOOD
,ফেফে,I-FOOD
,হার,O
Sentence: 2436,আব্বুর,B-REL
,গ্রামত্তুন,B-LOC
,আইবার,O
,সমত,O
,বহুত,O
,ডর,O
,ডর,O
,জাম্বুরো,B-FOOD
,কিনি,O
,আইন্নে,O
Sentence: 2437,আর,O
,আম্মু,B-REL
,জামরুল,B-FOOD
,হাদ্দে,O
Sentence: 2438,আর,O
,স্যাঙা,B-REL
,হোলা,I-REL
,বিয়ালে,O
,ছাদে,O
,উইঠা,O
,পাশের,O
,দালানত,O
,কবুতর,B-ANI
,নজর,O
,দিয়ের,O
Sentence: 2439,আরার,O
,গ্রামর,B-LOC
,বারির,I-LOC
,বহুত,O
,কুরর,B-ANI
,সা,I-ANI
,আসে,O
,দে,O
Sentence: 2440,শিশু,O
,ইবা,O
,কুরর,B-ANI
,সা,I-ANI
,হুলত,O
,লইয়ে,O
Sentence: 2441,আর,O
,ছোড,B-REL
,বইন,I-REL
,ছোড,O
,ইবা,O
,বহুত,O
,বকা,O
Sentence: 2442,গ্রামর,B-LOC
,বারি,I-LOC
,জাইয়েরে,O
,আই,O
,এহলা,O
,এহলা,O
,সাতার,O
,হাইট্টি,O
Sentence: 2443,আর,O
,আব্বু,B-REL
,আম্মু,B-REL
,ভাই,B-REL
,বোন,B-REL
,ড্রইংরুমত,B-LOC
,বই,O
,আসি,O
,দে,O
Sentence: 2444,আরার,O
,ঘরর,O
,স্টররুম,O
,ইবা,O
,বহুত,O
,ডর,O
Sentence: 2445,শিশু,O
,ইবা,O
,এক্কান,O
,বিড়ালর,B-ANI
,সারে,I-ANI
,আদর,O
,গরের,O
,দে,O
Sentence: 2446,লাহ্রির,B-OBJ
,চুলাত,I-OBJ
,ফাক,O
,গরা,O
,হানা,O
,বহিত,O
,মজা,O
Sentence: 2447,আর,O
,ডর,B-ROLE
,ভাই,I-ROLE
,ইবা,O
,বেগুনর,B-FOOD
,তরহারির,I-FOOD
,ঝোল,I-FOOD
,দুইজ্জা,O
,ভাত,B-FOOD
,হাইয়ে,O
Sentence: 2448,আর,O
,আব্বু,B-ROLE
,লাউ,B-FOOD
,দিয়েরে,I-FOOD
,চিংড়ি,I-FOOD
,মাছর,I-FOOD
,ঝোল,I-FOOD
,আর,O
,হুব,O
,ফসন্দ,O
Sentence: 2449,আর,O
,শীতর,O
,দিনত,O
,গোসল,O
,গরিতে,O
,গম,O
,ন,O
,লাগে,O
Sentence: 2450,আর,O
,বইন,B-REL
,গ্রামর,B-LOC
,বাড়ীত,I-LOC
,জাইয়েরে,O
,ফুকুরত,B-LOC
,গোসল,O
,গরে,O
,দে,O
Sentence: 2451,আর,O
,আম্মু,B-REL
,হদে,O
,তেতই,B-FOOD
,হাইলে,O
,মাথার,O
,বুদ্ধি,O
,হমি,O
,জাইব,O
,দে,O
Sentence: 2452,আর,O
,আব্বু,B-REL
,বাজারত্তুন,B-LOC
,আরার,O
,লাই,O
,তেতই,B-FOOD
,কিনি,O
,আইন্নে,O
,দে,O
Sentence: 2453,আর,O
,গ্রা্রামর,B-LOC
,বাড়ীর,I-LOC
,উডানত,I-LOC
,বহুত,O
,ডর,O
Sentence: 2454,এই,O
,শিিশু,O
,ইবা,O
,গ্রামর,B-LOC
,বাড়ীর,I-LOC
,হেলের,O
Sentence: 2455,ছোড,O
,বাইচ্চা,O
,ইবা,O
,বহুত,O
,অসুস্ত,O
Sentence: 2456,এক্কান,O
,আহত,O
,শিশু,O
,রাস্তাত,B-LOC
,তিয়াই,O
,হান্দের,O
Sentence: 2457,আর,O
,ছোড,B-REL
,বইন,I-REL
,ইবারে,O
,আজিয়া,O
,সকালত,O
,হাস্পাতালত,B-ORG
,লই,O
,গিয়ি,O
Sentence: 2458,আব্বু,B-REL
,হইয়ে,O
,বিষ্টি,O
,অইলেও,O
,বেলকনির,O
,গাসত,O
,ফানি,B-FOOD
,দিবার,O
,ফ্রয়জন,O
,নাই,O
Sentence: 2459,আর,O
,আম্মু,B-REL
,বিষ্টি,O
,অইলেও,O
,গাসত,O
,ফানি,B-FOOD
,দে,O
Sentence: 2460,আব্বু,B-REL
,হইয়ে,O
,গাছ,O
,অতিরিক্ত,O
,ফানি,B-FOOD
,দিলে,O
,মরি,O
,যায়,O
Sentence: 2461,গতহালিয়া,O
,বিকালত,O
,আরার,O
,এনডে,O
,বহুত,O
,বৃষ্টি,O
,অইয়ে,O
Sentence: 2462,আর,O
,আম্মু,B-REL
,আজিয়া,O
,শশার,B-FOOD
,তরহারি,I-FOOD
,ফাক,O
,গইজ্জে,O
,দে,O
Sentence: 2463,গরমর,O
,দিনে,O
,লবণ,B-FOOD
,দিয়েরে,O
,শশা,B-FOOD
,হাইতে,O
,খুব,O
,গম,O
,লাগেদে,O
Sentence: 2464,শশা,B-FOOD
,হাইতে,O
,বহুত,O
,গম,O
Sentence: 2465,আজিয়া,O
,আব্বু,B-REL
,সকালত,O
,বাজারত্তুন,O
,টমাটু,B-FOOD
,কিনি,O
,আইন্নে,O
,দে,O
Sentence: 2466,দিন,O
,দিন,O
,টমাটুর,B-FOOD
,দাম,O
,বারের,O
,দে,O
Sentence: 2467,আর,O
,সরিষার,B-FOOD
,তেলর,I-FOOD
,মাছ,B-FOOD
,ভাজা,I-FOOD
,হাইতে,O
,বহুত,O
,গম,O
,লাগে,O
,দে,O
Sentence: 2468,আর,O
,দাদার,B-REL
,চুলত,O
,সরিষার,O
,তেল,O
,মাতাত,O
,দে,O
Sentence: 2469,আর,O
,নানা,B-REL
,হইয়ে,O
,সরিষার,O
,তেল,O
,চুল,O
,ফরন,O
,হমায়,O
,দে,O
Sentence: 2470,এক,O
,কৃষক,B-ROLE
,বাজারত,O
,টমাটু,B-FOOD
,বিক্রি,O
,গরের,O
Sentence: 2471,আর,O
,আব্বু,B-REL
,গাত,O
,সরিষার,O
,তেল,O
,দে,O
Sentence: 2472,দিন,O
,দিন,O
,আই,O
,খুব,O
,অসুক্কা,O
,অই,O
,জাইর,O
Sentence: 2473,যেন্ডে,O
,এন্ডে,O
,সেপ,O
,দেলন,O
,এব্বারে,O
,মানা,O
Sentence: 2474,আর,O
,আম্মু,B-REL
,হইয়ে,O
,ফ্রতিদিন,O
,তেতুল,B-FOOD
,হাইলে,O
,আর,O
,শরীরর,O
,রক্ত,O
,ফানি,O
,অই,O
,জাইবদে,O
Sentence: 2475,আর,O
,ছোড,B-REL
,ভাই,I-REL
,ইবার,O
,ফ্রিও,O
,ফল,B-FOOD
,অইল,O
,জামরুল,B-FOOD
Sentence: 2476,শিশু,O
,ইবার,O
,কিছু,O
,দিন,O
,দরিয়েরে,O
,সরদি,O
,হাসি,O
Sentence: 2477,আরার,O
,গ্রামর,B-LOC
,বাজারত,I-LOC
,বহুত,O
,ডর,O
,এক্কা,O
,দেশী,B-ANI
,কুরোর,I-ANI
,দোহান,B-LOC
,আসে,O
,দে,O
Sentence: 2478,সকালত,O
,ঘুমত্তুন,O
,উঠিয়েরে,O
,নাইরকেলর,B-FOOD
,ফানি,I-FOOD
,হাইতে,O
,আর,O
,খুব,O
,গম,O
,লাগে,O
,দে,O
Sentence: 2479,আই,O
,আইয়া,O
,শিম,B-FOOD
,ভাজি,I-FOOD
,দিয়েরে,O
,দুফুরত,O
,ভাত,B-FOOD
,হাইয়ি,O
Sentence: 2480,মা,B-REL
,আর,O
,লাই,O
,শিম,B-FOOD
,ভাজিফাক,I-FOOD
,গইজ্জে,O
,দে,O
Sentence: 2481,আম্মু,B-REL
,ফাকঘরত,O
,বসি,O
,মাটির,B-OBJ
,ফাতিলত,I-OBJ
,কুরর,B-FOOD
,মাংস,I-FOOD
,ফাক,O
,গরের,O
Sentence: 2482,বহুত,O
,মানুষ,O
,শখেরলাই,O
,ছাদর,O
,উওরত,O
,হইতর,B-ANI
,ফালেদে,O
Sentence: 2483,দুইদিন,O
,ধরি,O
,আর,O
,বহুত,O
,সরদি,O
,জর,O
Sentence: 2484,সকালত,O
,ঘুমত্তুন,O
,উঠিই,O
,ঘরর,O
,স্টোররুম,O
,ইবা,O
,ফরিষ্কার,O
,গরন,O
,ফরিব,O
Sentence: 2485,লবণ,B-FOOD
,দিয়েরে,O
,ফেয়ারা,B-FOOD
,হাইতে,O
,আর,O
,ভইন,B-REL
,ছোড,I-REL
,ইবার,O
,বহুত,O
,ফসন্দ,O
,গরে,O
Sentence: 2486,মা,B-REL
,ফাকঘরত,O
,বইয়েরে,O
,আর,O
,বাবার,B-REL
,লাই,O
,শিমর,B-FOOD
,তরহারি,I-FOOD
,ফাক,O
,গরের,O
,দে,O
Sentence: 2487,আই,O
,আর,O
,আব্বু,B-REL
,গতহালিয়া,O
,সিলেটত্তুন,B-LOC
,ঢাহা,B-LOC
,আইসসি,O
Sentence: 2488,আম্মু,B-REL
,লাকড়ির,B-OBJ
,চুলত,I-OBJ
,ফাক,O
,গরেদে,O
Sentence: 2489,আর,O
,ডর,B-REL
,বইন,I-REL
,ইবা,O
,হাচা,B-FOOD
,আমর,I-FOOD
,শরবত,I-FOOD
,হাইতে,O
,বহুত,O
,ভালোবাসে,O
,দে,O
Sentence: 2490,এই,O
,বকা,O
,ফয়া,O
,ইবা,O
,দুইদিন,O
,ধরি,O
,ফন্না,O
,ন,O
,ফরের,O
Sentence: 2491,বিকালত,O
,আম্মু,B-REL
,আর,O
,লাই,O
,সসার,B-FOOD
,সুপ,I-FOOD
,ফাক,O
,গইজ্জে,O
Sentence: 2492,আর,O
,স্কুলত,B-ORG
,হোনো,O
,খেলা,B-LOC
,হাইবার,I-LOC
,মঠ,I-LOC
,নাই,O
,দে,O
Sentence: 2493,আরা,O
,সবাই,O
,এক,O
,ফোয়ারিত,O
,খেলাহাইতাম,O
Sentence: 2494,বিশ্বকাপ,B-ORG
,ক্রিকেট,O
,হেলা,O
,আজিয়াত্তুন,O
,শুরু,O
Sentence: 2495,আজিয়া,O
,ইংল্যান্ডর,B-LOC
,বিশ্বকাপ,B-ORG
,ক্রিকেট,O
,হেলাত,O
,জিতি,O
,গিয়ি,O
Sentence: 2496,চল,O
,আরা,O
,বেয়াক্কুন,O
,গান,O
,গাই,O
Sentence: 2497,তুই,O
,কি,O
,আরে,O
,এক্কা্কান,O
,গ্লাস,B-OBJ
,ফানি,B-FOOD
,আনি,O
,দিত্তারিবা,O
,না,O
Sentence: 2498,আই,O
,ন,O
,ফাইজ্জুম,O
,ফানি,B-FOOD
,দিতাম,O
Sentence: 2499,তোয়ার,O
,ভাই,B-REL
,ফন্নাফরনত,O
,বহুত,O
,মেধাবি,O
Sentence: 2500,আচ্ছা,O
,হো,O
,সাই,O
,বাংলাদেশর,B-LOC
,জেলা,B-LOC
,হইয়ান,O
Sentence: 2501,সামনর,O
,মিক্কা,O
,যাইয়েরে,O
,মাইয়াফোয়া,O
,ইবা,O
,বহুত,O
,হাসিব,O
,দে,O
Sentence: 2502,আমি,O
,ইক্কে,O
,নযাইয়ুম,O
Sentence: 2503,আমি,O
,ইক্কে,O
,যাইয়ুম,O
Sentence: 2504,এক্কান,O
,সবক,O
,হইছ,O
Sentence: 2505,আর,O
,হইতর,O
,গম,O
,লায়,O
Sentence: 2506,আর,O
,হোয়াল,O
,ভালা,O
Sentence: 2507,তেঁই,O
,ক্যান,O
,গরি,O
,ঝুরার,O
,সা,O
Sentence: 2508,কি,O
,ফাইয়্যুন,O
Sentence: 2509,আই,O
,তোঁয়ারে,O
,চাই,O
,লইওম,O
Sentence: 2510,ফঅরি,O
,গেইয়্যু,O
Sentence: 2511,কি,O
,সালন,B-FOOD
Sentence: 2512,আই,O
,ফাইজ্জুম,O
Sentence: 2513,ইতে,O
,ধাইয়্যি,O
Sentence: 2514,ইতে,O
,বউত,O
,ডরাল্লো,O
Sentence: 2515,তরহারি,B-FOOD
,লঅ,O
Sentence: 2516,গা,O
,উজু,O
,আইয়ো,O
Sentence: 2517,অনরে,O
,ফাদইয়ে,O
Sentence: 2518,শিমুর,B-PER
,গোলাপি,B-COL
,রং,I-COL
,পছন্দ,O
Sentence: 2519,শিমুর,B-PER
,আকাশী,B-COL
,রং,I-COL
,পছন্দ,O
Sentence: 2520,শিমুর,B-PER
,ধূসর,B-COL
,রং,I-COL
,পছন্দ,O
Sentence: 2521,শিমুর,B-PER
,মেরুন,B-COL
,রং,I-COL
,পছন্দ,O
Sentence: 2522,শিমুর,B-PER
,কমলা,B-COL
,রং,I-COL
,পছন্দ,O
Sentence: 2523,শিমুর,B-PER
,খয়েরি,B-COL
,রং,I-COL
,পছন্দ,O
Sentence: 2524,অনরা,O
,আগে,O
,জো,O
Sentence: 2525,অনে,O
,কত্তুন,O
,আইশ্যুন,O
,যে,O
Sentence: 2526,সামালি,O
,রাইক্কু,O
Sentence: 2527,অ্যাঁই,O
,যদি,O
,ঠিক,O
,থাহি,O
Sentence: 2528,অ্যাঁর,O
,হথা,O
,বুঝস,O
,তুঁই,O
Sentence: 2529,অ্যাঁর,O
,ফন্দে,O
,কি,O
Sentence: 2530,তোঁয়ারে,O
,অ্যাঁরা,O
,চ্যাঁই,O
,লইইয়্যুম,O
Sentence: 2531,যনঅর,O
,সমত,O
,হডে,O
,গেইয়্যুস,O
,তুঁই,O
Sentence: 2532,পরান্নান,O
,ঘরত,O
,রাহি,O
Sentence: 2533,মাতাত,O
,আঁত,O
,দি,O
,ক,O
,অ্যাঁরে,O
,দাগা,O
,ন,O
,দিতি,O
Sentence: 2534,তোয়ার,O
,নামত,O
,লেহি,O
Sentence: 2535,না~ইউ,O
,হস,O
,তর~,O
,উ,O
,হস,O
Sentence: 2536,আঁই,O
,জানিদে,O
,তুঁই,O
,আইশ্যু,O
Sentence: 2537,তুঁই,O
,হালিয়ে,O
,আইশ্যু,O
Sentence: 2538,আঁই,O
,জানিদে,O
,তুঁই,O
,আইশ্যু,O
Sentence: 2539,সিটি,B-ORG
,কপোরেশন,I-ORG
,অপিশ,I-ORG
,আছে,O
Sentence: 2540,বেশি,O
,সমস্যার,O
,আছি,O
Sentence: 2541,আই,O
,সত্যি,O
,খুব,O
,অসহায়,O
,বদ,O
,গরীর,O
Sentence: 2542,আই,O
,খুব,O
,অসহায়,O
,বদ,O
,গরীর,O
Sentence: 2543,খুব,O
,অসহায়,O
,বদ,O
,গরীর,O
Sentence: 2544,অসহায়,O
,বদ,O
,গরীর,O
Sentence: 2545,আই,O
,সত্যি,O
,খুব,O
,অসহায়,O
Sentence: 2546,ভিডিও,O
,বানাইবার,O
,কি,O
,দরকার,O
,আছিল,O
Sentence: 2547,বানাইবার,O
,কি,O
,দরকার,O
,আছিল,O
Sentence: 2548,তোয়ারে,O
,আরে,O
,ডাহ,O
Sentence: 2549,ইতে,O
,সিলেট্টুন,B-LOC
,আর,O
,ফোয়ারে,O
,দেহা,O
,গরীরটো,O
,আইসে,O
Sentence: 2550,আর,O
,ফোয়ারে,O
,দেহা,O
,গরীরটো,O
,আইসে,O
Sentence: 2551,দেহা,O
,গরীরটো,O
,আইসে,O
Sentence: 2552,ফোয়াইবা,O
,সিলেট্টুন,B-LOC
,ধাহা,B-LOC
,আইসে,O
Sentence: 2553,নঅ,O
,চুইয়ো,O
Sentence: 2554,অইগেই,O
Sentence: 2555,অ়দর,O
,হত়াত,O
,আইয়ু,O
Sentence: 2556,অ্যাঁই,O
,ভাত,B-FOOD
,ন,O
,হাইয়্যুম,O
,গুসসা,O
,ওইয়্যুম,O
Sentence: 2557,অনে,O
,অ্যাঁরে,O
,ছাড়ি,O
,চলি,O
,যাইবেন,O
Sentence: 2558,বিয়া,O
,অয়,O
,বহুত,O
,বছর,O
,আগে,O
Sentence: 2559,যনঅর,O
,হথা,O
,নাই,O
Sentence: 2560,চিন্তা,O
,গইজ্জি,O
,কিসু,O
,উজ্ঞো,O
,গইজ্জুম,O
Sentence: 2561,ইয়ান,O
,গম,O
,অইব্যু,O
,তুঁর,O
,লাই,O
Sentence: 2562,বাড়িত,O
,আইসসিল,O
,সমত,O
,অই,O
,গেইয়্যে,O
Sentence: 2563,ইতে,O
,হাওন,O
,থেমে,O
,হইলো,O
Sentence: 2564,হানা,O
,হাইতে,O
,গিল,O
Sentence: 2565,হথা,O
,ন,O
,কইয়্যরে,O
,হাবাইত,O
,মনযোগ,O
,দে,O
Sentence: 2566,হাওন,O
,শেষ,O
,গরে,O
,তহন,O
,ইতার,O
,মিক্কে,O
,গিল,O
Sentence: 2567,চ্যাঁই,O
,চুখ,O
,গিল,O
Sentence: 2568,সুন্দর,O
,কিসু,O
,অইত,O
,ফারে,O
Sentence: 2569,বিয়া,O
,গইজ্জে,O
,অ্যাঁর,O
,ছোড,B-REL
,বদ্দা,I-REL
Sentence: 2570,মাতাত,O
,বুদ্ধি,O
,ন,O
,অয়,O
Sentence: 2571,দিম,B-FOOD
,দিবে,O
,বন্ধ,O
,গরে,O
,দে,O
Sentence: 2572,বিয়াগুনোরে,O
,হোওয়া,O
,গেইয়্যে,O
Sentence: 2573,হোওয়া,O
,গেইয়্যে,O
Sentence: 2574,অনত্তুন,O
,ইয়েন,O
,গরন,O
,ফরিবু,O
Sentence: 2575,গরন,O
,ফরিবু,O
Sentence: 2576,আই,O
,যাবিগ়ই,O
Sentence: 2577,আঁই,O
,ইতারে,O
,হইলামদে,O
,ইয়েন,O
,নগইজ্জু,O
Sentence: 2578,আঁই,O
,ইতারে,O
,হইলামদে,O
Sentence: 2579,ইয়েন,O
,নগইজ্জু,O
Sentence: 2580,কি,O
,দরকার,O
,আছিল,O
Sentence: 2581,দরকার,O
,আছিল,O
Sentence: 2582,বানাইবার,O
,কি,O
,দরকার,O
Sentence: 2583,এরিমামা,O
,কিলায়ও,O
,গরের,O
,দ্দে,O
,বইয়ের,O
Sentence: 2584,কিলায়ও,O
,দ্দে,O
,বইয়ের,O
Sentence: 2585,এরিমামা,O
,কিলায়ও,O
Sentence: 2586,ইবা,O
,কেরিম্মা,O
,গড়ি,O
,সম্ভব,O
Sentence: 2587,ইবা,O
,কেরিম্মা,O
,গড়ি,O
,সম্ভব,O
Sentence: 2588,তুই,O
,সুদানীর,O
,ফুয়া,O
,এত,O
,ঘুমোদ্দে,O
,কিল্লায়,O
Sentence: 2589,তুই,O
,সুদানীর,O
,ফুয়া,O
,ঘুমোদ্দে,O
,কিল্লায়,O
Sentence: 2590,ঘুমোদ্দে,O
,কিল্লায়,O
Sentence: 2591,এত,O
,ঘুমোদ্দে,O
Sentence: 2592,তুই,O
,ঘুমোদ্দে,O
Sentence: 2593,তোঁয়ার,O
,কাম,O
,নাই,O
Sentence: 2594,হথা,O
,ঠিক,O
,আছে,O
Sentence: 2595,হান,O
,টান,O
,লাল,B-COL
,গরি,O
,ফেলাইয়্যুম,O
,অ্যাঁই,O
,তুঁর,O
Sentence: 2596,আই,O
,সমস্যার,O
,আছি,O
Sentence: 2597,সমস্যার,O
,আছি,O
Sentence: 2598,তুয়ার,O
,লয়,O
,আর,O
,জরুরি,O
,হতা,O
,আছে,O
Sentence: 2599,তুয়ার,O
,লয়,O
,আর,O
,হতা,O
,আছে,O
Sentence: 2600,আর,O
,জরুরি,O
,হতা,O
,আছে,O
Sentence: 2601,জরুরি,O
,হতা,O
,আছে,O
Sentence: 2602,হতা,O
,আছে,O
Sentence: 2603,আর,O
,সকালোট,O
,উঠিয়েরে,O
,চা,B-FOOD
,খাইবার,O
,অভ্যাস,O
,আছে,O
Sentence: 2604,সকালোট,O
,উঠিয়েরে,O
,চা,B-FOOD
,খাইবার,O
,অভ্যাস,O
,আছে,O
Sentence: 2605,চা,B-FOOD
,খাইবার,O
,অভ্যাস,O
,আছে,O
Sentence: 2606,তুই,O
,দুইজ্জা,O
,হায়ও,O
,নে,O
Sentence: 2607,দুইজ্জা,O
,হায়ও,O
,নে,O
Sentence: 2608,তুই,O
,কি,O
,রতিয়াত,O
,বাইর,O
,হইবা,O
,নে,O
Sentence: 2609,রতিয়াত,O
,বাইর,O
,হইবা,O
,নে,O
Sentence: 2610,বাইর,O
,হইবা,O
,নে,O
Sentence: 2611,তুই,O
,কি,O
,বাইর,O
,হইবা,O
,নে,O
Sentence: 2612,হইবা,O
,নে,O
Sentence: 2613,অনড়,O
,লই,O
,হোথা,O
,খৈত,O
,বেশি,O
,গম,O
,লাগে,O
Sentence: 2614,হোথা,O
,খৈত,O
,বেশি,O
,গম,O
,লাগে,O
Sentence: 2615,বেশি,O
,গম,O
,লাগে,O
Sentence: 2616,রঙ,B-COL
,গরিত,O
,ফারিবি,O
,নি,O
,রে,O
Sentence: 2617,কাম,O
,গইত্তাম,O
,কেনে,O
Sentence: 2618,আই,O
,বেশি,O
,সমস্যার,O
,আছি,O
Sentence: 2619,হোথা,O
,খৈত,O
,গম,O
,লাগে,O
Sentence: 2620,হোথা,O
,গম,O
,লাগে,O
Sentence: 2621,অনড়,O
,লই,O
,হোথা,O
Sentence: 2622,হেলবি,O
,নি,O
,অ্যাঁর,O
,মাইয়্যার,O
,লগে,O
Sentence: 2623,অ্যাঁর,O
,এহন,O
,তোঁয়ারে,O
,গম,O
,লার,O
Sentence: 2624,অ্যাঁর,O
,হথা,O
,বুঝস,O
,তুঁই,O
Sentence: 2625,হচম,O
,অ্যাঁর,O
,গাত,O
,জ্বর,O
Sentence: 2626,তোঁয়ারে,O
,অ্যাঁরা,O
,চ্যাঁই,O
,লইইয়্যুম,O
Sentence: 2627,তুই,O
,দুইজ্জা,O
,ভাত,B-FOOD
,হায়ও,O
,নে,O
Sentence: 2628,দুইজ্জা,O
,ভাত,B-FOOD
,হায়ও,O
,নে,O
Sentence: 2629,দুইজ্জা,O
,হায়ও,O
,নে,O
Sentence: 2630,ভাত,B-FOOD
,হায়ও,O
,নে,O
Sentence: 2631,বেগুনের,O
,হাছে,O
,মানুষ,O
,হননা,O
Sentence: 2632,বেশি,O
,গম,O
,লাগে,O
Sentence: 2633,গম,O
,লাগে,O
Sentence: 2634,হোথা,O
,খৈত,O
,বেশি,O
,গম,O
,লাগে,O
Sentence: 2635,তোয়ারে,O
,আই,O
,কল,O
,নো,O
,দিয়ুম,O
Sentence: 2636,কল,O
,নো,O
,দিয়ুম,O
Sentence: 2637,তোয়ারে,O
,আই,O
,কল,O
,দিয়ুম,O
Sentence: 2638,কল,O
,দিয়ুম,O
Sentence: 2639,কল,O
,নো,O
,দিয়ুম,O
Sentence: 2640,তুয়ার,O
,এত,O
,ঘুম,O
,কিল্লায়,O
,আয়েদ্দে,O
Sentence: 2641,তুয়ার,O
,ঘুম,O
,কিল্লায়,O
,আয়েদ্দে,O
Sentence: 2642,এত,O
,ঘুম,O
,কিল্লায়,O
,আয়েদ্দে,O
Sentence: 2643,ঘুম,O
,কিল্লায়,O
,আয়েদ্দে,O
Sentence: 2644,তুয়ার,O
,এত,O
,ঘুম,O
,কিল্লায়,O
Sentence: 2645,ফোয়াইবা,O
,সাদা,B-COL
,রঙের,I-COL
,উগ্গা,O
,শার্ট,B-OBJ
,ফরি,O
,আইসিল,O
Sentence: 2646,ইতে,O
,এহন,O
,রাজশাহী,B-LOC
,গেইয়ুই,O
Sentence: 2647,ইতে,O
,এব্বেরেও,O
,না,O
,আসে,O
Sentence: 2648,ইতে,O
,না,O
,আসে,O
Sentence: 2649,ইতে,O
,না,O
,আসে,O
Sentence: 2650,না,O
,আসে,O
Sentence: 2651,এব্বেরেও,O
,না,O
,আসে,O
Sentence: 2652,ইতে,O
,রাজশাহী,B-LOC
,গেইয়ুই,O
Sentence: 2653,রাজশাহী,B-LOC
,গেইয়ুই,O
Sentence: 2654,গেইয়ুই,O
Sentence: 2655,ইতে,O
,এহন,O
,রাজশাহী,B-LOC
Sentence: 2656,ওনোর,O
,বেগুনের,O
,হাছে,O
,মানুষ,O
,হননা,O
Sentence: 2657,ওনোর,O
,মানুষ,O
,হননা,O
Sentence: 2658,হাছে,O
,মানুষ,O
,হননা,O
Sentence: 2659,মানুষ,O
,হননা,O
Sentence: 2660,ধাহা,B-LOC
,আইসে,O
Sentence: 2661,ফোয়াইবা,O
,ধাহা,B-LOC
,আইসে,O
Sentence: 2662,ফোয়াইবা,O
,সিলেট্টুন,B-LOC
Sentence: 2663,সাদা,B-COL
,রঙের,I-COL
,উগ্গা,O
,শার্ট,B-OBJ
,ফরি,O
,আইসিল,O
Sentence: 2664,সাদা,B-COL
,রঙের,I-COL
,উগ্গা,O
,শার্ট,B-OBJ
Sentence: 2665,সাদা,B-COL
,রঙের,I-COL
,শার্ট,B-OBJ
,ফরি,O
,আইসিল,O
Sentence: 2666,সাদা,B-COL
,রঙের,I-COL
,শার্ট,B-OBJ
Sentence: 2667,শার্ট,B-OBJ
,ফরি,O
,আইসিল,O
Sentence: 2668,ফরি,O
,আইসিল,O
Sentence: 2669,ইয়ার,O
,বেশি,O
,হারাপ,O
,লাগের,O
Sentence: 2670,ইয়ার,O
,হারাপ,O
,লাগের,O
Sentence: 2671,বেশি,O
,হারাপ,O
,লাগের,O
Sentence: 2672,হারাপ,O
,লাগের,O
Sentence: 2673,তুই,O
,হন,O
,স্কুলত,B-ORG
,পর,O
Sentence: 2674,হন,O
,স্কুলত,B-ORG
,পর,O
Sentence: 2675,আর,O
,বাড়ি,O
,চাঁদপুর,B-LOC
Sentence: 2676,আর,O
,বাড়ি,O
,যশোরত,B-LOC
Sentence: 2677,তুই,O
,হোন্ডা,O
,যাইবে,O
Sentence: 2678,হোন্ডা,O
,যাইবে,O
Sentence: 2679,ইতাত্তুন,O
,বই,B-OBJ
,ফোয়ারত,O
,এফোডাও,O
,গম,O
,নো,O
,লাগে,O
Sentence: 2680,তোয়ার,O
,ফোরালেহা,O
,গরীরত,O
,এফফোডাও,O
,গম,O
,নো,O
,লাগে,O
Sentence: 2681,ফোরালেহা,O
,গরীরত,O
,এফফোডাও,O
,গম,O
,নো,O
,লাগে,O
Sentence: 2682,তোয়ার,O
,ফোরালেহা,O
,গরীরত,O
,গম,O
,নো,O
,লাগে,O
Sentence: 2683,তোয়ার,O
,ফোরালেহা,O
,গরীরত,O
,গম,O
,লাগে,O
Sentence: 2684,গম,O
,নো,O
,লাগে,O
Sentence: 2685,এই,O
,কাজত,O
,যাইত,O
,চাই,O
Sentence: 2686,কাজত,O
,যাইত,O
,ন,O
,চাই,O
Sentence: 2687,যাইত,O
,ন,O
,চাই,O
Sentence: 2688,ন,O
,চাই,O
Sentence: 2689,কাজত,O
,যাইত,O
,চাই,O
Sentence: 2690,যাইত,O
,চাই,O
Sentence: 2691,কলম,B-OBJ
,ইবা,O
,লো,O
Sentence: 2692,কলম,B-OBJ
,ইবা,O
,লো,O
Sentence: 2693,কলম,B-OBJ
,ইবা,O
,লো,O
Sentence: 2694,কলম,B-OBJ
,ইবা,O
,লো,O
Sentence: 2695,তুই,O
,যাইবেনা,O
Sentence: 2696,ফুয়া,O
,হান্দের,O
,বচ্চু,O
,হাবাই,O
,দ,O
Sentence: 2697,নিজত্তুন,O
,নাই,O
,জাগা,O
,কুত্তা,O
,আইন্নে,O
,বাগা,O
Sentence: 2698,আরে,O
,হাছা,O
,হতা,O
,হয়ডো,O
Sentence: 2699,হাছা,O
,হতা,O
,হয়ডো,O
Sentence: 2700,হতা,O
,হয়ডো,O
Sentence: 2701,আরে,O
,হাছা,O
,হয়ডো,O
Sentence: 2702,হাছা,O
,হয়ডো,O
Sentence: 2703,ফুয়া,O
,হান্দের,O
Sentence: 2704,বচ্চু,B-FOOD
,হাবাই,O
,দ,O
Sentence: 2705,তুই,O
,গুমের,O
,তুন,O
,জলদি,O
,উঠ,O
Sentence: 2706,গুমের,O
,তুন,O
,জলদি,O
,উঠ,O
Sentence: 2707,জলদি,O
,উঠ,O
Sentence: 2708,উঠ,O
Sentence: 2709,তুই,O
,জলদি,O
,উঠ,O
Sentence: 2710,আই,O
,সকালট,O
,নাস্তা,O
,হরিয়ার,O
,স্কুলত,O
,যাই,O
Sentence: 2711,সকালট,O
,নাস্তা,B-FOOD
,হরিয়ার,O
,স্কুলত,B-ORG
,যাই,O
Sentence: 2712,নাস্তা,B-FOOD
,হরিয়ার,O
,স্কুলত,B-ORG
,যাই,O
Sentence: 2713,স্কুলত,B-ORG
,যাই,O
Sentence: 2714,আই,O
,নাস্তা,B-FOOD
,হরিয়ার,O
,স্কুলত,B-ORG
,যাই,O
Sentence: 2715,আরে,O
,সকালত,O
,হিছু,O
,খাইত,O
,গম,O
,না,O
,লাগে,O
Sentence: 2716,সকালত,O
,হিছু,O
,খাইত,O
,গম,O
,না,O
,লাগে,O
Sentence: 2717,হিছু,O
,খাইত,O
,গম,O
,না,O
,লাগে,O
Sentence: 2718,খাইত,O
,গম,O
,না,O
,লাগে,O
Sentence: 2719,গম,O
,না,O
,লাগে,O
Sentence: 2720,না,O
,লাগে,O
Sentence: 2721,আরে,O
,হিছু,O
,খাইত,O
,গম,O
,লাগে,O
Sentence: 2722,আরে,O
,খাইত,O
,গম,O
,লাগে,O
Sentence: 2723,আরে,O
,হিছু,O
,গম,O
,লাগে,O
Sentence: 2724,আরে,O
,গম,O
,লাগে,O
Sentence: 2725,আরে,O
,সকালত,O
,হিছু,O
,খাইত,O
,গম,O
,লাগে,O
Sentence: 2726,সকালত,O
,হিছু,O
,খাইত,O
,গম,O
,লাগে,O
Sentence: 2727,হিছু,O
,খাইত,O
,গম,O
,লাগে,O
Sentence: 2728,খাইত,O
,গম,O
,লাগে,O
Sentence: 2729,গম,O
,লাগে,O
Sentence: 2730,আরে,O
,হিছু,O
,খাইত,O
,গম,O
,লাগে,O
Sentence: 2731,আরে,O
,খাইত,O
,গম,O
,লাগে,O
Sentence: 2732,আরে,O
,হিছু,O
,গম,O
,লাগে,O
Sentence: 2733,আরে,O
,গম,O
,লাগে,O
Sentence: 2734,আই,O
,আরি,O
,গিয়ি,O
Sentence: 2735,আঁই,O
,ভালা,O
,আছি,O
Sentence: 2736,ভালা,O
,আছি,O
Sentence: 2737,আঁই,O
,ভালা,O
,নাই,O
Sentence: 2738,অনে,O
,কেন,O
,আছন,O
Sentence: 2739,ভালা,O
,ন,O
,লাগের,O
Sentence: 2740,আঁত্তে,O
,ভালা,O
,ন,O
,লাগের,O
Sentence: 2741,আঁই,O
,কিরকেট,O
,খেইল্যম,O
Sentence: 2742,কিরকেট,O
,খেইল্যম,O
Sentence: 2743,তুঁই,O
,কডে,O
Sentence: 2744,এইগ্গ,O
,বিড়াল,B-ANI
,দরজাত,O
,বই,O
,আছে,O
Sentence: 2745,বিড়াল,B-ANI
,দরজাত,O
,বই,O
,আছে,O
Sentence: 2746,দরজাত,O
,বই,O
,আছে,O
Sentence: 2747,বই,O
,আছে,O
Sentence: 2748,বই,O
,আছে,O
Sentence: 2749,এই,O
,কাজত,O
,যাইত,O
,ন,O
,চাই,O
Sentence: 2750,তুঁই,O
,কডেত্তুন,O
,আইশ্যো,O
Sentence: 2751,কডেত্তুন,O
,আইশ্যো,O
Sentence: 2752,তুঁই,O
,কডে,O
,থাহ,O
Sentence: 2753,কডে,O
,থাহ,O
Sentence: 2754,আই,O
,গওম,O
,নাই,O
Sentence: 2755,অনে,O
,কেন,O
,আছন,O
Sentence: 2756,তুঁই,O
,কেন,O
,আছ,O
Sentence: 2757,হন্ডে,O
,যর,O
Sentence: 2758,অবা,O
,তুয়ারো,O
,ঘর,O
,হডে,O
Sentence: 2759,ঘর,O
,হডে,O
Sentence: 2760,তোঁয়াই,O
,কিরর,O
Sentence: 2761,কেআ,O
,হন্দে,O
Sentence: 2762,কিরর,O
Sentence: 2763,আঁর,O
,মনত,O
,শান্তি,O
,নাই,O
Sentence: 2764,মনত,O
,শান্তি,O
,নাই,O
Sentence: 2765,তোঁয়ারো,O
,বাড়ি,O
,হন্ডে,O
Sentence: 2766,আঁই,O
,স্কুলত,B-ORG
,ন,O
,যাই,O
Sentence: 2767,আঁই,O
,ন,O
,যাইয়্যুম,O
Sentence: 2768,ইয়ান,O
,গেলদে,B-ORG
,হালিয়ে,O
,গইজ্জি,O
Sentence: 2769,তোয়ারে,O
,এইতুন,O
,যাইতামগো,O
,হইদি,O
Sentence: 2770,এইতুন,O
,যাইতামগো,O
,হইদি,O
Sentence: 2771,তুমি,O
,কি,O
,কাম,O
,গরতে,O
,লাইগ,O
Sentence: 2772,কি,O
,কাম,O
,গরতে,O
,লাইগ,O
Sentence: 2773,গরতে,O
,লাইগ,O
Sentence: 2774,কথা,O
,হম,O
,হইস,O
Sentence: 2775,এই,O
,হাম্মান,O
,গড়ে,O
,দেও,O
Sentence: 2776,হাম্মান,O
,গড়ে,O
,দেও,O
Sentence: 2777,বেইন্নে,O
,গরতে,O
,লাইগ,O
Sentence: 2778,হাজুইন্নে,O
,গরতে,O
,লাইগ,O
Sentence: 2779,অজ্ঞ,O
,গাল,O
,সায়,O
,সুয়ার,O
,দিউম,O
Sentence: 2780,সায়,O
,সুয়ার,O
,দিউম,O
Sentence: 2781,আই,O
,ভাত,B-FOOD
,খাইয়ুম,O
Sentence: 2782,ভাত,B-FOOD
,খাইয়ুম,O
Sentence: 2783,আর,O
,কাম,O
,আছে,O
Sentence: 2784,কাম,O
,আছে,O
Sentence: 2785,আরা,O
,যাইয়ুম,O
Sentence: 2786,তোঁয়ার,O
,নাম,O
,কী,O
Sentence: 2787,আঁর,O
,নাম,O
,নয়ন।,O
Sentence: 2788,আঁত্তে,O
,তোঁয়ারে,O
,ভালা,O
,লাগে,O
Sentence: 2789,তোঁয়ারে,O
,ভালা,O
,লাগে,O
Sentence: 2790,তুঁই,O
,কডে,O
,য‌অর,O
Sentence: 2791,কডে,O
,য‌অর,O
Sentence: 2792,কী,O
,আইন্নুম,O
Sentence: 2793,ফুয়া,O
,হান্দের,O
,বচ্চু,O
,হাবাই,O
,দ,O
Sentence: 2794,আই,O
,হাই,O
Sentence: 2795,আই,O
,খেলি,O
Sentence: 2796,আই,O
,হাইয়ুম,O
Sentence: 2797,আই,O
,ফড়ি,O
Sentence: 2798,আই,O
,ফৈরজুম,O
Sentence: 2799,আই,O
,স্কুলোত,B-ORG
,জিয়ুম,O
Sentence: 2800,স্কুলোত,B-ORG
,জাইয়ুম,O
Sentence: 2801,আই,O
,ভাত,B-FOOD
,খাইতম্ন,O
Sentence: 2802,ভাত,O
,খাইতম্ন,O
Sentence: 2803,তুয়ায়,O
,কিত্ত্যালাখগু,O
,দে,O
Sentence: 2804,কিত্ত্যালাখগু,O
,দে,O
Sentence: 2805,আই,O
,খেলা,O
,হাই,O
Sentence: 2806,খেলা,O
,হাই,O
Sentence: 2807,তুয়াই,O
,ভাত,B-FOOD
,হাইউনা,O
Sentence: 2808,কি,O
,হবর,O
,তুয়ার,O
Sentence: 2809,কি,O
,হবর,O
Sentence: 2810,তুয়ারও,O
,বাড়ি,O
,হন্ডে,O
Sentence: 2811,বাড়ি,O
,হন্ডে,O
Sentence: 2812,বিআগগুন,O
,কিত্তালাগগু,O
Sentence: 2813,কিত্তালাগগু,O
Sentence: 2814,আই,O
,রিক্সাত,B-OBJ
,গড়ি,O
,আইসসুম,O
Sentence: 2815,রিক্সাত,B-OBJ
,গড়ি,O
,আইসসুম,O
Sentence: 2816,আর,O
,নাম,O
,আরিফ,B-PER
Sentence: 2817,তুই,O
,কি,O
,গরো,O
Sentence: 2818,কি,O
,গরো,O
Sentence: 2819,তুয়ার,O
,বয়স,O
,হতো,O
Sentence: 2820,না,O
,ভালা,O
,নাই,O
Sentence: 2821,আই,O
,গোসসা,O
,গইজ্জি,O
Sentence: 2822,ফরে,O
,হতা,O
,কইয়ুম,O
Sentence: 2823,বারি,O
,ইবে,O
,আঁরার,O
Sentence: 2824,তুই,O
,উওফারি,O
,বয়,O
Sentence: 2825,আঁরো,O
,বারিত,O
,কনো,O
,কিয়া,O
,নো,O
,আইয়ি,O
Sentence: 2826,কি,O
,গইত্ত্যু,O
,লাইগ্গুন,O
Sentence: 2827,বদ্দা,B-REL
,কি,O
,গইত্ত্যু,O
,লাইগ্গ্যুন,O
Sentence: 2828,গরিন্নফারির,O
,বউত,O
,জর,O
Sentence: 2829,আফেল,B-FOOD
,আঁত্তে,O
,মঅব্বত,O
Sentence: 2830,আনকুর,B-FOOD
,আঁত্তে,O
,মঅব্বত,O
Sentence: 2831,ইতে,O
,যে,O
,হানা,O
,হায়,O
Sentence: 2832,আই,O
,কিচ্চি,O
Sentence: 2833,আজিয়া,O
,বাআরকুলে,O
,যাইয়ুম,O
Sentence: 2834,আইদ্দে,O
,হালিয়া,O
,বাআরকুলে,O
,নযাইয়ুম,O
Sentence: 2835,আরে,O
,হাছা,O
,হতা,O
,হয়ডো,O
Sentence: 2836,হাছা,O
,হতা,O
,হয়ডো,O
Sentence: 2837,হতা,O
,হয়ডো,O
Sentence: 2838,আরে,O
,হাছা,O
,হয়ডো,O
Sentence: 2839,হাছা,O
,হয়ডো,O
Sentence: 2840,তুই,O
,গুমের,O
,তুন,O
,জলদি,O
,উঠ,O
Sentence: 2841,গুমের,O
,তুন,O
,জলদি,O
,উঠ,O
Sentence: 2842,জলদি,O
,উঠ,O
Sentence: 2843,উঠ,O
,যাইও,O
Sentence: 2844,তুই,O
,জলদি,O
,উঠ,O
Sentence: 2845,আই,O
,সকালট,O
,নাস্তা,B-FOOD
,হরিয়ার,O
,স্কুলত,B-ORG
,যাই,O
Sentence: 2846,সকালট,O
,নাস্তা,B-FOOD
,হরিয়ার,O
,স্কুলত,B-ORG
,যাই,O
Sentence: 2847,নাস্তা,B-FOOD
,হরিয়ার,O
,স্কুলত,B-ORG
,যাই,O
Sentence: 2848,স্কুলত,B-ORG
,যাই,O
Sentence: 2849,আরার,O
,কাম,O
,আছে,O
Sentence: 2850,তুর,O
,কাম,O
,আছে,O
Sentence: 2851,অনর,O
,লাই,O
Sentence: 2852,তুই,O
,আজি,O
,এ,O
,স্কুলত,B-ORG
,গে,O
,লিনা,O
Sentence: 2853,আজি,O
,এ,O
,স্কুলত,B-ORG
,গে,O
,লিনা,O
Sentence: 2854,কি,O
,কি,O
,আইন্নুম,O
Sentence: 2855,আমার,O
,সকালত,O
,হিছু,O
,খাইত,O
,গম,O
,না,O
,লাগে,O
Sentence: 2856,সকালত,O
,হিছু,O
,খাইত,O
,গম,O
,না,O
,লাগে,O
Sentence: 2857,হিছু,O
,খাইত,O
,গম,O
,না,O
,লাগে,O
Sentence: 2858,খাইত,O
,গম,O
,না,O
,লাগে,O
Sentence: 2859,গম,O
,না,O
,লাগে,O
Sentence: 2860,না,O
,লাগে,O
Sentence: 2861,আরে,O
,সকালত,O
,খাইত,O
,গম,O
,না,O
,লাগে,O
Sentence: 2862,আরে,O
,সকালত,O
,খাইত,O
,গম,O
,লাগে,O
Sentence: 2863,আমার,O
,সকালত,O
,হিছু,O
,খাইত,O
,গম,O
,লাগে,O
Sentence: 2864,সকালত,O
,হিছু,O
,খাইত,O
,গম,O
,লাগে,O
Sentence: 2865,হিছু,O
,খাইত,O
,গম,O
,লাগে,O
Sentence: 2866,খাইত,O
,গম,O
,না,O
,লাগে,O
Sentence: 2867,গম,O
,লাগে,O
Sentence: 2868,আর,O
,প্রশ্নত,O
,জবাব,O
,দো,O
Sentence: 2869,প্রশ্নত,O
,জবাব,O
,দো,O
Sentence: 2870,জবাব,O
,দো,O
Sentence: 2871,আই,O
,অসুস্থ,O
,ওই,O
,ফইজ্জি,O
Sentence: 2872,অসুস্থ,O
,ওই,O
,ফইজ্জি,O
Sentence: 2873,আই,O
,ইতারোরে,O
,ডিক্ষী,O
Sentence: 2874,ইতারোরে,O
,ডিক্ষী,O
Sentence: 2875,ডিক্ষী,O
Sentence: 2876,ইরে,O
,অপেক্ষা,O
,গোরো,O
Sentence: 2877,অপেক্ষা,O
,গোরো,O
Sentence: 2878,সময়,O
,শেষ,O
,ওই,O
,গিয়োই,O
Sentence: 2879,শিমুর,O
,লাল,O
,রং,O
,পছন্দ,O
Sentence: 2880,শিমুর,B-PER
,সবুজ,B-COL
,রং,I-COL
,পছন্দ,O
Sentence: 2881,শিমুর,B-PER
,কালো,B-COL
,রং,I-COL
,পছন্দ,O
Sentence: 2882,এবা,O
,বেশি,O
,ডোর,O
,না,O
Sentence: 2883,আই,O
,মাফ,O
,চাই,O
Sentence: 2884,মাফ,O
,চাই,O
Sentence: 2885,আই,O
,চাই,O
Sentence: 2886,এবা,O
,উথি,O
,গিয়োয়,O
,না,O
Sentence: 2887,উথি,O
,গিয়োয়,O
,না,O
Sentence: 2888,গিয়োয়,O
,না,O
Sentence: 2889,এবা,O
,গিয়োয়,O
,না,O
Sentence: 2890,আই,O
,বেশি,O
,ডোর,O
Sentence: 2891,আই,O
,ডোর,O
Sentence: 2892,আই,O
,বেশি,O
,ডোর,O
,না,O
Sentence: 2893,বেশি,O
,ডোর,O
,না,O
Sentence: 2894,ডোর,O
,না,O
Sentence: 2895,আই,O
,ডোর,O
,না,O
Sentence: 2896,এবা,O
,বেশি,O
,ডোর,O
Sentence: 2897,আই,O
,হারী,O
,গিয়ি,O
Sentence: 2898,হারী,O
,গিয়ি,O
Sentence: 2899,আই,O
,ঠিক,O
,আছি,O
Sentence: 2900,ঠিক,O
,আছি,O
Sentence: 2901,আই,O
,ফিরি,O
,আইসি,O
Sentence: 2902,ফিরি,O
,আইসি,O
Sentence: 2903,আই,O
,আইসি,O
Sentence: 2904,আই,O
,কেক,B-FOOD
,ফসন্দ,O
,গরি,O
Sentence: 2905,কেক,B-FOOD
,ফসন্দ,O
,গরি,O
Sentence: 2906,ফসন্দ,O
,গরি,O
Sentence: 2907,আই,O
,কেক,B-FOOD
,ফসন্দ,O
,গরি,O
,না,O
Sentence: 2908,কেক,B-FOOD
,ফসন্দ,O
,গরি,O
,না,O
Sentence: 2909,ফসন্দ,O
,গরি,O
,না,O
Sentence: 2910,কেক,B-FOOD
,ফসন্দ,O
,না,O
Sentence: 2911,এককানা,O
,ঘুমাইয়েরে,O
,লো,O
Sentence: 2912,ঘুমাইয়েরে,O
,লো,O
Sentence: 2913,আই,O
,একা,O
,আছিলাম,O
Sentence: 2914,একা,O
,আছিলাম,O
Sentence: 2915,আই,O
,আছিলাম,O
Sentence: 2916,আর,O
,লই,O
,আইও,O
Sentence: 2917,লই,O
,আইও,O
Sentence: 2918,ইবা,O
,রাগী,O
,গেলো,O
,গোয়,O
Sentence: 2919,রাগী,O
,গেলো,O
,গোয়,O
Sentence: 2920,ইবা,O
,গেলো,O
,গোয়,O
Sentence: 2921,আর,O
,হাত,O
,ইবা,O
,ধোইজ্জ,O
Sentence: 2922,হাত,O
,ইবা,O
,ধোইজ্জ,O
Sentence: 2923,আই,O
,অবাক,O
,ওই,O
,গিয়িলাম,O
Sentence: 2924,অবাক,O
,ওই,O
,গিয়িলাম,O
Sentence: 2925,ওই,O
,গিয়িলাম,O
Sentence: 2926,আই,O
,অবাক,O
Sentence: 2927,আই,O
,নো,O
,আইস্সুম,O
Sentence: 2928,নো,O
,আইস্সুম,O
Sentence: 2929,আই,O
,আইস্সুম,O
Sentence: 2930,আই,O
,নো,O
,হাইজ্জুম্ম,O
Sentence: 2931,নো,O
,হাইজ্জুম্ম,O
Sentence: 2932,আই,O
,হাইজ্জুম্ম,O
Sentence: 2933,আর,O
,আট,O
,টনটন,O
,গরের,O
Sentence: 2934,আট,O
,টনটন,O
,গরের,O
Sentence: 2935,টনটন,O
,গরের,O
Sentence: 2936,আর,O
,আট,O
,টনটন,O
Sentence: 2937,আট,O
,টনটন,O
Sentence: 2938,আর,O
,টাং,O
,টনটন,O
,গরের,O
Sentence: 2939,টাং,O
,টনটন,O
,গরের,O
Sentence: 2940,আর,O
,টাং,O
,টনটন,O
Sentence: 2941,টাং,O
,টনটন,O
Sentence: 2942,অনরে,O
,হন,O
,ফাদইয়ে,O
Sentence: 2943,হন,O
,ফাদইয়ে,O
Sentence: 2944,ফাদইয়ে,O
Sentence: 2945,আগে,O
,জো,O
Sentence: 2946,অনরা,O
,জো,O
Sentence: 2947,আরে,O
,নো,O
,ডাইক্কো,O
Sentence: 2948,দেহিত,O
,ফারি,O
Sentence: 2949,ডাক্তার,B-ROLE
,না,O
,হসাই,B-ROLE
Sentence: 2950,তুঁই,O
,হসাই,B-ROLE
Sentence: 2951,দুয়া,O
,ফোয়া,B-REL
,আছিল্,O
Sentence: 2952,উগ্গা,O
,মাইন্‌শর,O
,দুয়া,O
,ফোয়া,B-REL
,আছিল্,O
Sentence: 2953,উগ্গা,O
,মাইন্‌শ,O
Sentence: 2954,মাইন্‌শর,O
,দুয়া,O
,ফোয়া,B-REL
,আছিল্,O
Sentence: 2955,গইত্তাম,O
,কেনে,O
Sentence: 2956,আমার,O
,হলুদ,B-COL
,রং,I-COL
,পছন্দ,O
Sentence: 2957,আমার,O
,লাল,B-COL
,রং,I-COL
,পছন্দ,O
Sentence: 2958,আমার,O
,সবুজ,B-COL
,রং,I-COL
,পছন্দ,O
Sentence: 2959,আমার,O
,কালো,B-COL
,রং,I-COL
,পছন্দ,O
Sentence: 2960,আমার,O
,সাদা,B-COL
,রং,I-COL
,পছন্দ,O
Sentence: 2961,আফেল,B-FOOD
,দেহিত,O
Sentence: 2962,আই,O
,আফেল,B-FOOD
,দেহিত,O
,ফারি,O
,না,O
Sentence: 2963,আফেল,B-FOOD
,দেহিত,O
,ফারি,O
,না,O
Sentence: 2964,দেহিত,O
,ফারি,O
,না,O
Sentence: 2965,আরে,O
,লই,O
,জো,O
Sentence: 2966,তুঁই,O
,ডাক্তার,B-ROLE
,না,O
,হসাই,B-ROLE
Sentence: 2967,আমার,O
,কমলা,B-COL
,রং,I-COL
,পছন্দ,O
Sentence: 2968,আমার,O
,খয়েরি,B-COL
,রং,I-COL
,পছন্দ,O
Sentence: 2969,আফেল,B-FOOD
,দেহিত,O
,না,O
Sentence: 2970,আর,O
,তুন,O
,তান্দা,O
,লাইগ্গে,O
Sentence: 2971,তান্দা,O
,লাইগ্গে,O
Sentence: 2972,আই,O
,বিদেশত,O
,গেইলাম,O
Sentence: 2973,বিদেশত,O
,গেইলাম,O
Sentence: 2974,আরে,O
,ঐইন্দি,O
,লই,O
,জো,O
Sentence: 2975,ঐইন্দি,O
,লই,O
,জো,O
Sentence: 2976,লই,O
,জো,O
Sentence: 2977,শিমুর,B-PER
,সাদা,B-COL
,রং,I-COL
,পছন্দ,O
Sentence: 2978,শিমুর,B-PER
,নীল,B-COL
,রং,I-COL
,পছন্দ,O
Sentence: 2979,শিমুর,B-PER
,বেগুনি,B-COL
,রং,I-COL
,পছন্দ,O
Sentence: 2980,নো,O
,ডাইক্কো,O
Sentence: 2981,আরে,O
,ডাইক্কো,O
Sentence: 2982,আই,O
,আফেল,B-FOOD
,দেহিত,O
,ফারি,O
Sentence: 2983,আফেল,B-FOOD
,দেহিত,O
,ফারি,O
Sentence: 2984,শেষ,O
,ওই,O
,গিয়োই,O
Sentence: 2985,ওই,O
,গিয়োই,O
Sentence: 2986,সময়,O
,শেষ,O
Sentence: 2987,আরা,O
,অফেক্ষা,O
,কইজ্জুম,O
Sentence: 2988,অফেক্ষা,O
,কইজ্জুম,O
Sentence: 2989,এবা,O
,উথি,O
,গিয়োয়,O
Sentence: 2990,উথি,O
,গিয়োয়,O
Sentence: 2991,এবা,O
,গিয়োয়,O
Sentence: 2992,আমার,O
,নীল,B-COL
,রং,I-COL
,পছন্দ,O
Sentence: 2993,আমার,O
,বেগুনি,B-COL
,রং,I-COL
,পছন্দ,O
Sentence: 2994,আমার,O
,গোলাপি,B-COL
,রং,I-COL
,পছন্দ,O
Sentence: 2995,আমার,O
,আকাশী,B-COL
,রং,I-COL
,পছন্দ,O
Sentence: 2996,আমার,O
,ধূসর,B-COL
,রং,I-COL
,পছন্দ,O
Sentence: 2997,আমার,O
,মেরুন,B-COL
,রং,I-COL
,পছন্দ,O
Sentence: 2998,আই,O
,নাস্তা,B-FOOD
,হরিয়ার,O
,স্কুলত,B-ORG
,যাই,O
,না,O
Sentence: 2999,আই,O
,সকালট,O
,নাস্তা,B-FOOD
,হরিয়ার,O
,স্কুলত,B-ORG
,যাই,O
,না,O
Sentence: 3000,সকালট,O
,নাস্তা,B-FOOD
,হরিয়ার,O
,স্কুলত,B-ORG
,যাই,O
,না,O
Sentence: 3001,নাস্তা,B-FOOD
,হরিয়ার,O
,স্কুলত,B-ORG
,যাই,O
,না,O
Sentence: 3002,স্কুলত,B-ORG
,যাই,O
,না,O
Sentence: 3003,আই,O
,নাস্তা,B-FOOD
,হরিয়ার,O
,স্কুলত,B-ORG
,যাই,O
,না,O
Sentence: 3004,ইতে,O
,ফরের,O
,মাশত,O
,বিদেশ,B-LOC
,জৈব,O
,গৌ,O
Sentence: 3005,ফরের,O
,মাশত,O
,বিদেশ,B-LOC
,জৈব,O
,গৌ,O
Sentence: 3006,ইতে,O
,বিদেশ,B-LOC
,জৈব,O
,গৌ,O
Sentence: 3007,বিদেশ,B-LOC
,জৈব,O
,গৌ,O
Sentence: 3008,জৈব,O
,গৌ,O
Sentence: 3009,বেদি,O
,ইবা,O
,বেশি,O
,বেয়াদব,O
Sentence: 3010,বেশি,O
,বেয়াদব,O
Sentence: 3011,বেদি,O
,বেয়াদব,O
Sentence: 3012,ইতে,O
,ইবা,O
,বেশি,O
,বেয়াদব,O
Sentence: 3013,ইতে,O
,বেয়াদব,O
Sentence: 3014,ফুয়া,O
,ইবা,O
,রাস্তা,B-LOC
,দিয়েরে,O
,হাথি,O
,যার,O
,গোয়,O
Sentence: 3015,রাস্তা,B-LOC
,দিয়েরে,O
,হাথি,O
,যার,O
,গোয়,O
Sentence: 3016,হাথি,O
,যার,O
,গোয়,O
Sentence: 3017,ফুয়া,O
,ইবা,O
,হাথি,O
,যার,O
,গোয়,O
Sentence: 3018,ফুয়া,O
,ইবা,O
,রাস্তা,B-LOC
,দিয়েরে,O
,যার,O
,গোয়,O
Sentence: 3019,মৈফিয়াইবা,O
,লাল,B-COL
,রঙের,I-COL
,শাড়ি,B-OBJ
,ফরি,O
,আর,O
,লই,O
,দেহা,O
,গৈর,O
,তো,O
,আইসে,O
Sentence: 3020,মৈফিয়াইবা,O
,শাড়ি,B-OBJ
,ফরি,O
,আর,O
,লই,O
,দেহা,O
,গৈর,O
,তো,O
,আইসে,O
Sentence: 3021,লাল,B-COL
,রঙের,I-COL
,শাড়ি,B-OBJ
Sentence: 3022,আর,O
,লই,O
,দেহা,O
,গৈর,O
,তো,O
,আইসে,O
Sentence: 3023,দেহা,O
,গৈর,O
,তো,O
,আইসে,O
Sentence: 3024,মৈফিয়াইবা,O
,দেহা,O
,গৈর,O
,তো,O
,আইসে,O
Sentence: 3025,মৈফিয়াইবা,O
,আর,O
,লই,O
,দেহা,O
,গৈর,O
,তো,O
,আইসে,O
Sentence: 3026,শাড়ি,B-OBJ
,ফরি,O
,আর,O
,লই,O
,দেহা,O
,গৈর,O
,তো,O
,আইসে,O
Sentence: 3027,আর,O
,লই,O
,দেহা,O
Sentence: 3028,লাল,B-COL
,রঙের,I-COL
,শাড়ি,B-OBJ
,ফরি,O
,আর,O
,লই,O
,দেহা,O
Sentence: 3029,মা,O
,ওইদিন,O
,ঠিক,O
,হতাই,O
,হইলো,O
Sentence: 3030,মা,B-REL
,ঠিক,O
,হতাই,O
,হইলো,O
Sentence: 3031,ঠিক,O
,হতাই,O
,হইলো,O
Sentence: 3032,আমি,O
,এন্ডে,O
,যাইয়ুম,O
Sentence: 3033,ইক্কে,O
,নযাইয়ুম,O
Sentence: 3034,ইক্কে,O
,যাইয়ুম,O
Sentence: 3035,আই,O
,আরি,O
,গিয়ি,O
Sentence: 3036,আরি,O
,গিয়ি,O
Sentence: 3037,আরা,O
,হারি,O
,গিয়ি,O
Sentence: 3038,হারি,O
,গিয়ি,O
Sentence: 3039,আরা,O
,গিয়ি,O
Sentence: 3040,আম,B-FOOD
,ইবা,O
,হন,O
,হাইয়ে,O
Sentence: 3041,ইবা,O
,হন,O
,হাইয়ে,O
Sentence: 3042,আম,B-FOOD
,হাইয়ে,O
Sentence: 3043,আই,O
,আছি,O
Sentence: 3044,আরে,O
,বিশ্বাস,O
,গোরো,O
Sentence: 3045,বিশ্বাস,O
,গোরো,O
Sentence: 3046,শুক্রবার,O
,আরা,O
,গিয়ি,O
Sentence: 3047,শুক্রবার,O
,মা,O
,ওইদিন,O
,ঠিক,O
,হতাই,O
,হইলো,O
Sentence: 3048,আর,O
,গাড়িয়ান,B-OBJ
,গতো,O
,হালিয়া,O
,চুরি,O
,ওইয়ে,O
Sentence: 3049,আর,O
,ঘরত,O
,গতো,O
,হালিয়া,O
,রাইত,O
,ওত,O
,চুরি,O
,ওইয়ে,O
Sentence: 3050,ঘরত,O
,গতো,O
,হালিয়া,O
,রাইত,O
,ওত,O
,চুরি,O
,ওইয়ে,O
Sentence: 3051,গতো,O
,হালিয়া,O
,রাইত,O
,ওত,O
,চুরি,O
,ওইয়ে,O
Sentence: 3052,আর,O
,গাড়ির,B-OBJ
,রঙ,B-COL
,লাল,I-COL
Sentence: 3053,গাড়ির,B-OBJ
,রঙ,B-COL
,লাল,I-COL
Sentence: 3054,সহজ,O
,ভাষাত,O
,হতা,O
,হউয়া,O
,উচিৎ,O
Sentence: 3055,আই,O
,অনর,O
,ফয়ারে,O
,আছি,O
Sentence: 3056,অনর,O
,ফয়ারে,O
,আছি,O
Sentence: 3057,ফয়ারে,O
,আছি,O
Sentence: 3058,আর,O
,আব্বু,O
,বিদেশ,B-LOC
,তাকে,O
Sentence: 3059,আব্বু,O
,বিদেশ,B-LOC
,তাকে,O
Sentence: 3060,বিদেশ,B-LOC
,তাকে,O
Sentence: 3061,আর,O
,বড়,B-REL
,বইন,I-REL
,আরে,O
,বহুত,O
,ভালোবাসে,O
Sentence: 3062,বড়,B-REL
,বইন,I-REL
,আরে,O
,বহুত,O
,ভালোবাসে,O
Sentence: 3063,বইন,B-REL
,আরে,O
,বহুত,O
,ভালোবাসে,O
Sentence: 3064,আরে,O
,বহুত,O
,ভালোবাসে,O
Sentence: 3065,আর,O
,বইন,B-REL
,আরে,O
,বহুত,O
,ভালোবাসে,O
Sentence: 3066,আর,O
,বড়,B-REL
,বইঙ্কে,I-REL
,আই,O
,বহুত,O
,ভালোবাসি,O
Sentence: 3067,বড়,B-REL
,বইঙ্কে,I-REL
,আই,O
,বহুত,O
,ভালোবাসি,O
Sentence: 3068,বইঙ্কে,B-REL
,আই,O
,বহুত,O
,ভালোবাসি,O
Sentence: 3069,অনর,O
,বড়,B-REL
,বইনের,I-REL
,কি,O
,বিয়া,O
,ওই,O
,গেইয়ু,O
,নি,O
Sentence: 3070,বড়,B-REL
,বইনের,I-REL
,কি,O
,বিয়া,O
,ওই,O
,গেইয়ু,O
,নি,O
Sentence: 3071,বইনের,B-REL
,কি,O
,বিয়া,O
,ওই,O
,গেইয়ু,O
,নি,O
Sentence: 3072,কি,O
,বিয়া,O
,ওই,O
,গেইয়ু,O
,নি,O
Sentence: 3073,অনর,O
,বইনের,B-REL
,কি,O
,বিয়া,O
,ওই,O
,গেইয়ু,O
,নি,O
Sentence: 3074,অনর,O
,কি,O
,বিয়া,O
,ওই,O
,গেইয়ু,O
,নি,O
Sentence: 3075,তোর,O
,বড়,B-REL
,বাইয়ের,I-REL
,নাম,O
,কি,O
Sentence: 3076,বড়,B-REL
,বাইয়ের,I-REL
,নাম,O
,কি,O
Sentence: 3077,বাইয়ের,B-REL
,নাম,O
,কি,O
Sentence: 3078,বিদেশত,B-LOC
,ঘুইরতো,O
,যাওয়া,O
,আর,O
,স্বপ্ন,O
Sentence: 3079,ঘুইরতো,O
,যাওয়া,O
,আর,O
,স্বপ্ন,O
Sentence: 3080,আর,O
,স্বপ্ন,O
Sentence: 3081,আই,O
,হন,O
,ওত্তে,O
,তোয়ারে,O
,ন,O
,ভুইল্লম,O
Sentence: 3082,হন,O
,ওত্তে,O
,তোয়ারে,O
,ন,O
,ভুইল্লম,O
Sentence: 3083,তোয়ারে,O
,ন,O
,ভুইল্লম,O
Sentence: 3084,ন,O
,ভুইল্লম,O
Sentence: 3085,তুই,O
,আর,O
,জীবনের,O
,আলো,O
Sentence: 3086,আর,O
,জীবনের,O
,আলো,O
Sentence: 3087,জীবনের,O
,আলো,O
Sentence: 3088,আরে,O
,এদে,O
,লই,O
,জ,O
Sentence: 3089,এদে,O
,লই,O
,জ,O
Sentence: 3090,বউদ্দিন,O
,আগে,O
,এক,O
,গেরামত,O
,এক,O
,টুফিওয়ালা,B-ROLE
,আছিলো,O
Sentence: 3091,এক,O
,গেরামত,O
,এক,O
,টুফিওয়ালা,B-ROLE
,আছিলো,O
Sentence: 3092,এক,O
,টুফিওয়ালা,B-ROLE
,আছিলো,O
Sentence: 3093,টুফিওয়ালা,B-ROLE
,আছিলো,O
Sentence: 3094,এত্তে,O
,দাহদ্দি,O
,ওগগা,O
,ইয়াল,O
,যার,O
Sentence: 3095,তুয়ারে,O
,দেহি,O
Sentence: 3096,দোর,O
,ওই,O
,তিয়ায়,O
,আছিলাম,O
Sentence: 3097,তিয়ায়,O
,আছিলাম,O
Sentence: 3098,আব্বু,B-REL
,আর,O
,লাই,O
,লাল,B-COL
,জামা,B-OBJ
,কিনি,O
,আইন্ন্যে,O
Sentence: 3099,আর,O
,লাই,O
,লাল,B-COL
,জামা,B-OBJ
,কিনি,O
,আইন্ন্যে,O
Sentence: 3100,লাল,B-COL
,জামা,B-OBJ
,কিনি,O
,আইন্ন্যে,O
Sentence: 3101,জামা,B-OBJ
,কিনি,O
,আইন্ন্যে,O
Sentence: 3102,কিনি,O
,আইন্ন্যে,O
Sentence: 3103,আব্বু,B-REL
,লাল,B-COL
,জামা,B-OBJ
,কিনি,O
,আইন্ন্যে,O
Sentence: 3104,আব্বু,B-REL
,জামা,B-OBJ
,কিনি,O
,আইন্ন্যে,O
Sentence: 3105,আব্বু,B-REL
,কিনি,O
,আইন্ন্যে,O
Sentence: 3106,আব্বু,B-REL
,আর,O
,লাই,O
,সবুজ,B-COL
,জামা,B-OBJ
,কিনি,O
,আইন্ন্যে,O
Sentence: 3107,আব্বু,B-REL
,আর,O
,লাই,O
,কালো,B-COL
,জামা,B-OBJ
,কিনি,O
,আইন্ন্যে,O
Sentence: 3108,আব্বু,B-REL
,আর,O
,লাই,O
,সাদা,B-COL
,জামা,B-OBJ
,কিনি,O
,আইন্ন্যে,O
Sentence: 3109,আব্বু,B-REL
,আর,O
,লাই,O
,নীল,B-COL
,জামা,B-OBJ
,কিনি,O
,আইন্ন্যে,O
Sentence: 3110,চুললিন,O
,বহুত,O
,লম্বা,O
Sentence: 3111,বহুত,O
,লম্বা,O
Sentence: 3112,ইবারে,O
,হাজল,B-OBJ
,দিলে,O
,বহুত,O
,ভালা,O
,লাগে,O
Sentence: 3113,হাজল,B-OBJ
,দিলে,O
,বহুত,O
,ভালা,O
,লাগে,O
Sentence: 3114,বহুত,O
,ভালা,O
,লাগে,O
Sentence: 3115,তুই,O
,এদে,O
,থাকিলে,O
,আই,O
,খুশি,O
Sentence: 3116,এদে,O
,থাকিলে,O
,আই,O
,খুশি,O
Sentence: 3117,থাকিলে,O
,আই,O
,খুশি,O
Sentence: 3118,আই,O
,খুশি,O
Sentence: 3119,আর,O
,লাল,B-COL
,রঙ,I-COL
,ওর,O
,গাড়িয়ান,B-OBJ
,গতো,O
,হালিয়া,O
,চুরি,O
,ওইয়ে,O
Sentence: 3120,লাল,B-COL
,রঙ,I-COL
,ওর,O
,গাড়িয়ান,B-OBJ
,গতো,O
,হালিয়া,O
,চুরি,O
,ওইয়ে,O
Sentence: 3121,গাড়িয়ান,B-OBJ
,গতো,O
,হালিয়া,O
,চুরি,O
,ওইয়ে,O
Sentence: 3122,গতো,O
,হালিয়া,O
,চুরি,O
,ওইয়ে,O
Sentence: 3123,চুরি,O
,ওইয়ে,O
Sentence: 3124,শুক্রবার,O
,আই,O
,আরি,O
,গিয়ি,O
Sentence: 3125,ইতে,O
,আরে,O
,অফমান,O
,গরিয়ে,O
Sentence: 3126,আরে,O
,অফমান,O
,গরিয়ে,O
Sentence: 3127,অফমান,O
,গরিয়ে,O
Sentence: 3128,ইতে,O
,অফমান,O
,গরিয়ে,O
Sentence: 3129,তুই,O
,কি,O
,আরে,O
,চিনো,O
,নি,O
Sentence: 3130,শুক্রবার,O
,মা,B-REL
,ঠিক,O
,হতাই,O
,হইলো,O
Sentence: 3131,শুক্রবার,O
,আমি,O
,এন্ডে,O
,যাইয়ুম,O
Sentence: 3132,শুক্রবার,O
,ইক্কে,O
,নযাইয়ুম,O
Sentence: 3133,শুক্রবার,O
,ইক্কে,O
,যাইয়ুম,O
Sentence: 3134,তুই,O
,আরে,O
,চিনো,O
,নি,O
Sentence: 3135,আরে,O
,চিনো,O
,নি,O
Sentence: 3136,আই,O
,আজিয়া,O
,বিয়াইন্না,O
,ফুটবল,B-OBJ
,খেলা,O
,আইহি,O
Sentence: 3137,আজিয়া,O
,বিয়াইন্না,O
,ফুটবল,B-OBJ
,খেলা,O
,আইহি,O
Sentence: 3138,বিয়াইন্না,O
,ফুটবল,B-OBJ
,খেলা,O
,আইহি,O
Sentence: 3139,আই,O
,বিয়াইন্না,O
,ফুটবল,B-OBJ
,খেলা,O
,আইহি,O
Sentence: 3140,আই,O
,ফুটবল,B-OBJ
,খেলা,O
,আইহি,O
Sentence: 3141,আই,O
,তুয়ার,O
,মনের,O
,হতা,O
,ন,O
,বুঝি,O
Sentence: 3142,তুয়ার,O
,মনের,O
,হতা,O
,ন,O
,বুঝি,O
Sentence: 3143,মনের,O
,হতা,O
,ন,O
,বুঝি,O
Sentence: 3144,আই,O
,মনের,O
,হতা,O
,ন,O
,বুঝি,O
Sentence: 3145,আই,O
,হতা,O
,ন,O
,বুঝি,O
Sentence: 3146,আই,O
,ন,O
,বুঝি,O
Sentence: 3147,তুয়ার,O
,লাই,O
,আর,O
,খুব,O
,কষ্ট,O
,অয়,O
Sentence: 3148,আর,O
,খুব,O
,কষ্ট,O
,অয়,O
Sentence: 3149,আরার,O
,স্বপ্ন,O
,বহুত,O
,দূর,O
Sentence: 3150,আই,O
,ওগগা,O
,ফুয়া,O
Sentence: 3151,আই,O
,ওগগা,O
,মাইফুয়া,O
Sentence: 3152,অনর,O
,লাই,O
,ফরিচয়,O
,ওই,O
,বহুত,O
,বালা,O
,লাইগগে,O
Sentence: 3153,ফরিচয়,O
,ওই,O
,বহুত,O
,বালা,O
,লাইগগে,O
Sentence: 3154,বালা,O
,লাইগগে,O
Sentence: 3155,বহুত,O
,দিন,O
,ফর,O
,অন,O
,রে,O
,দেহি,O
Sentence: 3156,বহুত,O
,দিন,O
,ফর,O
Sentence: 3157,অন,O
,রে,O
,দেহি,O
Sentence: 3158,ফাস্টে,O
,অনত,O
,তুন,O
,এক্কান,O
,দোয়ান,O
,ওত,O
,যা,O
,ফরিবো,O
Sentence: 3159,অনত,O
,তুন,O
,এক্কান,O
,দোয়ান,O
,ওত,O
,যা,O
,ফরিবো,O
Sentence: 3160,এক্কান,O
,দোয়ান,O
,ওত,O
,যা,O
,ফরিবো,O
Sentence: 3161,দোয়ান,O
,ওত,O
,যা,O
,ফরিবো,O
Sentence: 3162,ওত,O
,যা,O
,ফরিবো,O
Sentence: 3163,ফাস্টে,O
,এক্কান,O
,দোয়ান,O
,ওত,O
,যা,O
,ফরিবো,O
Sentence: 3164,ফাস্টে,O
,দোয়ান,O
,ওত,O
,যা,O
,ফরিবো,O
Sentence: 3165,বহুত,O
,দিন,O
,ফর,O
,তুয়ারে,O
,দেহিলাম,O
Sentence: 3166,বহুত,O
,দিন,O
,ফর,O
Sentence: 3167,তুয়ারে,O
,দেহিলাম,O
Sentence: 3168,তুয়ারে,O
,দেহি,O
,দোর,O
,ওই,O
,তিয়ায়,O
,আছিলাম,O
Sentence: 3169,তুয়ারে,O
,দেহি,O
Sentence: 3170,দোর,O
,ওই,O
,তিয়ায়,O
,আছিলাম,O
Sentence: 3171,তিয়ায়,O
,আছিলাম,O
Sentence: 3172,আব্বু,B-REL
,আর,O
,লাই,O
,লাল,B-COL
,জামা,B-OBJ
,কিনি,O
,আইন্ন্যে,O
Sentence: 3173,আর,O
,লাই,O
,লাল,B-COL
,জামা,B-OBJ
,কিনি,O
,আইন্ন্যে,O
Sentence: 3174,লাল,B-COL
,জামা,B-OBJ
,কিনি,O
,আইন্ন্যে,O
Sentence: 3175,জামা,B-OBJ
,কিনি,O
,আইন্ন্যে,O
Sentence: 3176,কিনি,O
,আইন্ন্যে,O
Sentence: 3177,আব্বু,B-REL
,লাল,B-COL
,জামা,B-OBJ
,কিনি,O
,আইন্ন্যে,O
Sentence: 3178,আব্বু,B-REL
,জামা,B-OBJ
,কিনি,O
,আইন্ন্যে,O
Sentence: 3179,আব্বু,B-REL
,কিনি,O
,আইন্ন্যে,O
Sentence: 3180,আব্বু,B-REL
,আর,O
,লাই,O
,সবুজ,B-COL
,জামা,B-OBJ
,কিনি,O
,আইন্ন্যে,O
Sentence: 3181,আব্বু,B-REL
,আর,O
,লাই,O
,কালো,B-COL
,জামা,B-OBJ
,কিনি,O
,আইন্ন্যে,O
Sentence: 3182,আব্বু,B-REL
,আর,O
,লাই,O
,সাদা,B-COL
,জামা,B-OBJ
,কিনি,O
,আইন্ন্যে,O
Sentence: 3183,আব্বু,B-REL
,আর,O
,লাই,O
,নীল,B-COL
,জামা,B-OBJ
,কিনি,O
,আইন্ন্যে,O
Sentence: 3184,আব্বু,B-REL
,আর,O
,লাই,O
,বেগুনি,B-COL
,জামা,B-OBJ
,কিনি,O
,আইন্ন্যে,O
Sentence: 3185,আব্বু,B-REL
,আর,O
,লাই,O
,গোলাপি,B-COL
,জামা,B-OBJ
,কিনি,O
,আইন্ন্যে,O
Sentence: 3186,আব্বু,B-REL
,আর,O
,লাই,O
,আকাশী,B-COL
,জামা,B-OBJ
,কিনি,O
,আইন্ন্যে,O
Sentence: 3187,আব্বু,B-REL
,আর,O
,লাই,O
,মেরুন,B-COL
,জামা,B-OBJ
,কিনি,O
,আইন্ন্যে,O
Sentence: 3188,আব্বু,B-REL
,আর,O
,লাই,O
,কমলা,B-COL
,জামা,B-OBJ
,কিনি,O
,আইন্ন্যে,O
Sentence: 3189,আব্বু,B-REL
,আর,O
,লাই,O
,খয়েরি,B-COL
,জামা,B-OBJ
,কিনি,O
,আইন্ন্যে,O
Sentence: 3190,আর,O
,বন্ধু,B-REL
,আরে,O
,এক্কান,O
,লাল,B-COL
,শাড়ি,B-OBJ
,কিনি,O
,দিয়িএ,O
Sentence: 3191,বন্ধু,B-REL
,আরে,O
,এক্কান,O
,লাল,B-COL
,শাড়ি,B-OBJ
,কিনি,O
,দিয়িএ,O
Sentence: 3192,আরে,O
,এক্কান,O
,লাল,B-COL
,শাড়ি,B-OBJ
,কিনি,O
,দিয়িএ,O
Sentence: 3193,লাল,B-COL
,শাড়ি,B-OBJ
,কিনি,O
,দিয়িএ,O
Sentence: 3194,শাড়ি,B-OBJ
,কিনি,O
,দিয়িএ,O
Sentence: 3195,কিনি,O
,দিয়িএ,O
Sentence: 3196,আর,O
,বন্ধু,B-REL
,আরে,O
,ওগগা,O
,লাল,B-COL
,গোলাপ,B-OBJ
,কিনি,O
,দিয়িএ,O
Sentence: 3197,বন্ধু,B-REL
,আরে,O
,ওগগা,O
,লাল,B-COL
,গোলাপ,B-OBJ
,কিনি,O
,দিয়িএ,O
Sentence: 3198,আরে,O
,ওগগা,O
,লাল,B-COL
,গোলাপ,B-OBJ
,কিনি,O
,দিয়িএ,O
Sentence: 3199,ওগগা,O
,লাল,B-COL
,গোলাপ,B-OBJ
,কিনি,O
,দিয়িএ,O
Sentence: 3200,লাল,B-COL
,গোলাপ,B-OBJ
,কিনি,O
,দিয়িএ,O
Sentence: 3201,গোলাপ,B-OBJ
,কিনি,O
,দিয়িএ,O
Sentence: 3202,আরা,O
,জীবনত,O
,ন,O
,বুইল্লাম,O
Sentence: 3203,জীবনত,O
,ন,O
,বুইল্লাম,O
Sentence: 3204,ন,O
,বুইল্লাম,O
Sentence: 3205,আরা,O
,ন,O
,বুইল্লাম,O
Sentence: 3206,আরা,O
,ন,O
,বুইল্লাম,O
Sentence: 3207,আরা,O
,ন,O
,বুইল্লাম,O
Sentence: 3208,এই,O
,গুড়া,O
,ফোয়া,O
,ওগগা,O
,বল,B-OBJ
,লই,O
,খেলা,O
,হার,O
Sentence: 3209,ফোয়া,O
,ওগগা,O
,বল,B-OBJ
,লই,O
,খেলা,O
,হার,O
Sentence: 3210,ওগগা,O
,বল,B-OBJ
,লই,O
,খেলা,O
,হার,O
Sentence: 3211,বল,B-OBJ
,লই,O
,খেলা,O
,হার,O
Sentence: 3212,এই,O
,গুড়া,O
,ফোয়া,O
,বল,B-OBJ
,লই,O
,খেলা,O
,হার,O
Sentence: 3213,গুড়া,O
,ফোয়া,O
,বল,B-OBJ
,লই,O
,খেলা,O
,হার,O
Sentence: 3214,মানুষইবা,O
,ফোনত,B-OBJ
,হতা,O
,হয়,O
Sentence: 3215,ফোনত,B-OBJ
,হতা,O
,হয়,O
Sentence: 3216,হতা,O
,হয়,O
Sentence: 3217,তুয়ার,O
,ফছন্দের,O
,বেশ,O
,কিছু,O
,বই,B-OBJ
,কিন্নি,O
Sentence: 3218,ফছন্দের,O
,বেশ,O
,কিছু,O
,বই,B-OBJ
,কিন্নি,O
Sentence: 3219,বেশ,O
,কিছু,O
,বই,B-OBJ
,কিন্নি,O
Sentence: 3220,কিছু,O
,বই,B-OBJ
,কিন্নি,O
Sentence: 3221,বই,B-OBJ
,কিন্নি,O
Sentence: 3222,তুয়ার,O
,ফছন্দের,O
,কিছু,O
,বই,B-OBJ
,কিন্নি,O
Sentence: 3223,তুয়ার,O
,ফছন্দের,O
,বই,B-OBJ
,কিন্নি,O
Sentence: 3224,অনে,O
,নিজর,O
,ফরিবার,O
,লই,O
,বয়্যুন,O
Sentence: 3225,নিজর,O
,ফরিবার,O
,লই,O
,বয়্যুন,O
Sentence: 3226,ফরিবার,O
,লই,O
,বয়্যুন,O
Sentence: 3227,লই,O
,বয়্যুন,O
Sentence: 3228,অনে,O
,ফরিবার,O
,লই,O
,বয়্যুন,O
Sentence: 3229,অনে,O
,লই,O
,বয়্যুন,O
Sentence: 3230,আরে,O
,এককানা,O
,সাহায্য,O
,গরিবান,O
Sentence: 3231,এককানা,O
,সাহায্য,O
,গরিবান,O
Sentence: 3232,সাহায্য,O
,গরিবান,O
Sentence: 3233,আরে,O
,সাহায্য,O
,গরিবান,O
Sentence: 3234,তুই,O
,আর,O
,লগে,O
,আর,O
,হতা,O
,ন,O
,হইবা,O
Sentence: 3235,আর,O
,লগে,O
,আর,O
,হতা,O
,ন,O
,হইবা,O
Sentence: 3236,আর,O
,হতা,O
,ন,O
,হইবা,O
Sentence: 3237,হতা,O
,ন,O
,হইবা,O
Sentence: 3238,তুই,O
,আর,O
,হতা,O
,ন,O
,হইবা,O
Sentence: 3239,তুই,O
,হতা,O
,ন,O
,হইবা,O
Sentence: 3240,তুই,O
,হতা,O
,ন,O
,হইবা,O
Sentence: 3241,তুই,O
,ন,O
,হইবা,O
Sentence: 3242,একখন,O
,কালার,B-COL
,ছবি,O
,তুলা,O
,ফরিবো,O
,আরার,O
,বেকগুনের,O
Sentence: 3243,কালার,B-COL
,ছবি,O
,তুলা,O
,ফরিবো,O
,আরার,O
,বেকগুনের,O
Sentence: 3244,একখন,O
,কালার,B-COL
,ছবি,O
,তুলা,O
,ফরিবো,O
Sentence: 3245,একখন,O
,কালার,B-COL
,ছবি,O
,তুলা,O
,ফরিবো,O
Sentence: 3246,ছবি,O
,তুলা,O
,ফরিবো,O
Sentence: 3247,তুলা,O
,ফরিবো,O
Sentence: 3248,একখন,O
,কালার,B-COL
,ছবি,O
,তুলা,O
,ফরিবো,O
,আরার,O
Sentence: 3249,কালার,B-COL
,ছবি,O
,তুলা,O
,ফরিবো,O
,আরার,O
Sentence: 3250,ছবি,O
,তুলা,O
,ফরিবো,O
,আরার,O
Sentence: 3251,এতুলা,O
,ফরিবো,O
,আরার,O
Sentence: 3252,আর,O
,হদিন,O
,ছুটি,O
,হাডাইয়ুম,O
Sentence: 3253,হদিন,O
,ছুটি,O
,হাডাইয়ুম,O
Sentence: 3254,ছুটি,O
,হাডাইয়ুম,O
Sentence: 3255,অনে,O
,বাঁচি,O
,আছন,O
,নি,O
Sentence: 3256,বাঁচি,O
,আছন,O
,নি,O
Sentence: 3257,অনে,O
,আছন,O
,নি,O
Sentence: 3258,দেহা,O
,গরা,O
,যাইবো,O
Sentence: 3259,গরা,O
,যাইবো,O
Sentence: 3260,দেহা,O
,যাইবো,O
Sentence: 3261,আই,O
,আর,O
,ফরিবারোর,O
,হতা,O
,হইত,O
,চাই,O
Sentence: 3262,আর,O
,ফরিবারোর,O
,হতা,O
,হইত,O
,চাই,O
Sentence: 3263,ফরিবারোর,O
,হতা,O
,হইত,O
,চাই,O
Sentence: 3264,হতা,O
,হইত,O
,চাই,O
Sentence: 3265,আই,O
,ফরিবারোর,O
,হতা,O
,হইত,O
,চাই,O
Sentence: 3266,আর,O
,ফরিবারে,O
,আই,O
,মা,B-REL
,বাবা,B-REL
,আর,O
,অগগা,O
,গুরা,B-REL
,বইন,I-REL
Sentence: 3267,আর,O
,ফরিবারে,O
,আই,O
,মা,B-REL
,বাবা,B-REL
Sentence: 3268,আর,O
,ফরিবারে,O
,আই,O
Sentence: 3269,আর,O
,ফরিবারে,O
,আই,O
,মা,B-REL
,বাবা,B-REL
,আর,O
,গুরা,B-REL
,বইন,I-REL
Sentence: 3270,আর,O
,ফরিবারে,O
,আই,O
,মা,B-REL
,বাবা,B-REL
,আর,O
,বইন,B-REL
Sentence: 3271,অগগা,O
,গুরা,B-REL
,বইন,I-REL
Sentence: 3272,আরার,O
,বেকগুন,O
,একসময়,O
,এক্কফোয়ারে,O
,আছি,O
Sentence: 3273,বেকগুন,O
,একসময়,O
,এক্কফোয়ারে,O
,আছি,O
Sentence: 3274,একসময়,O
,এক্কফোয়ারে,O
,আছি,O
Sentence: 3275,এক্কফোয়ারে,O
,আছি,O
Sentence: 3276,আরার,O
,বেকগুন,O
,এক্কফোয়ারে,O
,আছি,O
Sentence: 3277,আর,O
,এককান,O
,হতাও,O
,ন,O
,হইবা,O
Sentence: 3278,এককান,O
,হতাও,O
,ন,O
,হইবা,O
Sentence: 3279,হতাও,O
,ন,O
,হইবা,O
Sentence: 3280,ন,O
,হইবা,O
Sentence: 3281,এককান,O
,হতাও,O
,ন,O
,হইবা,O
Sentence: 3282,অনরা,O
,যারা,O
,আরে,O
,এইযো,O
,ন,O
,চিনন,O
Sentence: 3283,যারা,O
,আরে,O
,এইযো,O
,ন,O
,চিনন,O
Sentence: 3284,আরে,O
,এইযো,O
,ন,O
,চিনন,O
Sentence: 3285,এইযো,O
,ন,O
,চিনন,O
Sentence: 3286,ন,O
,চিনন,O
Sentence: 3287,অনরা,O
,আরে,O
,এইযো,O
,ন,O
,চিনন,O
Sentence: 3288,অনরা,O
,এইযো,O
,ন,O
,চিনন,O
Sentence: 3289,অনরা,O
,ন,O
,চিনন,O
Sentence: 3290,চিছানাত,B-OBJ
,লুডি,O
,টিভি,B-OBJ
,দেইক্কিলাম,O
Sentence: 3291,লুডি,O
,টিভি,B-OBJ
,দেইক্কিলাম,O
Sentence: 3292,টিভি,O
,দেইক্কিলাম,O
Sentence: 3293,চিছানাত,B-OBJ
,টিভি,B-OBJ
,দেইক্কিলাম,O
Sentence: 3294,আহো,O
,গুন্ডি,B-OBJ
,উড়াই,O
Sentence: 3295,গুন্ডি,B-OBJ
,উড়াই,O
Sentence: 3296,আহো,O
,উড়াই,O
Sentence: 3297,আই,O
,গুড়া,O
,তাকিতে,O
,বহুত,O
,মেধাবী,O
,আছিলাম,O
Sentence: 3298,গুড়া,O
,তাকিতে,O
,বহুত,O
,মেধাবী,O
,আছিলাম,O
Sentence: 3299,বহুত,O
,মেধাবী,O
,আছিলাম,O
Sentence: 3300,মেধাবী,O
,আছিলাম,O
Sentence: 3301,আই,O
,বহুত,O
,মেধাবী,O
,আছিলাম,O
Sentence: 3302,আই,O
,মেধাবী,O
,আছিলাম,O
Sentence: 3303,আর,O
,নৌকাত,B-OBJ
,ঘুড়িত,O
,বহুত,O
,বালা,O
,লাগে,O
Sentence: 3304,নৌকাত,B-OBJ
,ঘুড়িত,O
,বহুত,O
,বালা,O
,লাগে,O
Sentence: 3305,ঘুড়িত,O
,বহুত,O
,বালা,O
,লাগে,O
Sentence: 3306,বহুত,O
,বালা,O
,লাগে,O
Sentence: 3307,বালা,O
,লাগে,O
Sentence: 3308,আর,O
,ঘুড়িত,O
,বহুত,O
,বালা,O
,লাগে,O
Sentence: 3309,আর,O
,বহুত,O
,বালা,O
,লাগে,O
Sentence: 3310,আর,O
,বালা,O
,লাগে,O
Sentence: 3311,জাইল্যা,B-ROLE
,অকল,O
,মাছ,B-ANI
,ধরে,O
Sentence: 3312,অকল,O
,মাছ,B-ANI
,ধরে,O
Sentence: 3313,জাইল্যা,B-ROLE
,মাছ,B-ANI
,ধরে,O
Sentence: 3314,আই,O
,আম,O
,হাইয়ুম,O
Sentence: 3315,আম,O
,হাইয়ুম,O
Sentence: 3316,আই,O
,হাইয়ুম,O
Sentence: 3317,আম,B-FOOD
,আর,O
,ফ্রিয়,O
,ফল,B-FOOD
Sentence: 3318,আর,O
,ফ্রিয়,O
,ফল,B-FOOD
Sentence: 3319,ফ্রিয়,O
,ফল,B-FOOD
Sentence: 3320,আম,B-FOOD
,ফ্রিয়,O
,ফল,B-FOOD
Sentence: 3321,আজিয়া,O
,তুয়ার,O
,ভাইর,B-REL
,দেইকখি,O
Sentence: 3322,তুয়ার,O
,ভাইর,B-REL
,দেইকখি,O
Sentence: 3323,ভাইর,B-REL
,দেইকখি,O
Sentence: 3324,আজিয়া,O
,ভাইর,B-REL
,দেইকখি,O
Sentence: 3325,তুয়ার,O
,গানর,O
,গলা,O
,বহুত,O
,বালা,O
Sentence: 3326,গানর,O
,গলা,O
,বহুত,O
,বালা,O
Sentence: 3327,গলা,O
,বহুত,O
,বালা,O
Sentence: 3328,বহুত,O
,বালা,O
Sentence: 3329,তুয়ার,O
,গলা,O
,বহুত,O
,বালা,O
Sentence: 3330,আই,O
,তুয়ার,O
,হাসির,O
,ফ্রেমত,O
,ফরিগি,O
Sentence: 3331,তুয়ার,O
,ফরিবারত,O
,হোন,O
,হোন,O
,আছে,O
Sentence: 3332,ফরিবারত,O
,হোন,O
,হোন,O
,আছে,O
Sentence: 3333,হোন,O
,হোন,O
,আছে,O
Sentence: 3334,হোন,O
,আছে,O
Sentence: 3335,ক্রিকেট,O
,খেলা,O
,তুয়ারতুন,O
,কেন,O
,লাগে,O
Sentence: 3336,খেলা,O
,তুয়ারতুন,O
,কেন,O
,লাগে,O
Sentence: 3337,তুয়ারতুন,O
,কেন,O
,লাগে,O
Sentence: 3338,ক্কেন,O
,লাগে,O
Sentence: 3339,ক্রিকেট,O
,তুয়ারতুন,O
,কেন,O
,লাগে,O
Sentence: 3340,ক্রিকেট,O
,কেন,O
,লাগে,O
Sentence: 3341,আর,O
,এফফোডাও,O
,গম,O
,ন,O
,লাই,O
Sentence: 3342,আর,O
,বহুত,O
,বালা,O
,লাগে,O
Sentence: 3343,তুয়ার,O
,আব্বা,B-REL
,কি,O
,গরে,O
Sentence: 3344,আব্বা,B-REL
,কি,O
,গরে,O
Sentence: 3345,কি,O
,গরে,O
Sentence: 3346,তুয়ার,O
,বাই,B-REL
,চকরি,O
,হদে,O
,গরে,O
Sentence: 3347,বাই,B-REL
,চকরি,O
,হদে,O
,গরে,O
Sentence: 3348,চকরি,O
,হদে,O
,গরে,O
Sentence: 3349,হদে,O
,গরে,O
Sentence: 3350,আই,O
,কুড়ার,B-FOOD
,গোস্ত,I-FOOD
,বেশ,O
,পছন্দ,O
,গরি,O
Sentence: 3351,কুড়ার,B-FOOD
,গোস্ত,I-FOOD
,বেশ,O
,পছন্দ,O
,গরি,O
Sentence: 3352,গোস্ত,B-FOOD
,বেশ,O
,পছন্দ,O
,গরি,O
Sentence: 3353,বেশ,O
,পছন্দ,O
,গরি,O
Sentence: 3354,পছন্দ,O
,গরি,O
Sentence: 3355,আই,O
,গোস্ত,B-FOOD
,বেশ,O
,পছন্দ,O
,গরি,O
Sentence: 3356,তুই,O
,কি,O
,হাইতো,O
,পছন্দ,O
,গরো,O
Sentence: 3357,কি,O
,হাইতো,O
,পছন্দ,O
,গরো,O
Sentence: 3358,হাইতো,O
,পছন্দ,O
,গরো,O
Sentence: 3359,আই,O
,ইচা,B-FOOD
,মাছ,I-FOOD
,হাইতো,O
,পছন্দ,O
,গরি,O
Sentence: 3360,ইচা,B-FOOD
,মাছ,I-FOOD
,হাইতো,O
,পছন্দ,O
,গরি,O
Sentence: 3361,মাছ,B-FOOD
,হাইতো,O
,পছন্দ,O
,গরি,O
Sentence: 3362,হাইতো,O
,পছন্দ,O
,গরি,O
Sentence: 3363,কি,O
,গরন,O
,যে,O
,অনে,O
,এহন,O
Sentence: 3364,কি,O
,গরন,O
,যে,O
,অনে,O
Sentence: 3365,কি,O
,গরন,O
,যে,O
,এহন,O
Sentence: 3366,আই,O
,এগগা,O
,বই,B-OBJ
,ফরি,O
Sentence: 3367,এগগা,O
,বই,B-OBJ
,ফরি,O
Sentence: 3368,বই,B-OBJ
,ফরি,O
Sentence: 3369,আই,O
,বই,B-OBJ
,ফরি,O
Sentence: 3370,আনে,O
,কি,O
,অন্যান্য,O
,বই,B-OBJ
,ফরন,O
,নে,O
Sentence: 3371,অন্যান্য,O
,বই,B-OBJ
,ফরন,O
,নে,O
Sentence: 3372,বই,B-OBJ
,ফরন,O
,নে,O
Sentence: 3373,তুই,O
,কি,O
,সরকারি,B-ROLE
,চকরি,I-ROLE
,গরর,O
,দে,O
,নে,O
Sentence: 3374,সরকারি,B-ROLE
,চকরি,I-ROLE
,গরর,O
,দে,O
,নে,O
Sentence: 3375,চকরি,O
,গরর,O
,দে,O
,নে,O
Sentence: 3376,তুই,O
,সরকারি,B-ROLE
,চকরি,I-ROLE
,গরর,O
,দে,O
,নে,O
Sentence: 3377,তুই,O
,চকরি,O
,গরর,O
,দে,O
,নে,O
Sentence: 3378,আই,O
,একজন,O
,সরকারি,B-ROLE
,কর্মকর্তা,I-ROLE
Sentence: 3379,আই,O
,সরকারি,B-ROLE
,কর্মকর্তা,I-ROLE
Sentence: 3380,তুই,O
,কি,O
,চকরি,O
,গরর,O
,দে,O
,নে,O
Sentence: 3381,কি,O
,চকরি,O
,গরর,O
,দে,O
,নে,O
Sentence: 3382,আই,O
,ক্যা,O
,এগা,O
,যা,O
,হষ্ট,O
,ফাই,O
Sentence: 3383,ক্যা,O
,এগা,O
,যা,O
,হষ্ট,O
,ফাই,O
Sentence: 3384,এগা,O
,যা,O
,হষ্ট,O
,ফাই,O
Sentence: 3385,হষ্ট,O
,ফাই,O
Sentence: 3386,আর,O
,বালোবাসায়,O
,হম,O
,কি,O
,আছিলো,O
Sentence: 3387,বালোবাসায়,O
,হম,O
,কি,O
,আছিলো,O
Sentence: 3388,হম,O
,কি,O
,আছিলো,O
Sentence: 3389,ইতারা,O
,তিন,O
,বাই,O
,আছিলো,O
,কিন্তু,O
,তারার,O
,মাঝে,O
,মিল,O
,ন,O
,আছিলো,O
Sentence: 3390,ইতারা,O
,তিন,O
,বাই,O
,আছিলো,O
Sentence: 3391,কিন্তু,O
,তারার,O
,মাঝে,O
,মিল,O
,ন,O
,আছিলো,O
Sentence: 3392,তারার,O
,মাঝে,O
,মিল,O
,ন,O
,আছিলো,O
Sentence: 3393,মিল,O
,ন,O
,আছিলো,O
Sentence: 3394,মিল,O
,আছিলো,O
Sentence: 3395,ইতারা,O
,তিন,O
,বাই,O
,আছিলো,O
,কিন্তু,O
,তারার,O
,মাঝে,O
,মিল,O
,আছিলো,O
Sentence: 3396,অনে,O
,আর,O
,লাই,O
,এন,O
,গরি,O
,হতা,O
,হতে,O
,ন,O
,ফারেন,O
Sentence: 3397,আর,O
,লাই,O
,এন,O
,গরি,O
,হতা,O
,হতে,O
,ন,O
,ফারেন,O
Sentence: 3398,এন,O
,গরি,O
,হতা,O
,হতে,O
,ন,O
,ফারেন,O
Sentence: 3399,হতা,O
,হতে,O
,ন,O
,ফারেন,O
Sentence: 3400,অনে,O
,এন,O
,গরি,O
,হতা,O
,হতে,O
,ন,O
,ফারেন,O
Sentence: 3401,অনে,O
,হতা,O
,হতে,O
,ন,O
,ফারেন,O
Sentence: 3402,আইজ,O
,হতো,O
,তারিখ,O
Sentence: 3403,হতো,O
,তারিখ,O
Sentence: 3404,বেগ,O
,গুন,O
,কেন,O
,আছ,O
Sentence: 3405,আজিয়া,O
,দুইরগা,O
,আরার,O
,দাওত,O
,আছে,O
Sentence: 3406,দুইরগা,O
,আরার,O
,দাওত,O
,আছে,O
Sentence: 3407,আরার,O
,দাওত,O
,আছে,O
Sentence: 3408,দাওত,O
,আছে,O
Sentence: 3409,ঘড়িত,B-OBJ
,হতা,O
,বাজের,O
Sentence: 3410,হতা,O
,বাজের,O
Sentence: 3411,আজিয়া,O
,আর,O
,জন্মদিন,O
Sentence: 3412,আর,O
,জন্মদিন,O
Sentence: 3413,আজিয়া,O
,জন্মদিন,O
Sentence: 3414,ইতে,O
,আরে,O
,ওগগা,O
,উফার,B-OBJ
,দিয়ে,O
Sentence: 3415,আরে,O
,ওগগা,O
,উফার,B-OBJ
,দিয়ে,O
Sentence: 3416,ওগগা,O
,উফার,B-OBJ
,দিয়ে,O
Sentence: 3417,উফার,B-OBJ
,দিয়ে,O
Sentence: 3418,ইতে,O
,বোত,O
,বেলা,O
,গরি,O
,ঘুম,O
,যায়,O
Sentence: 3419,বোত,O
,বেলা,O
,গরি,O
,ঘুম,O
,যায়,O
Sentence: 3420,বেলা,O
,গরি,O
,ঘুম,O
,যায়,O
Sentence: 3421,এহন,O
,তুই,O
,গান,O
,গাইত,O
,ন,O
,ফারিবা,O
Sentence: 3422,তুই,O
,গান,O
,গাইত,O
,ন,O
,ফারিবা,O
Sentence: 3423,গান,O
,গাইত,O
,ন,O
,ফারিবা,O
Sentence: 3424,গাইত,O
,ন,O
,ফারিবা,O
Sentence: 3425,অনে,O
,বহুত,O
,ভালা,O
,মানুষ,O
Sentence: 3426,বহুত,O
,ভালা,O
,মানুষ,O
Sentence: 3427,ভালা,O
,মানুষ,O
Sentence: 3428,অনে,O
,ভালা,O
,মানুষ,O
Sentence: 3429,আরা,O
,ঢাহা,B-LOC
,তাকি,O
Sentence: 3430,ঢাহা,B-LOC
,তাকি,O
Sentence: 3431,আই,O
,ঢাহার,B-LOC
,মিরফুর,B-LOC
,তাকি,O
Sentence: 3432,ঢাহার,B-LOC
,মিরফুর,B-LOC
,তাকি,O
Sentence: 3433,মিরফুর,B-LOC
,তাকি,O
Sentence: 3434,আই,O
,মিরফুর,B-LOC
,তাকি,O
Sentence: 3435,আই,O
,ইবার,O
,চোখোর,O
,মায়াত,O
,ফরিগি,O
Sentence: 3436,ইবার,O
,চোখোর,O
,মায়াত,O
,ফরিগি,O
Sentence: 3437,চোখোর,O
,মায়াত,O
,ফরিগি,O
Sentence: 3438,মায়াত,O
,ফরিগি,O
Sentence: 3439,আই,O
,চোখোর,O
,মায়াত,O
,ফরিগি,O
Sentence: 3440,আই,O
,মায়াত,O
,ফরিগি,O
Sentence: 3441,ইবার,O
,হাসি,O
,বহুত,O
,সুন্দর,O
Sentence: 3442,হাসি,O
,বহুত,O
,সুন্দর,O
Sentence: 3443,ইবা,O
,ইবার,O
,ফরিবার,O
,ওরে,O
,বালোবাসে,O
Sentence: 3444,ইবার,O
,ফরিবার,O
,ওরে,O
,বালোবাসে,O
Sentence: 3445,ফরিবার,O
,ওরে,O
,বালোবাসে,O
Sentence: 3446,ইবা,O
,ফরিবার,O
,ওরে,O
,বালোবাসে,O
Sentence: 3447,এবার,O
,লাই,O
,আই,O
,বেগগিন,O
,গরিত,O
,ফারি,O
Sentence: 3448,আই,O
,বেগগিন,O
,গরিত,O
,ফারি,O
Sentence: 3449,বেগগিন,O
,গরিত,O
,ফারি,O
Sentence: 3450,এবার,O
,লাই,O
,বেগগিন,O
,গরিত,O
,ফারি,O
Sentence: 3451,আই,O
,ইবারে,O
,বালোবাসি,O
Sentence: 3452,ইবারে,O
,বালোবাসি,O
Sentence: 3453,ইবার,O
,চুললিন,O
,বহুত,O
,লম্বা,O
Sentence: 3454,ইতে,O
,হন,O
Sentence: 3455,ইবা,O
,হন,O
Sentence: 3456,অনে,O
,হন,O
Sentence: 3457,অনে,O
,আঁর,O
,ওঁয়ারে,O
,যাইবেন,O
,না,O
Sentence: 3458,অনে,O
,বদ্দার,O
,বক্ত,O
Sentence: 3459,তুঁই,O
,হডে,O
Sentence: 3460,তোঁয়ার,O
,নাম,O
,কি,O
,সামি,O
Sentence: 3461,চ্যাঁই,O
,ক্যান,O
,যেন,O
,ল্যার,O
Sentence: 3462,গম,O
,গরে,O
,কাম,O
,হইয়্যে,O
Sentence: 3463,বেজ্ঞুনের,O
,বউ,B-REL
,সুন্দর,O
,অ্যাঁর,O
,বউ,B-REL
,হালা,O
Sentence: 3464,সামসু,B-PER
,মিয়া,I-PER
,আরতুন,O
,ছোড,O
Sentence: 3465,যনঅর,O
,সমত,O
,হডে,O
,গেইয়্যুস,O
,তুঁই,O
Sentence: 3466,গম,O
,ন,O
,ল্যার,O
Sentence: 3467,হানত,O
,হথা,O
,যায়,O
,তুঁর,O
Sentence: 3468,ডর,O
,ফাইয়্যি,O
,অ্যাঁই,O
Sentence: 3469,গরুর,B-ANI
,বাধান,O
,দরহার,O
,নাই,O
Sentence: 3470,অ্যাঁই,O
,বাপেরে,O
,চিনি,O
Sentence: 3471,বাপেরে,O
,হইলাম,O
,অ্যাঁরে,O
,বিয়া,O
,ন,O
,গরাবা,O
Sentence: 3472,অ্যাঁই,O
,তোঁয়ার,O
,লাই,O
,কি,O
,আইন্নুম,O
Sentence: 3473,মনত,O
,থাইব,O
,তোঁয়ার,O
,হথা,O
Sentence: 3474,অ্যাঁরার,O
,বাড়িত,O
,কিল্লাই,O
Sentence: 3475,কি,O
,হানা,O
,এগিন,O
Sentence: 3476,এডে,O
,মানুষ,O
,মরে,O
Sentence: 3477,তুঁই,O
,রঙ,B-ROLE
,মিস্তিরি,I-ROLE
Sentence: 3478,নফাইজ,O
,জুম,O
Sentence: 3479,নগৈজ্,O
,জুম,O
Sentence: 3480,নফঐজ্,O
,জুম,O
Sentence: 3481,নযাইয়ুম,O